Price,Volume,Side
86713.894660,0.028773,bid
86712.906640,0.000000,bid
86706.709060,0.115101,bid
86723.435540,0.172618,offer
86728.305780,0.090618,offer
86728.315760,0.172608,offer
86729.712960,0.172605,offer
86731.070240,0.496273,offer
86733.954460,0.575323,offer
86742.138060,0.114814,offer
86743.335660,0.000000,offer
86746.868580,1.150474,offer
86762.347560,0.356345,offer
86762.357540,0.000000,offer
86825.850300,0.397690,offer
86825.860280,0.000000,offer
86719.343740,0.000000,bid
86719.333760,0.000119,bid
86708.595280,0.010507,bid
86728.305780,0.194182,offer
86719.154120,0.758468,bid
86713.904640,0.017264,bid
86708.595280,0.000000,bid
86707.946580,0.010507,bid
86733.944480,0.007446,offer
86735.351660,0.000000,offer
86742.138060,0.000000,offer
86745.990340,1.608202,offer
86779.084020,0.287012,offer
86824.183640,0.346759,offer
86824.213580,0.625658,offer
86824.243520,0.000000,offer
86695.741040,0.943203,bid
86666.988660,0.763544,bid
86632.707360,0.746998,bid
86620.292240,0.000000,bid
86611.439980,0.000000,bid
86602.956980,0.526026,bid
86728.295800,0.001368,offer
86733.944480,0.000000,offer
86735.351660,0.079645,offer
86740.790760,0.148142,offer
86762.337580,0.356345,offer
86762.347560,0.000000,offer
86824.183640,0.972418,offer
86824.213580,0.000000,offer
86825.840320,0.397690,offer
86825.850300,0.000000,offer
86828.225540,0.000000,offer
86713.904640,0.000000,bid
86713.894660,0.000000,bid
86712.846760,0.028773,bid
86686.978600,0.000000,bid
86686.968620,0.000000,bid
86656.629420,0.000000,bid
83687.539500,0.014310,bid
75882.231400,0.000000,bid
86728.295800,0.000000,offer
86731.060260,0.005618,offer
86745.990340,1.043914,offer
86746.000320,0.000000,offer
86773.954300,0.723739,offer
86776.359480,0.000000,offer
86719.333760,0.000000,bid
86719.323780,0.000000,bid
86719.164100,0.000119,bid
86728.295800,0.003740,offer
86731.060260,0.000000,offer
86824.153700,0.625659,offer
86824.183640,0.346759,offer
86712.846760,0.000000,bid
86712.717020,0.028773,bid
86712.717020,0.000000,bid
86712.247960,0.139878,bid
86711.020420,0.000000,bid
86705.351780,0.000000,bid
86686.759040,0.893043,bid
86656.419840,1.565304,bid
86747.497320,0.898498,offer
86777.866460,1.618126,offer
86825.830340,0.397690,offer
86825.840320,0.000000,offer
86711.030400,0.028774,bid
86704.852780,0.115103,bid
86704.383720,0.717353,bid
86702.796900,0.575529,bid
86824.143720,0.625659,offer
86824.153700,0.000000,offer
86712.247960,0.208715,bid
86712.068320,0.028773,bid
86711.030400,0.000000,bid
86710.331800,0.115096,bid
86704.852780,0.000000,bid
86762.327600,0.356345,offer
86762.337580,0.000000,offer
86536.779600,0.000000,bid
86824.113780,0.639956,offer
86824.143720,0.000000,offer
86713.415620,0.017264,bid
86713.405640,0.028773,bid
86712.108240,0.115093,bid
86712.068320,0.000000,bid
86707.936600,0.418501,bid
86706.709060,0.000000,bid
86704.383720,0.425183,bid
86702.796900,0.000000,bid
86825.820360,0.397690,offer
86825.830340,0.000000,offer
87026.847500,0.000000,offer
86710.331800,0.000000,bid
86707.936600,0.604399,bid
86706.988500,0.115100,bid
82806.225660,0.019284,bid
86810.700660,0.662892,offer
86824.103800,0.639956,offer
86824.113780,0.000000,offer
86824.193620,0.000000,offer
86998.673960,8.274000,offer
86710.291880,0.268581,bid
86706.988500,0.000000,bid
86667.327980,0.143847,bid
86660.202260,1.508173,bid
86656.819040,0.000000,bid
86762.317620,0.356345,offer
86762.327600,0.000000,offer
86710.291880,0.153485,bid
86713.415620,0.000000,bid
86713.405640,0.000000,bid
86712.247960,0.208715,bid
86712.108240,0.000000,bid
86712.048360,0.028773,bid
86710.311840,0.115096,bid
85828.000000,3.529689,bid
86824.073860,0.639956,offer
86824.103800,0.000000,offer
86713.206040,0.017264,bid
86713.196060,0.028773,bid
86712.048360,0.000000,bid
86707.936600,0.857407,bid
86705.621240,0.575511,bid
86667.327980,0.000000,bid
86663.236180,0.143852,bid
86824.063880,0.639956,offer
86824.073860,0.000000,offer
86825.810380,0.397691,offer
86825.820360,0.000000,offer
86745.990340,1.593052,offer
86773.954300,1.554280,offer
86722.547320,0.235576,bid
86686.769020,0.678260,bid
86656.429820,0.986970,bid
86656.110460,0.000000,bid
86620.292240,0.029387,bid
86762.307640,0.356345,offer
86762.317620,0.000000,offer
86707.257960,0.115100,bid
86735.361640,1.101542,offer
86738.894560,1.150580,offer
86745.990340,1.043914,offer
86746.868580,0.000000,offer
86810.690680,0.473850,offer
86824.043920,0.639956,offer
86824.063880,0.000000,offer
86722.547320,0.228052,bid
86711.818820,0.115094,bid
86708.585300,0.000000,bid
75882.231400,0.006541,bid
86824.033940,0.639956,offer
86824.043920,0.000000,offer
86824.183640,0.000000,offer
84249.243840,0.000000,bid
84185.910760,0.000000,bid
83677.928760,0.000000,bid
86824.023960,0.639956,offer
86824.033940,0.000000,offer
86825.800400,0.397691,offer
86825.810380,0.000000,offer
86722.547320,0.123687,bid
86666.988660,0.000000,bid
86666.978680,0.000000,bid
86666.170300,0.000000,bid
86664.713220,0.000000,bid
86663.345960,0.817827,bid
86663.016620,0.375148,bid
86661.160340,0.555218,bid
86760.591080,0.356352,offer
86762.058140,0.033924,offer
86762.307640,0.000000,offer
86777.397400,0.280589,offer
86779.084020,0.000000,offer
86779.094000,0.000000,offer
86822.267480,0.639969,offer
86824.023960,0.000000,offer
86824.093820,0.397698,offer
86825.800400,0.000000,offer
86722.547320,0.129973,bid
86665.032580,0.817811,bid
86664.763120,0.375141,bid
86663.345960,0.000000,bid
86663.016620,0.000000,bid
86662.856940,0.555207,bid
86661.160340,0.000000,bid
86622.398020,0.000000,bid
86602.956980,0.000000,bid
86591.819300,0.237518,bid
86536.779600,1.898891,bid
86723.425560,0.000000,offer
86728.295800,0.000000,offer
86731.060260,0.007089,offer
86738.884580,0.114814,offer
86740.790760,0.033328,offer
86690.341860,0.197628,bid
86665.361920,1.554114,bid
86760.581100,0.275728,offer
86783.285600,0.168669,offer
86664.783080,0.375141,bid
86664.763120,0.000000,bid
86663.236180,0.000000,bid
86660.741180,0.143856,bid
75882.231400,0.000000,bid
86728.295800,0.003375,offer
86731.060260,0.000000,offer
87863.910020,0.543146,offer
86664.793060,0.363410,bid
86664.783080,0.000000,bid
83861.870140,0.000000,bid
83726.301820,0.000000,bid
83080.785440,0.000000,bid
82726.455520,0.000000,bid
86713.206040,0.000000,bid
86713.196060,0.000000,bid
86711.918620,0.028773,bid
86711.818820,0.000000,bid
86705.770940,0.115102,bid
86665.461720,0.817807,bid
86665.361920,0.000000,bid
86665.032580,0.000000,bid
86663.286080,0.555205,bid
86662.856940,0.000000,bid
86722.557300,0.143115,offer
86723.425560,0.103571,offer
86723.864680,0.062000,offer
86728.295800,0.000000,offer
86731.060260,0.007223,offer
86760.581100,0.000000,offer
86760.591080,0.000000,offer
86762.706840,0.379143,offer
86664.832980,0.363410,bid
86664.793060,0.000000,bid
86166.781080,0.002877,bid
86165.902840,0.000000,bid
86762.267720,0.379145,offer
86762.706840,0.000000,offer
84208.964560,0.011851,bid
83705.553400,0.014307,bid
86686.769020,0.000000,bid
86686.759040,0.000000,bid
86664.842960,0.363410,bid
86664.832980,0.000000,bid
86656.429820,0.000000,bid
86656.419840,0.000000,bid
86722.557300,0.131523,offer
86745.990340,0.000000,offer
86747.497320,0.000000,offer
86762.257740,0.379145,offer
86762.267720,0.000000,offer
86773.954300,0.723739,offer
86777.866460,0.000000,offer
86688.026500,0.885861,bid
86664.872900,0.363410,bid
86664.842960,0.000000,bid
86657.687300,1.588093,bid
86745.940440,0.913756,offer
86776.299600,1.687405,offer
87579.240500,0.000000,offer
86722.547320,0.129947,bid
86664.882880,0.363410,bid
86664.872900,0.000000,bid
84266.469320,0.011843,bid
86762.247760,0.379145,offer
86762.257740,0.000000,offer
86690.341860,0.704442,bid
86664.912820,0.363410,bid
86664.882880,0.000000,bid
86660.202260,2.547910,bid
86620.292240,1.237766,bid
75882.231400,0.006541,bid
86745.930460,1.042412,offer
86773.954300,1.764201,offer
86664.922800,0.363410,bid
86664.912820,0.000000,bid
83542.939280,0.000000,bid
82318.652760,0.000000,bid
86762.237780,0.379145,offer
86762.247760,0.000000,offer
86712.936580,0.028773,bid
86711.918620,0.000000,bid
86708.954560,0.115098,bid
86705.770940,0.000000,bid
86711.978500,0.115094,bid
86708.954560,0.000000,bid
86664.962720,0.363409,bid
86664.922800,0.000000,bid
86762.227800,0.379145,offer
86762.237780,0.000000,offer
86722.547320,0.132607,bid
86664.992660,0.363409,bid
86664.962720,0.000000,bid
86665.002640,0.363409,bid
86664.992660,0.000000,bid
86722.557300,0.129235,offer
86762.217820,0.379145,offer
86762.227800,0.000000,offer
86665.022600,0.363409,bid
86665.002640,0.000000,bid
83268.629000,0.016779,bid
83687.539500,0.000000,bid
86665.042560,0.363409,bid
86665.022600,0.000000,bid
83708.986520,0.014307,bid
75882.231400,0.000000,bid
87744.150020,0.000852,offer
82806.225660,0.000000,bid
86684.413740,0.138972,bid
86665.052540,0.363409,bid
86665.042560,0.000000,bid
86652.328040,0.428517,bid
86622.398020,0.506519,bid
86620.292240,0.029387,bid
86591.819300,0.205293,bid
86762.058140,0.271350,offer
86762.207840,0.379145,offer
86762.217820,0.000000,offer
86821.000020,0.000000,offer
86665.082480,0.363409,bid
86665.052540,0.000000,bid
83746.970400,0.014300,bid
82754.010300,0.019296,bid
86665.142360,0.363409,bid
86665.082480,0.000000,bid
86723.425560,0.000000,offer
86762.187880,0.379145,offer
86762.207840,0.000000,offer
86665.182280,0.363409,bid
86665.142360,0.000000,bid
75882.231400,0.006541,bid
86723.425560,0.140771,offer
86731.060260,0.000000,offer
86733.944480,0.006569,offer
86737.906540,0.114814,offer
86738.884580,0.000000,offer
86762.177900,0.379145,offer
86762.187880,0.000000,offer
86690.341860,0.197628,bid
86688.026500,0.000000,bid
86665.361920,0.970075,bid
86660.202260,1.508173,bid
86657.687300,0.000000,bid
86591.819300,0.000000,bid
86504.294700,0.000000,bid
86745.940440,0.000000,offer
86754.643000,0.118647,offer
86773.954300,0.723739,offer
86776.299600,0.000000,offer
86780.581020,0.118661,offer
86810.690680,0.000000,offer
86745.930460,0.000000,offer
86694.303920,0.000000,bid
86682.587400,0.149155,bid
86665.202240,0.363408,bid
86665.182280,0.000000,bid
86762.167920,0.379145,offer
86762.177900,0.000000,offer
87744.150020,0.000000,offer
86690.341860,0.700011,bid
86688.026500,0.878477,bid
86665.222200,0.363408,bid
86665.202240,0.000000,bid
86657.687300,1.625099,bid
86747.407500,0.890843,offer
86777.766660,1.603143,offer
86722.547320,0.132637,bid
86665.242160,0.363408,bid
86665.222200,0.000000,bid
83880.822160,0.013088,bid
83104.897120,0.016812,bid
86723.415580,0.155880,bid
86722.547320,0.242897,bid
86695.271980,0.303255,bid
86677.208180,0.000000,bid
86722.557300,0.000000,offer
86723.425560,0.000000,offer
86723.435540,0.000000,offer
86723.864680,0.040781,offer
86728.305780,0.000000,offer
86731.070240,0.000000,offer
86735.361640,0.000000,offer
86735.371620,0.000000,offer
86762.068120,0.000000,offer
86762.157940,0.379145,offer
86762.167920,0.000000,offer
86733.565240,0.005561,bid
86733.525320,0.079645,bid
86728.435520,0.002894,bid
86728.425540,0.013097,bid
86728.315760,0.050900,bid
86728.305780,0.079645,bid
86724.034340,0.003453,bid
86724.024360,0.272134,bid
86724.014380,0.095000,bid
86723.914580,0.040000,bid
86723.904600,0.000000,bid
86723.864680,0.015349,bid
86723.854700,0.000000,bid
86723.435540,0.010507,bid
86723.425560,0.085829,bid
86723.415580,0.000000,bid
86722.826760,0.118100,bid
86722.557300,0.000000,bid
86722.547320,0.087438,bid
86719.214000,0.000119,bid
86719.204020,0.023013,bid
86719.174080,0.000000,bid
86719.164100,0.000000,bid
86713.854740,0.000000,bid
86713.844760,0.000000,bid
86712.936580,0.000000,bid
86712.357740,0.000000,bid
86712.247960,0.139878,bid
86711.978500,0.000000,bid
86710.311840,0.000000,bid
86708.365740,1.150985,bid
86708.086300,0.000000,bid
86707.946580,0.228326,bid
86707.936600,0.587651,bid
86707.257960,0.000000,bid
86705.631220,0.000000,bid
86705.621240,0.000000,bid
86705.361760,0.000000,bid
86704.483520,0.000000,bid
86697.038440,0.000000,bid
86695.741040,0.233715,bid
86694.493540,0.005754,bid
86694.333860,0.000000,bid
86693.784960,0.000000,bid
86693.186160,0.000000,bid
86692.906720,0.000000,bid
86688.645260,2.878116,bid
86687.577400,0.000000,bid
86687.377800,0.000000,bid
86687.038480,0.023448,bid
86685.781000,0.000000,bid
86684.433700,0.000000,bid
86679.862860,0.000000,bid
86679.852880,0.000000,bid
86671.978660,0.000000,bid
86671.968680,0.000000,bid
86668.994640,2.878769,bid
86667.826980,0.817785,bid
86667.327980,0.143842,bid
86665.711220,0.555189,bid
86665.461720,0.000000,bid
86665.361920,0.000000,bid
86665.272100,0.363408,bid
86665.242160,0.000000,bid
86663.286080,0.000000,bid
86660.741180,0.000000,bid
86660.202260,0.000000,bid
86659.174320,0.023552,bid
86658.535600,0.000000,bid
86647.278160,0.000000,bid
86647.268180,0.000000,bid
86633.805160,0.754182,bid
86633.795180,1.217984,bid
86632.707360,0.000000,bid
86632.258260,0.000000,bid
86628.914960,0.000000,bid
86609.613640,0.000000,bid
86166.781080,0.000000,bid
86723.864680,0.000000,offer
86728.315760,0.000000,offer
86729.712960,0.000000,offer
86731.060260,0.000000,offer
86731.319740,0.000000,offer
86733.704960,0.000000,offer
86733.944480,0.000000,offer
86733.954460,0.000000,offer
86734.164040,0.000000,offer
86735.351660,0.000000,offer
86737.357640,0.000000,offer
86737.906540,0.000000,offer
86737.916520,0.000000,offer
86738.894560,0.000000,offer
86739.183980,0.000000,offer
86739.872600,0.000000,offer
86740.142060,0.036295,offer
86740.790760,0.000000,offer
86740.820700,0.000000,offer
86742.347640,0.000000,offer
86742.387560,0.000000,offer
86743.345640,0.000000,offer
86743.435460,0.000000,offer
86743.445440,0.000000,offer
86743.455420,0.000000,offer
86746.100120,0.000000,offer
86747.407500,0.000000,offer
86748.674960,0.100000,offer
86748.714880,0.000000,offer
86748.734840,0.000000,offer
86748.744820,0.000000,offer
86748.904500,0.172567,offer
86749.313680,0.000000,offer
86754.633020,0.009994,offer
86756.908460,0.000000,offer
86757.068140,0.007489,offer
86758.694880,0.000000,offer
86759.642980,0.114814,offer
86762.048160,0.000000,offer
86768.435360,0.000166,offer
86770.980260,0.000000,offer
86772.696820,0.000000,offer
86772.706800,0.000000,offer
86773.774660,0.022286,offer
86777.397400,0.000000,offer
86777.766660,0.000000,offer
86782.008160,0.280574,offer
86782.088000,0.000000,offer
86784.882400,0.043699,offer
86791.878380,0.000000,offer
86791.888360,0.000000,offer
86798.624860,0.031629,offer
86800.391320,2.874411,offer
86806.728620,0.000000,offer
86822.267480,0.000000,offer
86824.093820,0.000000,offer
86827.646700,0.639929,offer
86829.223540,0.397675,offer
86739.812720,0.030000,bid
86738.734880,0.079645,bid
86733.595180,0.002618,bid
86733.585200,0.003491,bid
86733.575220,0.000723,bid
86733.565240,0.000000,bid
86733.535300,0.047787,bid
86729.134120,0.003453,bid
86729.124140,0.000000,bid
86728.435520,0.000000,bid
86728.315760,0.047787,bid
86728.305780,0.079675,bid
86724.513380,0.000119,bid
86724.503400,0.115077,bid
86724.044320,0.000000,bid
86724.034340,0.000000,bid
86723.425560,0.000000,bid
86719.214000,0.000000,bid
86711.329800,0.160790,bid
86709.094280,0.030979,bid
86707.946580,0.000000,bid
86707.936600,0.000000,bid
86706.978520,0.037362,bid
86706.828820,0.000000,bid
86705.242000,0.005754,bid
86694.493540,0.000000,bid
86691.509520,0.005754,bid
86679.872840,0.143827,bid
86667.327980,0.000000,bid
86660.731200,0.000000,bid
86647.866980,0.040273,bid
86628.924940,0.088603,bid
86626.409980,0.000000,bid
86623.735340,0.092054,bid
86536.779600,0.000000,bid
86249.565180,0.050000,bid
86181.551480,0.002877,bid
86739.822700,0.000000,offer
86740.142060,0.000000,offer
86742.068200,0.000000,offer
86742.148040,0.000000,offer
86744.822680,0.000000,offer
86745.591140,0.095000,offer
86748.674960,0.000000,offer
86748.904500,0.000000,offer
86752.467360,0.033328,offer
86754.633020,0.000000,offer
86754.643000,0.000000,offer
86754.652980,0.000000,offer
86759.633000,0.009994,offer
86759.642980,0.000000,offer
86759.862540,0.582140,offer
86760.750760,0.000000,offer
86764.263720,0.000000,offer
86768.425380,0.040273,offer
86768.435360,0.000000,offer
86772.686840,0.000000,offer
86772.796620,0.023632,offer
86777.756680,0.000166,offer
86787.437280,0.000000,offer
86787.447260,0.000000,offer
86790.022100,2.874754,offer
86798.624860,0.000000,offer
86800.391320,0.000000,offer
86809.882300,0.031629,offer
86817.137760,0.000000,offer
86821.000020,0.042488,offer
86825.990020,0.092054,offer
86741.489360,0.029430,bid
86739.812720,0.000000,bid
86733.605160,0.000119,bid
86732.806760,0.118100,bid
86729.134120,0.000000,bid
86728.435520,0.000000,bid
86727.487420,0.115073,bid
86725.162080,0.000000,bid
86725.152100,0.522713,bid
86724.513380,0.000000,bid
86724.503400,0.000000,bid
86723.435540,0.000000,bid
86722.836740,0.010507,bid
86709.034400,0.120000,bid
86707.926620,0.000000,bid
86707.756960,0.140000,bid
86684.703160,0.817626,bid
86683.854860,0.363330,bid
86682.437700,0.555082,bid
86667.826980,0.000000,bid
86665.711220,0.000000,bid
86665.272100,0.000000,bid
86649.952800,1.217757,bid
86638.156440,0.227918,bid
86637.427900,0.000000,bid
86633.805160,0.000000,bid
86633.795180,0.000000,bid
75882.231400,0.000000,bid
86745.591140,0.000000,offer
86746.579160,0.319200,offer
86746.589140,0.000000,offer
86747.497320,0.095000,offer
86749.832640,0.048276,offer
86749.842620,0.080000,offer
86752.457380,0.163500,offer
86753.854580,0.140000,offer
86755.960360,0.000000,offer
86759.842580,0.079645,offer
86759.852560,0.363414,offer
86762.058140,0.000000,offer
86762.157940,0.000000,offer
86782.008160,0.000000,offer
86782.018140,0.379059,offer
86798.724660,0.280520,offer
86827.646700,0.000000,offer
86828.225540,3.863183,offer
86828.235520,5.746979,offer
86829.223540,0.000000,offer
86844.063800,0.639808,offer
86845.530860,0.397600,offer
86741.489360,0.029460,bid
86738.734880,0.000000,bid
86733.615140,0.000000,bid
86733.605160,0.000119,bid
86732.816740,0.003453,bid
86728.435520,0.004061,bid
86728.305780,0.079645,bid
86724.034340,0.000000,bid
86722.547320,0.081152,bid
86717.856720,0.000000,bid
86717.038360,0.207813,bid
86712.537380,0.034535,bid
86706.978520,0.000000,bid
86704.383720,0.000000,bid
86702.058380,0.000000,bid
86595.731460,0.000000,bid
86170.314000,0.050000,bid
86742.297740,0.020721,offer
86742.307720,0.034535,offer
86746.569180,0.000000,offer
86746.579160,0.000000,offer
86747.497320,0.000000,offer
86747.557200,0.000000,offer
86749.832640,0.000000,offer
86749.842620,0.000000,offer
86751.419460,0.057000,offer
86751.429440,0.095000,offer
86751.559180,0.036295,offer
86752.447400,0.006677,offer
86754.732820,0.040000,offer
86759.623020,0.000000,offer
86759.633000,0.000000,offer
86769.094040,0.233514,offer
86799.373360,0.426000,offer
86821.000020,0.000000,offer
86822.776460,0.000000,offer
86824.083840,0.042488,offer
86729.553280,0.028768,bid
86725.162080,0.228326,bid
86719.204020,0.000000,bid
86684.703160,0.000000,bid
86683.854860,0.000000,bid
86682.437700,0.000000,bid
86680.531520,0.817665,bid
86679.214160,0.363350,bid
86678.156280,0.555109,bid
86649.952800,0.000000,bid
86645.481760,1.217819,bid
86742.297740,0.000000,offer
86742.317700,0.172580,offer
86748.485340,0.182594,offer
86748.495320,0.172568,offer
86751.409480,0.008772,offer
86751.419460,0.000000,offer
86751.559180,0.000000,offer
86752.447400,0.000000,offer
86752.457380,0.226206,offer
86753.844600,0.079645,offer
86759.832600,0.114814,offer
86761.968320,0.585867,offer
86761.978300,0.056519,offer
86762.187880,0.926976,offer
86772.796620,0.000000,offer
86776.040120,0.285093,offer
86777.756680,0.000000,offer
86777.876440,0.379077,offer
86781.060060,0.023632,offer
86782.018140,0.000000,offer
86783.275620,0.000166,offer
86792.557020,1.655504,offer
86794.503120,0.280534,offer
86798.724660,0.000000,offer
86824.083840,0.000000,offer
86829.722540,0.042488,offer
86840.261420,0.639837,offer
86841.429080,0.397619,offer
86844.063800,0.000000,offer
86845.530860,0.000000,offer
86733.535300,0.114746,bid
86728.315760,0.110858,bid
86725.182040,0.228326,bid
86725.172060,0.666689,bid
86725.162080,0.000000,bid
86724.024360,0.000000,bid
86717.048340,0.147105,bid
86715.411620,0.037362,bid
86712.687080,0.000017,bid
86750.740820,0.080000,offer
86731.219940,0.028767,bid
86729.553280,0.000000,bid
86729.523340,0.196168,bid
86729.513360,0.115070,bid
86728.315760,0.000000,bid
86715.411620,0.000000,bid
86708.365740,0.000000,bid
86681.808960,0.817653,bid
86680.531520,0.000000,bid
86679.433720,0.555101,bid
86679.224140,0.363350,bid
86679.214160,0.000000,bid
86678.156280,0.000000,bid
86646.759200,1.217801,bid
86645.481760,0.000000,bid
86258.706860,0.050000,bid
84266.469320,0.000000,bid
84208.964560,0.000000,bid
83705.553400,0.000000,bid
75898.808180,0.006541,bid
86742.307720,0.000000,offer
86742.317700,0.000000,offer
86744.862600,0.103545,offer
86744.872580,0.172575,offer
86748.485340,0.199430,offer
86748.495320,0.000000,offer
86750.371560,0.172564,offer
86750.730840,0.007389,offer
86750.740820,0.000000,offer
86751.409480,0.000000,offer
86777.866460,0.379077,offer
86777.876440,0.000000,offer
86840.241460,0.639837,offer
86840.261420,0.000000,offer
86841.419100,0.397619,offer
86841.429080,0.000000,offer
86733.645080,0.000119,bid
86733.635100,0.017258,bid
86733.625120,0.000000,bid
86733.615140,0.000000,bid
86733.605160,0.000000,bid
86731.768840,0.028767,bid
86731.219940,0.000000,bid
86729.523340,0.127126,bid
86729.513360,0.000000,bid
86681.818940,1.324908,bid
86662.417820,0.043761,bid
86656.110460,0.047787,bid
86650.591520,0.000000,bid
86605.122640,0.000000,bid
86605.112660,0.000000,bid
86744.862600,0.000000,offer
86744.872580,0.000000,offer
86748.285740,0.000000,offer
86748.485340,0.157532,offer
86750.371560,0.000000,offer
86750.730840,0.000000,offer
86751.419460,0.009132,offer
86752.028240,0.172561,offer
86765.431380,0.338457,offer
86767.607020,0.036295,offer
86790.022100,0.000000,offer
86792.547040,1.161623,offer
86794.503120,0.000000,offer
86797.497120,0.280524,offer
86861.957940,4.301463,offer
86733.685000,0.000000,bid
86733.675020,0.000000,bid
86733.665040,0.000000,bid
86733.655060,0.000000,bid
86733.645080,0.000000,bid
86733.635100,0.000000,bid
86733.605160,0.000119,bid
86731.768840,0.000000,bid
86723.495420,0.115078,bid
86682.327920,0.363337,bid
86679.224140,0.000000,bid
86249.565180,0.000000,bid
86741.499340,0.172768,offer
86748.455400,0.269832,offer
86748.465380,0.172568,offer
86748.485340,0.000000,offer
86777.866460,0.000000,offer
86780.950280,0.379063,offer
86839.822300,0.639840,offer
86840.241460,0.000000,offer
86841.009920,0.397621,offer
86841.419100,0.000000,offer
86733.535300,0.047787,bid
86732.816740,0.000000,bid
86732.806760,0.000000,bid
86729.583220,0.003453,bid
86729.573240,0.028768,bid
86723.505400,0.010507,bid
86722.836740,0.000000,bid
86711.210040,1.150947,bid
86171.481660,0.050000,bid
86170.314000,0.000000,bid
86746.219880,0.050000,offer
86746.229860,0.103543,offer
86746.239840,0.172572,offer
86750.541220,0.080000,offer
86787.886380,0.036030,offer
86794.093940,0.280535,offer
86797.497120,0.000000,offer
86699.932640,0.000000,bid
86688.026500,0.000000,bid
86682.327920,0.000000,bid
86678.844900,0.363351,bid
86748.445420,0.079645,offer
86753.455380,0.148415,offer
86759.642980,0.114814,offer
86759.832600,0.000000,offer
86763.814620,0.147647,offer
86777.457280,0.379079,offer
86780.950280,0.000000,offer
86839.812320,0.639840,offer
86839.822300,0.000000,offer
86733.535300,0.112674,bid
86732.816740,0.003453,bid
86732.806760,0.118100,bid
86729.583220,0.000000,bid
86729.573240,0.000000,bid
86729.523340,0.058082,bid
86728.485420,0.028768,bid
86727.487420,0.000000,bid
86726.090220,0.115075,bid
86720.371680,0.575413,bid
86714.034380,1.150909,bid
83526.582060,0.015533,bid
82296.087980,0.021829,bid
86746.209900,0.001903,offer
86751.419460,0.000000,offer
86752.457380,0.563487,offer
86752.647000,0.575199,offer
86753.455380,0.000000,offer
86757.058160,0.000000,offer
86759.642980,0.114814,offer
86840.999940,0.397621,offer
86841.009920,0.000000,offer
86733.535300,0.047787,bid
86732.816740,0.000000,bid
86732.806760,0.000000,bid
86729.533320,0.003453,bid
86723.495420,0.000000,bid
86657.687300,0.000000,bid
86656.020640,7.580000,bid
86741.489360,0.051385,bid
86733.605160,0.000119,bid
86733.535300,0.112674,bid
86732.816740,0.003453,bid
86732.806760,0.118100,bid
86729.782820,0.028768,bid
86729.533320,0.000000,bid
86729.523340,0.119865,bid
86728.485420,0.000000,bid
86728.076240,0.115072,bid
86723.505400,0.000000,bid
86722.836740,0.010507,bid
86682.477620,0.817647,bid
86681.818940,0.000000,bid
86681.808960,0.000000,bid
86680.112360,0.530488,bid
86679.433720,0.000000,bid
86678.864860,0.363351,bid
86678.844900,0.000000,bid
86647.467780,1.217792,bid
86646.759200,0.000000,bid
86605.112660,0.000000,bid
86741.499340,0.000186,offer
86744.203920,0.134688,offer
86744.213900,0.172576,offer
86746.199920,0.000000,offer
86746.209900,0.000000,offer
86746.229860,0.000000,offer
86746.239840,0.000000,offer
86746.629060,0.029460,offer
86748.435440,0.007094,offer
86750.541220,0.000000,offer
86752.457380,0.321903,offer
86752.647000,0.000000,offer
86753.325640,0.172558,offer
86757.058160,0.114814,offer
86759.642980,0.000000,offer
86777.457280,0.000000,offer
86779.812560,0.379068,offer
86831.988000,0.573535,offer
86839.792360,0.639840,offer
86839.812320,0.000000,offer
86744.183960,0.077676,offer
86744.193940,0.050000,offer
86744.203920,0.000000,offer
86744.213900,0.000000,offer
86750.531240,0.172564,offer
86753.325640,0.000000,offer
86754.652980,0.114814,offer
86757.058160,0.000000,offer
86726.090220,0.000000,bid
86724.832740,0.115077,bid
86723.146120,0.115079,bid
86680.232120,0.363345,bid
86678.864860,0.000000,bid
86171.481660,0.050000,bid
86741.499340,0.172893,offer
86744.183960,0.171510,offer
86746.219880,0.000000,offer
86746.239840,0.172572,offer
86750.541220,0.080000,offer
86752.028240,0.000000,offer
86753.076140,0.050000,offer
86754.652980,0.000000,offer
86757.058160,0.114814,offer
86757.617040,0.000000,offer
86757.627020,1.106614,offer
86757.637000,1.150331,offer
86759.642980,0.000000,offer
86759.852560,0.000000,offer
86777.447300,0.379079,offer
86779.812560,0.000000,offer
86839.762420,0.639840,offer
86839.792360,0.000000,offer
86840.989960,0.397621,offer
86840.999940,0.000000,offer
86729.782820,0.000000,bid
86728.535320,0.028768,bid
86701.689120,0.895834,bid
86671.339940,1.628360,bid
86545.971180,1.898497,bid
86746.629060,0.000000,offer
86754.652980,0.000000,offer
86757.058160,0.000000,offer
86757.068140,0.122303,offer
86744.183960,0.077676,offer
86744.193940,0.000000,offer
86839.752440,0.639840,offer
86839.762420,0.000000,offer
83268.629000,0.000000,bid
86729.523340,0.058082,bid
86728.076240,0.000000,bid
86726.359680,0.115075,bid
86700.232040,0.000000,bid
86697.826860,2.877811,bid
86761.968320,1.295622,offer
86762.617020,1.150265,offer
86772.257700,2.875343,offer
86777.437320,0.379079,offer
86777.447300,0.000000,offer
86815.201640,2.873921,offer
86839.732480,0.639840,offer
86839.752440,0.000000,offer
86840.979980,0.397621,offer
86840.989960,0.000000,offer
86733.535300,0.047787,bid
86732.816740,0.000000,bid
86732.806760,0.000000,bid
86729.533320,0.003453,bid
86729.523340,0.137127,bid
86741.499340,0.220893,offer
86829.722540,0.000000,offer
86834.073820,0.042488,offer
86733.605160,0.000000,bid
86733.535300,0.000000,bid
86733.525320,0.000000,bid
86729.543300,0.000125,bid
86723.156100,0.010507,bid
86722.836740,0.000000,bid
86682.477620,0.000000,bid
86680.232120,0.000000,bid
86680.112360,0.000000,bid
86678.106380,0.848362,bid
86676.928740,0.363359,bid
86675.761080,0.530514,bid
86744.183960,0.114554,offer
86746.908500,0.034533,offer
86775.391420,0.000166,offer
86782.088000,0.000024,offer
86783.275620,0.000000,offer
86792.077980,0.274614,offer
86794.093940,0.000000,offer
86837.706540,0.639855,offer
86838.964020,0.432592,offer
86839.732480,0.000000,offer
86840.979980,0.000000,offer
87760.118020,0.002500,offer
87863.910020,0.503228,offer
86716.170100,0.037362,bid
86638.166420,0.088598,bid
86628.924940,0.000000,bid
86751.509280,0.036295,offer
86767.607020,0.000000,offer
86775.431340,0.379087,offer
86777.437320,0.000000,offer
86839.612720,0.050000,offer
86712.537380,0.000000,bid
86728.535320,0.000000,bid
86726.359680,0.000000,bid
86724.832740,0.000000,bid
86720.371680,0.000000,bid
86676.948700,0.363359,bid
86676.928740,0.000000,bid
86741.499340,0.338993,offer
86751.509280,0.000000,offer
86752.457380,0.000000,offer
86752.647000,0.575199,offer
86775.421360,0.379088,offer
86775.431340,0.000000,offer
86793.834460,2.874628,offer
86837.676600,0.639856,offer
86837.706540,0.000000,offer
86838.954040,0.432592,offer
86838.964020,0.000000,offer
86733.595180,0.000000,bid
86733.585200,0.000000,bid
86733.575220,0.000000,bid
86729.573240,0.000000,bid
86729.563260,0.000000,bid
86729.553280,0.000125,bid
86729.543300,0.000000,bid
86729.523340,0.058082,bid
86724.742920,0.115077,bid
86717.876680,0.575429,bid
86675.771060,0.530514,bid
86675.761080,0.000000,bid
86605.112660,0.050000,bid
75898.808180,0.000000,bid
86752.457380,0.581525,offer
86754.652980,0.114814,offer
86757.068140,0.007489,offer
87759.569120,0.020378,offer
86729.593200,0.017259,bid
86729.583220,0.000125,bid
86729.573240,0.000000,bid
86729.563260,0.000000,bid
86729.553280,0.000000,bid
86729.543300,0.000000,bid
86729.523340,0.027556,bid
86728.445500,0.000000,bid
86728.305780,0.000000,bid
86727.357680,0.028768,bid
86697.836840,3.645609,bid
86696.269980,0.000000,bid
86656.110460,4.589814,bid
86647.467780,0.000000,bid
86642.088560,1.217867,bid
86620.292240,3.570434,bid
86605.112660,0.000000,bid
86591.819300,0.690432,bid
86756.599080,0.291434,offer
86772.247720,1.985778,offer
86791.000140,0.274618,offer
86792.077980,0.000000,offer
86815.191660,1.772150,offer
86828.225540,0.000000,offer
86844.153620,1.065532,offer
86861.957940,0.000000,offer
86741.489360,0.066048,bid
86729.673040,0.017258,bid
86729.663060,0.000000,bid
86729.653080,0.000000,bid
86729.643100,0.000000,bid
86729.633120,0.000000,bid
86729.623140,0.000000,bid
86729.613160,0.000000,bid
86729.603180,0.000000,bid
86729.593200,0.000000,bid
86729.583220,0.000000,bid
86729.553280,0.000000,bid
86729.543300,0.000125,bid
86729.523340,0.093156,bid
86726.219960,0.115075,bid
86724.742920,0.000000,bid
86723.864680,0.000000,bid
86681.749080,0.530478,bid
86678.126340,0.848362,bid
86678.106380,0.000000,bid
86676.998600,0.363359,bid
86676.948700,0.000000,bid
86675.771060,0.000000,bid
86605.112660,0.050000,bid
86258.706860,0.050000,bid
86171.481660,0.000000,bid
86774.872460,0.379090,offer
86775.421360,0.000000,offer
86837.117720,0.639860,offer
86837.676600,0.000000,offer
86838.405140,0.432595,offer
86838.954040,0.000000,offer
87762.443360,0.004712,offer
87863.910020,0.000000,offer
86729.702980,0.000000,bid
86729.693000,0.000000,bid
86729.683020,0.000000,bid
86729.673040,0.000000,bid
86729.573240,0.000125,bid
86729.563260,0.000000,bid
86729.543300,0.000000,bid
86728.425540,0.041865,bid
86727.357680,0.000000,bid
86724.483440,0.115077,bid
86723.156100,0.000000,bid
86723.146120,0.000000,bid
86719.164100,0.010507,bid
86717.876680,0.000000,bid
86649.154400,1.217768,bid
86642.088560,0.000000,bid
86258.706860,0.000000,bid
86741.499340,0.220893,offer
86751.559180,0.036295,offer
86791.000140,0.000000,offer
86798.065980,0.274595,offer
86729.573240,0.000000,bid
86729.543300,0.000125,bid
86684.074420,0.848304,bid
86682.956660,0.363334,bid
86678.126340,0.000000,bid
86676.998600,0.000000,bid
86258.706860,0.050000,bid
86774.872460,0.000000,offer
86781.399380,0.379061,offer
87759.569120,0.015285,offer
86741.489360,0.064246,bid
86717.128180,0.034533,bid
86682.976620,0.363334,bid
86682.956660,0.000000,bid
86649.164380,1.217768,bid
86649.154400,0.000000,bid
86750.990320,0.036295,offer
86751.559180,0.000000,offer
86741.489360,0.064245,bid
86683.026520,0.363334,bid
86682.976620,0.000000,bid
86649.184340,1.217767,bid
86649.164380,0.000000,bid
82827.642740,0.019279,bid
86781.389400,0.379061,offer
86781.399380,0.000000,offer
86798.056000,0.274595,offer
86798.065980,0.000000,offer
86681.759060,0.530478,bid
86681.749080,0.000000,bid
86649.194320,1.217767,bid
86649.184340,0.000000,bid
83286.902380,0.016776,bid
86781.379420,0.379061,offer
86781.389400,0.000000,offer
86683.036500,0.363334,bid
86683.026520,0.000000,bid
86554.124840,1.898535,bid
86545.971180,0.000000,bid
86755.181920,0.149920,offer
87759.569120,0.015057,offer
86683.066440,0.363334,bid
86683.036500,0.000000,bid
86649.214280,1.217767,bid
86649.194320,0.000000,bid
83746.970400,0.000000,bid
83708.986520,0.000000,bid
82754.010300,0.000000,bid
75898.808180,0.006541,bid
86781.369440,0.379062,offer
86781.379420,0.000000,offer
86831.988000,0.000000,offer
86732.826720,0.000125,bid
86732.816740,0.074313,bid
86732.806760,0.118100,bid
86729.543300,0.000000,bid
86729.533320,0.000000,bid
86717.407620,0.037362,bid
86717.128180,0.000000,bid
86716.170100,0.000000,bid
86687.038480,0.000000,bid
86682.557460,0.023157,bid
86258.706860,0.000000,bid
86746.908500,0.000000,offer
86750.990320,0.036295,offer
86769.293640,0.023941,offer
86773.774660,0.000000,offer
86712.247960,1.000023,bid
86684.413740,0.848583,bid
86659.952760,0.070237,bid
86632.707360,0.023391,bid
86591.130680,0.568276,bid
86755.181920,0.000000,offer
86775.391420,0.000000,offer
86780.571040,0.000166,offer
86780.581020,0.345445,offer
86828.225540,2.186707,offer
86844.153620,0.000000,offer
86683.086400,0.363333,bid
86683.066440,0.000000,bid
86649.224260,1.217767,bid
86649.214280,0.000000,bid
86750.990320,0.000000,offer
86754.652980,0.000000,offer
86756.589100,0.114814,offer
86717.597240,0.034533,bid
86717.407620,0.038808,bid
86683.106360,0.363333,bid
86683.086400,0.000000,bid
86649.234240,1.217767,bid
86649.224260,0.000000,bid
85855.325240,0.002884,bid
86747.377560,0.034533,offer
86751.559180,0.038408,offer
86754.652980,0.114814,offer
86756.589100,0.000000,offer
86781.359460,0.379062,offer
86781.369440,0.000000,offer
86683.136300,0.363333,bid
86683.106360,0.000000,bid
86649.254200,1.217766,bid
86649.234240,0.000000,bid
86741.499340,0.220738,offer
86750.990320,0.038408,offer
86751.559180,0.000000,offer
86729.523340,0.132743,bid
86727.866660,0.079645,bid
86722.836740,0.010507,bid
86721.768880,0.115081,bid
86720.301820,0.575413,bid
86719.164100,0.000000,bid
86741.499340,0.220565,offer
86750.990320,0.000000,offer
86833.225520,0.573527,offer
86722.836740,0.000000,bid
86720.311800,0.010507,bid
86701.689120,0.000000,bid
86683.166240,0.363333,bid
86683.136300,0.000000,bid
86681.769040,0.530478,bid
86681.759060,0.000000,bid
86671.339940,0.000000,bid
86649.264180,1.217766,bid
86649.254200,0.000000,bid
86761.968320,0.812669,offer
86762.187880,0.000000,offer
86781.349480,0.379062,offer
86781.359460,0.000000,offer
86792.557020,0.000000,offer
86750.990320,0.038408,offer
86649.274160,1.217766,bid
86649.264180,0.000000,bid
86750.990320,0.000000,offer
86702.427640,0.912922,bid
86683.186200,0.363333,bid
86683.166240,0.000000,bid
86672.088440,1.604214,bid
86649.284140,1.217766,bid
86649.274160,0.000000,bid
86760.391480,0.884024,offer
86781.339500,0.379062,offer
86781.349480,0.000000,offer
86790.760620,1.617742,offer
86705.242000,0.000000,bid
86698.036440,0.005752,bid
86691.509520,0.000000,bid
86674.164280,0.000000,bid
86665.491660,0.005752,bid
86606.769340,1.150503,bid
86591.819300,0.000000,bid
86591.809320,0.000000,bid
86833.215540,0.042488,offer
86834.073820,0.000000,offer
86852.027840,0.000000,offer
86741.489360,0.064200,bid
86732.816740,0.000000,bid
86732.806760,0.000000,bid
86683.206160,0.363333,bid
86683.186200,0.000000,bid
86649.294120,1.217766,bid
86649.284140,0.000000,bid
83880.822160,0.000000,bid
83104.897120,0.000000,bid
75898.808180,0.000000,bid
86732.826720,0.000000,bid
86729.573240,0.017258,bid
86729.563260,0.000000,bid
86729.553280,0.000000,bid
86729.543300,0.000125,bid
86729.533320,0.003453,bid
86726.229940,0.001695,bid
86720.311800,0.000000,bid
86729.663060,0.000125,bid
86729.653080,0.000000,bid
86729.643100,0.000000,bid
86729.633120,0.000000,bid
86729.623140,0.000000,bid
86729.613160,0.000000,bid
86729.603180,0.000000,bid
86729.593200,0.000000,bid
86729.583220,0.000000,bid
86729.573240,0.000000,bid
86729.543300,0.000000,bid
86717.048340,0.796845,bid
86690.341860,1.764997,bid
86683.216140,0.363333,bid
86683.206160,0.000000,bid
83762.748780,0.014298,bid
82774.748740,0.019291,bid
86790.081980,1.318664,offer
86821.000020,0.300815,offer
86729.742900,0.000125,bid
86729.732920,0.017258,bid
86729.722940,0.000000,bid
86729.712960,0.000000,bid
86729.702980,0.000000,bid
86729.693000,0.000000,bid
86729.663060,0.000000,bid
86729.543300,0.000000,bid
86717.058320,0.079645,bid
86665.361920,0.445163,bid
86649.304100,1.217766,bid
86649.294120,0.000000,bid
86781.329520,0.379062,offer
86781.339500,0.000000,offer
86729.762860,0.000000,bid
86729.752880,0.000000,bid
86729.742900,0.000000,bid
86729.732920,0.000000,bid
86729.603180,0.000125,bid
86729.593200,0.000000,bid
86729.583220,0.000000,bid
86729.563260,0.000000,bid
86729.553280,0.000000,bid
86729.543300,0.000000,bid
86511.809640,0.006000,bid
86729.623140,0.000000,bid
86729.613160,0.000000,bid
86729.603180,0.000000,bid
86729.543300,0.000125,bid
86683.226120,0.363333,bid
86683.216140,0.000000,bid
86672.607400,0.445968,bid
84222.806820,0.011850,bid
83722.020400,0.014304,bid
86741.489360,0.063044,bid
86732.826720,0.000125,bid
86732.816740,0.074313,bid
86732.806760,0.118100,bid
86729.543300,0.000000,bid
86729.533320,0.000000,bid
86728.645100,0.028768,bid
86728.425540,0.013097,bid
86726.229940,0.000000,bid
86720.311800,0.010507,bid
86683.256060,0.363333,bid
86683.226120,0.000000,bid
86649.324060,1.217765,bid
86649.304100,0.000000,bid
86750.990320,0.038408,offer
86798.046020,0.274595,offer
86798.056000,0.000000,offer
86781.319540,0.379062,offer
86781.329520,0.000000,offer
87759.569120,0.014722,offer
86721.778860,0.010507,bid
86721.689040,0.022896,bid
86720.311800,0.000000,bid
86683.286000,0.363333,bid
86683.256060,0.000000,bid
86649.334040,1.217765,bid
86649.324060,0.000000,bid
86721.778860,0.000000,bid
86756.908460,0.151461,offer
86726.229940,0.001695,bid
86683.295980,0.363333,bid
86683.286000,0.000000,bid
86681.779020,0.530477,bid
86681.769040,0.000000,bid
86649.344020,1.217765,bid
86649.334040,0.000000,bid
86683.335900,0.363332,bid
86683.295980,0.000000,bid
86649.363980,1.217765,bid
86649.344020,0.000000,bid
86609.693480,0.828609,bid
86591.130680,0.000000,bid
86591.120700,0.000000,bid
83526.582060,0.000000,bid
82296.087980,0.000000,bid
86781.309560,0.379062,offer
86781.319540,0.000000,offer
86683.355860,0.363332,bid
86683.335900,0.000000,bid
86649.373960,1.217765,bid
86649.363980,0.000000,bid
75898.808180,0.006541,bid
86781.299580,0.379062,offer
86781.309560,0.000000,offer
86828.225540,1.050180,offer
86732.826720,0.000000,bid
86732.816740,0.000000,bid
86732.806760,0.000000,bid
86729.543300,0.000125,bid
86729.533320,0.003453,bid
86741.489360,0.063074,bid
86729.613160,0.017258,bid
86729.603180,0.000000,bid
86729.593200,0.000000,bid
86729.583220,0.000000,bid
86729.573240,0.000000,bid
86729.563260,0.000000,bid
86729.553280,0.000000,bid
86729.543300,0.000125,bid
86683.365840,0.363332,bid
86683.355860,0.000000,bid
86649.383940,1.217765,bid
86649.373960,0.000000,bid
86729.623140,0.000000,bid
86729.613160,0.000000,bid
86729.543300,0.000125,bid
86702.437620,0.595540,bid
86679.872840,0.000000,bid
86677.138320,0.488380,bid
86652.328040,1.088216,bid
86773.455300,0.000166,offer
86780.571040,0.000000,offer
86741.489360,0.041149,bid
86729.543300,0.000000,bid
86729.523340,0.059099,bid
86728.645100,0.000000,bid
86728.445500,0.000125,bid
86727.527340,0.000000,bid
86726.229940,0.000000,bid
86726.219960,0.000000,bid
86725.192020,0.001695,bid
86720.601220,0.115082,bid
86684.413740,0.138972,bid
86684.074420,0.000000,bid
86681.779020,0.000000,bid
86678.026540,0.848363,bid
86675.801000,0.530514,bid
86620.292240,0.000000,bid
86605.112660,0.000000,bid
86259.944380,0.050000,bid
86741.499340,0.338665,offer
86749.523260,0.038408,offer
86750.990320,0.000000,offer
86775.311580,0.379088,offer
86780.581020,0.118661,offer
86781.299580,0.000000,offer
86792.058020,0.274614,offer
86798.046020,0.000000,offer
86729.543300,0.000125,bid
86728.445500,0.000000,bid
86683.365840,0.000000,bid
86677.397800,0.363357,bid
86620.292240,2.578778,bid
86606.350180,0.050000,bid
86741.489360,0.040568,bid
86677.427740,0.363357,bid
86677.397800,0.000000,bid
83543.587980,0.015530,bid
86775.301600,0.379088,offer
86775.311580,0.000000,offer
82319.301460,0.021822,bid
86511.809640,0.000000,bid
86729.563260,0.000000,bid
86729.553280,0.000000,bid
86729.543300,0.000125,bid
86725.192020,0.000000,bid
86722.836740,0.010507,bid
86677.457680,0.363357,bid
86677.427740,0.000000,bid
86675.810980,0.530514,bid
86675.801000,0.000000,bid
86775.291620,0.379088,offer
86775.301600,0.000000,offer
86741.489360,0.061123,bid
86729.623140,0.000125,bid
86729.613160,0.000000,bid
86729.603180,0.000000,bid
86729.593200,0.000000,bid
86729.583220,0.000000,bid
86729.573240,0.000000,bid
86729.563260,0.000000,bid
86729.553280,0.000000,bid
86729.543300,0.000000,bid
86683.994580,0.848304,bid
86678.026540,0.000000,bid
86649.423860,1.229075,bid
86649.383940,0.000000,bid
86792.058020,0.000000,offer
86798.046020,0.274595,offer
86729.673040,0.000000,bid
86729.663060,0.000000,bid
86729.653080,0.000000,bid
86729.643100,0.000000,bid
86729.623140,0.000000,bid
86729.553280,0.017258,bid
86729.543300,0.000125,bid
86683.445680,0.363332,bid
86681.779020,0.530477,bid
86677.457680,0.000000,bid
86675.810980,0.000000,bid
86775.291620,0.000000,offer
86780.581020,0.345445,offer
86781.279620,0.379062,offer
86729.603180,0.000000,bid
86729.593200,0.000000,bid
86729.583220,0.000000,bid
86729.573240,0.000000,bid
86729.563260,0.000000,bid
86729.553280,0.000000,bid
86729.543300,0.000125,bid
86741.489360,0.046460,bid
86775.291620,0.379088,offer
86781.279620,0.000000,offer
86683.994580,0.000000,bid
86683.445680,0.000000,bid
86681.779020,0.000000,bid
86678.006580,0.848363,bid
86677.497600,0.363357,bid
86675.801000,0.530514,bid
86554.124840,0.000000,bid
82827.642740,0.000000,bid
86780.581020,0.118661,offer
86792.058020,0.274614,offer
86798.046020,0.000000,offer
86837.097760,0.651532,offer
86837.117720,0.000000,offer
86677.507580,0.363357,bid
86677.497600,0.000000,bid
84279.762680,0.011842,bid
75898.808180,0.000000,bid
86837.087780,0.651532,offer
86837.097760,0.000000,offer
86775.281640,0.379088,offer
86775.291620,0.000000,offer
86810.690680,0.566202,offer
86741.489360,0.045983,bid
86729.583220,0.000125,bid
86729.573240,0.000000,bid
86729.563260,0.000000,bid
86729.553280,0.000000,bid
86729.543300,0.000000,bid
86726.689020,0.028769,bid
86678.016560,0.848363,bid
86678.006580,0.000000,bid
86675.810980,0.530514,bid
86675.801000,0.000000,bid
86741.499340,0.220540,offer
86729.663060,0.000125,bid
86729.653080,0.017259,bid
86729.643100,0.000000,bid
86729.633120,0.000000,bid
86729.623140,0.000000,bid
86729.613160,0.000000,bid
86729.603180,0.000000,bid
86729.593200,0.000000,bid
86729.583220,0.000000,bid
86729.543300,0.000000,bid
86677.517560,0.363357,bid
86677.507580,0.000000,bid
86545.971180,1.898555,bid
86837.067820,0.651533,offer
86837.087780,0.000000,offer
86729.722940,0.000125,bid
86729.712960,0.017259,bid
86729.702980,0.000000,bid
86729.693000,0.000000,bid
86729.683020,0.000000,bid
86729.673040,0.000000,bid
86729.663060,0.000000,bid
86729.653080,0.000000,bid
86729.543300,0.000000,bid
86729.782820,0.000000,bid
86729.772840,0.000000,bid
86729.762860,0.000000,bid
86729.752880,0.000000,bid
86729.742900,0.000000,bid
86729.732920,0.000000,bid
86729.722940,0.000000,bid
86729.712960,0.000000,bid
86729.543300,0.000125,bid
86707.766940,0.154860,bid
86678.026540,1.476188,bid
86677.537520,0.363357,bid
86677.517560,0.000000,bid
86677.138320,0.143831,bid
86775.271660,0.379088,offer
86775.281640,0.000000,offer
86837.057840,0.651533,offer
86837.067820,0.000000,offer
86729.862660,0.000125,bid
86729.852680,0.017259,bid
86729.842700,0.000000,bid
86729.832720,0.000000,bid
86729.822740,0.000000,bid
86729.812760,0.000000,bid
86729.802780,0.000000,bid
86729.792800,0.000000,bid
86729.543300,0.000000,bid
86702.437620,0.000000,bid
86702.427640,0.000000,bid
86672.088440,0.000000,bid
86760.391480,0.000000,offer
86790.081980,0.000000,offer
86790.760620,0.000000,offer
86729.922540,0.000125,bid
86729.912560,0.000000,bid
86729.902580,0.000000,bid
86729.892600,0.000000,bid
86729.882620,0.000000,bid
86729.872640,0.000000,bid
86729.862660,0.000000,bid
86729.852680,0.000000,bid
86729.543300,0.000000,bid
86677.547500,0.363357,bid
86677.537520,0.000000,bid
86644.623480,0.742660,bid
86620.292240,1.145160,bid
86554.124840,1.898553,bid
86545.971180,0.000000,bid
86837.037880,0.947580,offer
86837.047860,0.651533,offer
86837.057840,0.000000,offer
86729.922540,0.000000,bid
86729.543300,0.000125,bid
86706.090300,0.118116,bid
86677.577440,0.363357,bid
86677.547500,0.000000,bid
86702.437620,0.912171,bid
86672.088440,1.656681,bid
86759.134000,0.910368,offer
86789.493160,1.671181,offer
86837.017920,0.651533,offer
86837.037880,0.000000,offer
86837.047860,0.000000,offer
83895.343060,0.013085,bid
83123.140560,0.016809,bid
86775.261680,0.379088,offer
86775.271660,0.000000,offer
83724.754920,0.014304,bid
86677.597400,0.363356,bid
86677.577440,0.000000,bid
86836.987980,0.651533,offer
86837.017920,0.000000,offer
86677.627340,0.351361,bid
86677.597400,0.000000,bid
83286.902380,0.000000,bid
86836.958040,0.651533,offer
86836.987980,0.000000,offer
86677.657280,0.351361,bid
86677.627340,0.000000,bid
75898.808180,0.006541,bid
86775.251700,0.367922,offer
86775.261680,0.000000,offer
86789.483180,1.350727,offer
86825.980040,0.115232,offer
86836.938080,0.651534,offer
86836.958040,0.000000,offer
86702.447600,0.595090,bid
86677.707180,0.351360,bid
86677.657280,0.000000,bid
82848.351240,0.019274,bid
86775.241720,0.367922,offer
86775.251700,0.000000,offer
86836.878200,0.651534,offer
86836.938080,0.000000,offer
86729.603180,0.000125,bid
86729.593200,0.017259,bid
86729.583220,0.000000,bid
86729.563260,0.000000,bid
86729.553280,0.000000,bid
86729.543300,0.000000,bid
86677.727140,0.351360,bid
86677.707180,0.000000,bid
83287.770640,0.016776,bid
86775.231740,0.367922,offer
86775.241720,0.000000,offer
86836.858240,0.651534,offer
86836.878200,0.000000,offer
86729.663060,0.000125,bid
86729.653080,0.000000,bid
86729.643100,0.000000,bid
86729.633120,0.000000,bid
86729.623140,0.000000,bid
86729.613160,0.000000,bid
86729.603180,0.000000,bid
86729.593200,0.000000,bid
86729.543300,0.000000,bid
86729.732920,0.017259,bid
86729.722940,0.000000,bid
86729.712960,0.000000,bid
86729.702980,0.000000,bid
86729.693000,0.000000,bid
86729.683020,0.000000,bid
86729.673040,0.000000,bid
86729.663060,0.000000,bid
86729.543300,0.000125,bid
86677.757080,0.351360,bid
86677.727140,0.000000,bid
86836.848260,0.651534,offer
86836.858240,0.000000,offer
86729.802780,0.000125,bid
86729.792800,0.017259,bid
86729.782820,0.000000,bid
86729.772840,0.000000,bid
86729.762860,0.000000,bid
86729.752880,0.000000,bid
86729.742900,0.000000,bid
86729.732920,0.000000,bid
86729.543300,0.000000,bid
86741.489360,0.061373,bid
86729.872640,0.017258,bid
86729.862660,0.000000,bid
86729.852680,0.000000,bid
86729.842700,0.000000,bid
86729.832720,0.000000,bid
86729.822740,0.000000,bid
86729.812760,0.000000,bid
86729.802780,0.000000,bid
86729.792800,0.000000,bid
86729.543300,0.000125,bid
86683.944680,0.848305,bid
86683.735100,0.351336,bid
86681.779020,0.530477,bid
86678.026540,0.000000,bid
86678.016560,0.000000,bid
86677.757080,0.000000,bid
86675.810980,0.000000,bid
86649.583540,1.229072,bid
86649.423860,0.000000,bid
86775.221760,0.367922,offer
86775.231740,0.000000,offer
86792.058020,0.000000,offer
86798.056000,0.274595,offer
86836.828300,0.651534,offer
86836.848260,0.000000,offer
86729.922540,0.000000,bid
86729.912560,0.000000,bid
86729.902580,0.000000,bid
86729.892600,0.000000,bid
86729.882620,0.000000,bid
86729.872640,0.000000,bid
86729.543300,0.000125,bid
84222.806820,0.000000,bid
83762.748780,0.000000,bid
83722.020400,0.000000,bid
82774.748740,0.000000,bid
86649.593520,1.229072,bid
86649.583540,0.000000,bid
86741.499340,0.220506,offer
86741.489360,0.061036,bid
86729.593200,0.017258,bid
86729.583220,0.000000,bid
86729.573240,0.000000,bid
86729.563260,0.000000,bid
86729.553280,0.000000,bid
86729.543300,0.000125,bid
86683.755060,0.351336,bid
86683.735100,0.000000,bid
75898.808180,0.000000,bid
86775.221760,0.000000,offer
86781.209760,0.367897,offer
86729.673040,0.017258,bid
86729.653080,0.000000,bid
86729.643100,0.000000,bid
86729.623140,0.000000,bid
86729.613160,0.000000,bid
86729.603180,0.000000,bid
86729.593200,0.000000,bid
86729.543300,0.000125,bid
86741.489360,0.067275,bid
86729.772840,0.017258,bid
86729.762860,0.000000,bid
86729.752880,0.000000,bid
86729.742900,0.000000,bid
86729.732920,0.000000,bid
86729.722940,0.000000,bid
86729.712960,0.000000,bid
86729.693000,0.000000,bid
86729.673040,0.000000,bid
86729.543300,0.000125,bid
86683.765040,0.351336,bid
86683.755060,0.000000,bid
86649.603500,1.229072,bid
86649.593520,0.000000,bid
86780.581020,0.338746,offer
86781.199780,0.367897,offer
86781.209760,0.000000,offer
86729.802780,0.000000,bid
86729.792800,0.000000,bid
86729.782820,0.000000,bid
86729.772840,0.000000,bid
86729.623140,0.000125,bid
86729.613160,0.000000,bid
86729.603180,0.000000,bid
86729.593200,0.000000,bid
86729.583220,0.000000,bid
86729.573240,0.000000,bid
86729.563260,0.000000,bid
86729.553280,0.000000,bid
86729.543300,0.000000,bid
86729.663060,0.000000,bid
86729.653080,0.000000,bid
86729.643100,0.000000,bid
86729.633120,0.000000,bid
86729.623140,0.000000,bid
86729.543300,0.000125,bid
86683.775020,0.351336,bid
86683.765040,0.000000,bid
86649.613480,1.229072,bid
86649.603500,0.000000,bid
86732.826720,0.000125,bid
86732.816740,0.074313,bid
86732.806760,0.118100,bid
86729.543300,0.000000,bid
86729.533320,0.000000,bid
86683.804960,0.351336,bid
86683.775020,0.000000,bid
86649.623460,1.229072,bid
86649.613480,0.000000,bid
86259.944380,0.000000,bid
86781.189800,0.367897,offer
86781.199780,0.000000,offer
86732.826720,0.000000,bid
86732.816740,0.000000,bid
86732.806760,0.000000,bid
86729.543300,0.000125,bid
86729.533320,0.003453,bid
86726.689020,0.000000,bid
86723.056300,0.115079,bid
86721.768880,0.000000,bid
86720.301820,0.000000,bid
86717.647140,0.575431,bid
86684.413740,0.841385,bid
86683.834900,0.351336,bid
86683.804960,0.000000,bid
86649.633440,1.229072,bid
86649.623460,0.000000,bid
86259.944380,0.050000,bid
86732.826720,0.000125,bid
86732.816740,0.074313,bid
86732.806760,0.118100,bid
86729.543300,0.000000,bid
86729.533320,0.000000,bid
86723.066280,0.010507,bid
86722.836740,0.000000,bid
86512.867520,0.006004,bid
86259.944380,0.000000,bid
86773.455300,0.000000,offer
86776.030140,0.000166,offer
86726.190020,0.028769,bid
86649.643420,1.229072,bid
86649.633440,0.000000,bid
86620.292240,1.252985,bid
86683.844880,0.351336,bid
86683.834900,0.000000,bid
86741.489360,0.067265,bid
86781.179820,0.367897,offer
86781.189800,0.000000,offer
86732.826720,0.000000,bid
86732.816740,0.000000,bid
86732.806760,0.000000,bid
86729.543300,0.000125,bid
86729.533320,0.003453,bid
86702.447600,0.000000,bid
86702.437620,0.000000,bid
86683.854860,0.351336,bid
86683.844880,0.000000,bid
86672.088440,0.000000,bid
86649.653400,1.229071,bid
86649.643420,0.000000,bid
86259.944380,0.050000,bid
86759.134000,0.000000,offer
86789.483180,0.000000,offer
86789.493160,0.000000,offer
86683.874820,0.351335,bid
86683.854860,0.000000,bid
86649.663380,1.229071,bid
86649.653400,0.000000,bid
83543.587980,0.000000,bid
82319.301460,0.000000,bid
86702.437620,0.885776,bid
86672.088440,1.641851,bid
86592.148640,0.093565,bid
86512.867520,0.000000,bid
86759.134000,0.917140,offer
86789.493160,1.636976,offer
86683.894780,0.351335,bid
86683.874820,0.000000,bid
86649.673360,1.229071,bid
86649.663380,0.000000,bid
81895.420920,0.000000,bid
75898.808180,0.005887,bid
86781.169840,0.367897,offer
86781.179820,0.000000,offer
86828.225540,1.694109,offer
86683.944680,1.199640,bid
86683.894780,0.000000,bid
86649.703300,1.229071,bid
86649.673360,0.000000,bid
86781.159860,0.367897,offer
86781.169840,0.000000,offer
86789.483180,1.330205,offer
86828.225540,1.050180,offer
86953.314860,0.000000,offer
86957.626220,7.903000,offer
86702.447600,0.579253,bid
86683.964640,0.351335,bid
86683.944680,0.848305,bid
86677.148300,0.430848,bid
86649.713280,1.229071,bid
86649.703300,0.000000,bid
86761.978300,0.000000,offer
86729.573240,0.000000,bid
86729.563260,0.000000,bid
86729.553280,0.000000,bid
86729.543300,0.000000,bid
84279.762680,0.000000,bid
86729.583220,0.000000,bid
86729.543300,0.000125,bid
86763.305640,0.056510,offer
86810.690680,0.000000,offer
86810.700660,0.000000,offer
86827.686620,0.662856,offer
86684.004560,0.351335,bid
86683.964640,0.000000,bid
86649.733240,1.229070,bid
86649.713280,0.000000,bid
86554.124840,0.000000,bid
86781.149880,0.367897,offer
86781.159860,0.000000,offer
83895.343060,0.000000,bid
83123.140560,0.000000,bid
86759.652960,0.000000,offer
86684.014540,0.351335,bid
86684.004560,0.000000,bid
84223.585260,0.011849,bid
83722.788860,0.014304,bid
86649.743220,1.229070,bid
86649.733240,0.000000,bid
83763.547180,0.014297,bid
82775.547140,0.019291,bid
86781.139900,0.367897,offer
86781.149880,0.000000,offer
91520.352480,0.000000,offer
86741.489360,0.067228,bid
86729.553280,0.017258,bid
86684.024520,0.351335,bid
86684.014540,0.000000,bid
86729.583220,0.000000,bid
86729.573240,0.000000,bid
86729.563260,0.000000,bid
86729.553280,0.000000,bid
86729.543300,0.000125,bid
86649.753200,1.229070,bid
86649.743220,0.000000,bid
75898.808180,0.000000,bid
86723.066280,0.000000,bid
86741.499340,0.217439,offer
86729.563260,0.000125,bid
86729.553280,0.002114,bid
86729.543300,0.000000,bid
86684.034500,0.351335,bid
86684.024520,0.000000,bid
86729.563260,0.000000,bid
86729.553280,0.000125,bid
86729.543300,0.002114,bid
86684.074420,0.351335,bid
86684.034500,0.000000,bid
86649.773160,1.229070,bid
86649.753200,0.000000,bid
86606.350180,0.000000,bid
86315.812420,0.000000,bid
86298.417280,9.339000,bid
86781.129920,0.367897,offer
86781.139900,0.000000,offer
86684.114340,0.351334,bid
86684.074420,0.000000,bid
86681.789000,0.515237,bid
86649.793120,1.229069,bid
86649.773160,0.000000,bid
86781.119940,0.367897,offer
86781.129920,0.000000,offer
87759.569120,0.014761,offer
86592.148640,0.000000,bid
86545.971180,1.898563,bid
86684.124320,0.351334,bid
86684.114340,0.000000,bid
86649.803100,1.229069,bid
86649.793120,0.000000,bid
86554.124840,1.898556,bid
86545.971180,0.000000,bid
83724.754920,0.000000,bid
82848.351240,0.000000,bid
86732.826720,0.000125,bid
86732.816740,0.074313,bid
86732.806760,0.118100,bid
86729.553280,0.000000,bid
86729.533320,0.000000,bid
86717.597240,0.000000,bid
86684.144280,0.351334,bid
86684.124320,0.000000,bid
86606.350180,0.050000,bid
86259.944380,0.000000,bid
86747.377560,0.000000,offer
86729.543300,0.000000,bid
86729.533320,0.002114,bid
86620.292240,1.145160,bid
86554.124840,0.000000,bid
86545.981160,1.898538,bid
86732.836700,0.000125,bid
86732.826720,0.002126,bid
86729.533320,0.000000,bid
86727.108180,0.028768,bid
86726.190020,0.000000,bid
86649.813080,1.229069,bid
86649.803100,0.000000,bid
86781.109960,0.367897,offer
86781.119940,0.000000,offer
86727.108180,0.000000,bid
86725.880640,0.115075,bid
86724.483440,0.000000,bid
86721.519380,0.115081,bid
86720.601220,0.000000,bid
86720.212000,0.575414,bid
86717.647140,0.000000,bid
86684.154260,0.351334,bid
86684.144280,0.000000,bid
75898.808180,0.000654,bid
86749.523260,0.000000,offer
86749.742820,0.038408,offer
86754.652980,0.000000,offer
86756.589100,0.114814,offer
86812.836380,0.168467,offer
75898.808180,0.005887,bid
86754.652980,0.114814,offer
86756.589100,0.000000,offer
86727.058280,0.028768,bid
86684.164240,0.351334,bid
86684.154260,0.000000,bid
86672.088440,0.000000,bid
86649.823060,1.229069,bid
86649.813080,0.000000,bid
86624.873060,0.036458,bid
86614.314220,0.000000,bid
86741.499340,0.216300,offer
86748.435440,0.000000,offer
86748.445420,0.006297,offer
86749.742820,0.000000,offer
86754.652980,0.000000,offer
86756.589100,0.114814,offer
86759.134000,0.000000,offer
86776.030140,0.000000,offer
86780.571040,0.000166,offer
86789.483180,0.000000,offer
86789.493160,0.000000,offer
86727.058280,0.000000,bid
86726.170060,0.028769,bid
86725.880640,0.000000,bid
86724.483440,0.115077,bid
86723.056300,0.000000,bid
86716.269900,0.008755,bid
86702.447600,0.000000,bid
86702.437620,0.000000,bid
86684.174220,0.351334,bid
86684.164240,0.000000,bid
86649.833040,1.229069,bid
86649.823060,0.000000,bid
83896.141460,0.013085,bid
83123.938960,0.016809,bid
86749.523260,0.038408,offer
86757.068140,0.000000,offer
86761.888480,0.007489,offer
87759.569120,0.013578,offer
86716.908620,0.034533,bid
86684.194180,0.351334,bid
86684.174220,0.000000,bid
86649.843020,1.229069,bid
86649.833040,0.000000,bid
86746.688940,0.034533,offer
86754.652980,0.114814,offer
86756.589100,0.000000,offer
86780.581020,0.276528,offer
86781.099980,0.264201,offer
86781.109960,0.000000,offer
86727.198000,0.028768,bid
86726.170060,0.000000,bid
86722.846720,0.115079,bid
86721.519380,0.000000,bid
86720.162100,0.115083,bid
86702.547400,0.919990,bid
86672.198220,1.665385,bid
86759.962340,0.897504,offer
86790.331480,1.632556,offer
87759.569120,0.013539,offer
86727.198000,0.000000,bid
86726.439520,0.028769,bid
86684.214140,0.351334,bid
86684.194180,0.000000,bid
86702.557380,0.599781,bid
86684.244080,0.351334,bid
86684.214140,0.000000,bid
86669.004620,1.779165,bid
86649.862980,1.229068,bid
86649.843020,0.000000,bid
84280.551100,0.011841,bid
86781.090000,0.367897,offer
86781.099980,0.000000,offer
86628.904980,0.000000,bid
86622.398020,0.000000,bid
86620.292240,0.000000,bid
86554.124840,1.898485,bid
86545.981160,0.000000,bid
86727.447500,0.028768,bid
86726.439520,0.000000,bid
86720.221980,0.415016,bid
86719.154120,0.000000,bid
86719.144140,0.000000,bid
86684.254060,0.351334,bid
86684.244080,0.000000,bid
83287.770640,0.000000,bid
86649.872960,1.229068,bid
86649.862980,0.000000,bid
86513.496260,0.006000,bid
86684.293980,0.351334,bid
86684.254060,0.000000,bid
86649.882940,1.229068,bid
86649.872960,0.000000,bid
75898.808180,0.000000,bid
86781.080020,0.367897,offer
86781.090000,0.000000,offer
86844.153620,1.065532,offer
86873.395020,0.038349,offer
86716.908620,0.000000,bid
86684.313940,0.351334,bid
86684.293980,0.000000,bid
86649.902900,1.229068,bid
86649.882940,0.000000,bid
86703.615260,1.100000,bid
86669.004620,1.779181,bid
86781.070040,0.367897,offer
86781.080020,0.000000,offer
86727.447500,0.000000,bid
86726.299800,0.028769,bid
86684.343880,0.351334,bid
86684.313940,0.000000,bid
86649.912880,1.229068,bid
86649.902900,0.000000,bid
86727.277840,0.028768,bid
86726.299800,0.000000,bid
86684.353860,0.351333,bid
86684.343880,0.000000,bid
86649.922860,1.229068,bid
86649.912880,0.000000,bid
83725.553320,0.014304,bid
86741.489360,0.067205,bid
86716.748940,0.034533,bid
86684.363840,0.351333,bid
86684.353860,0.000000,bid
86732.836700,0.000000,bid
86732.826720,0.000000,bid
86732.816740,0.000000,bid
86732.806760,0.118100,bid
86729.573240,0.005048,bid
86729.563260,0.000000,bid
86729.553280,0.000000,bid
86729.543300,0.000125,bid
86729.533320,0.006149,bid
86703.625240,1.356045,bid
86702.557380,0.000000,bid
86672.617380,1.266812,bid
86652.328040,0.000000,bid
86649.932840,1.229067,bid
86649.922860,0.000000,bid
86259.944380,0.050000,bid
86741.499340,0.211596,offer
86781.060060,0.391529,offer
86781.070040,0.000000,offer
86732.826720,0.000125,bid
86732.816740,0.074313,bid
86729.543300,0.000000,bid
86729.533320,0.000000,bid
86684.373820,0.351333,bid
86684.363840,0.000000,bid
86259.944380,0.000000,bid
86732.846680,0.000125,bid
86732.836700,0.005065,bid
86732.826720,0.000000,bid
86729.573240,0.000000,bid
86712.228000,1.000000,bid
86684.393780,0.351333,bid
86684.373820,0.000000,bid
86649.942820,1.229067,bid
86649.932840,0.000000,bid
86768.116000,1.000000,offer
86790.081980,1.327552,offer
86791.070000,3.000000,offer
86796.050020,0.000000,offer
86796.060000,0.000000,offer
86732.846680,0.000000,bid
86732.836700,0.000000,bid
86732.816740,0.000000,bid
86732.806760,0.000000,bid
86729.583220,0.000125,bid
86729.573240,0.000000,bid
86729.563260,0.000000,bid
86729.553280,0.000000,bid
86729.543300,0.000000,bid
86729.533320,0.008517,bid
86706.090300,0.118130,bid
86259.944380,0.050000,bid
86729.623140,0.000000,bid
86729.613160,0.000000,bid
86729.603180,0.000000,bid
86729.583220,0.000125,bid
86729.553280,0.000000,bid
86729.543300,0.000000,bid
86684.403760,0.430978,bid
86684.393780,0.000000,bid
86649.952800,1.229067,bid
86649.942820,0.000000,bid
86644.623480,0.000000,bid
86781.050080,0.367898,offer
86781.060060,0.023632,offer
86828.225540,3.034239,offer
86844.153620,0.000000,offer
86729.663060,0.017258,bid
86729.653080,0.000000,bid
86729.643100,0.000000,bid
86729.633120,0.000000,bid
86729.613160,0.000125,bid
86729.603180,0.005065,bid
86729.583220,0.000000,bid
86729.553280,0.000000,bid
86729.543300,0.000000,bid
86729.533320,0.003453,bid
86606.350180,0.000000,bid
86172.709200,0.050000,bid
75898.808180,0.006541,bid
86729.663060,0.000000,bid
86729.653080,0.000000,bid
86729.643100,0.000000,bid
86729.633120,0.000000,bid
86729.623140,0.000000,bid
86729.613160,0.000125,bid
86684.413740,1.192718,bid
86684.403760,0.079645,bid
86606.350180,0.000000,bid
86729.673040,0.000000,bid
86729.663060,0.000000,bid
86729.633120,0.000125,bid
86729.623140,0.005065,bid
86729.613160,0.000000,bid
86729.603180,0.000000,bid
86606.350180,0.000000,bid
86172.709200,0.000000,bid
83288.589000,0.016775,bid
86729.633120,0.000000,bid
86729.623140,0.000000,bid
86729.553280,0.000125,bid
86729.543300,0.005065,bid
86684.433700,0.351333,bid
86684.413740,0.841385,bid
86649.962780,1.229067,bid
86649.952800,0.000000,bid
86606.350180,0.050000,bid
86172.709200,0.050000,bid
83544.376400,0.015529,bid
82320.079900,0.021822,bid
86716.748940,0.000000,bid
86684.453660,0.351333,bid
86684.433700,0.000000,bid
86649.972760,1.229067,bid
86649.962780,0.000000,bid
86172.709200,0.000000,bid
82849.119700,0.019274,bid
86746.688940,0.000000,offer
86754.652980,0.000000,offer
86756.589100,0.114814,offer
86768.116000,0.000000,offer
86781.040100,0.367898,offer
86781.050080,0.000000,offer
86732.836700,0.000125,bid
86732.826720,0.005065,bid
86732.816740,0.074313,bid
86732.806760,0.118100,bid
86729.553280,0.000000,bid
86729.543300,0.000000,bid
86729.533320,0.000000,bid
86729.523340,0.137000,bid
86726.379640,0.115075,bid
86720.162100,0.000000,bid
86259.944380,0.000000,bid
86769.114000,1.000000,offer
86729.523340,0.059099,bid
86726.379640,0.000000,bid
86720.551320,0.115082,bid
86717.527380,0.034533,bid
86684.473620,0.351333,bid
86684.453660,0.000000,bid
86672.198220,0.000000,bid
86649.982740,1.229067,bid
86649.972760,0.000000,bid
86747.307700,0.034533,offer
86754.652980,0.114814,offer
86756.589100,0.000000,offer
86769.114000,0.000000,offer
86732.836700,0.000000,bid
86732.826720,0.000000,bid
86732.816740,0.000000,bid
86732.806760,0.000000,bid
86729.543300,0.000125,bid
86729.533320,0.008517,bid
86727.277840,0.000000,bid
86726.170060,0.028769,bid
86720.561300,0.424434,bid
86720.221980,0.000000,bid
86720.212000,0.000000,bid
86717.806820,0.575430,bid
86703.625240,0.000000,bid
86702.547400,0.000000,bid
86672.617380,0.000000,bid
86259.944380,0.050000,bid
86748.425460,0.008215,offer
86748.435440,0.079645,offer
86748.445420,0.000000,offer
86753.834620,0.114814,offer
86754.652980,0.000000,offer
86759.962340,0.000000,offer
86768.116000,0.000000,offer
86790.331480,0.000000,offer
86732.826720,0.000125,bid
86732.816740,0.074313,bid
86732.806760,0.118100,bid
86729.553280,0.010507,bid
86729.543300,0.000000,bid
86729.533320,0.000000,bid
86727.337720,0.028768,bid
86726.170060,0.000000,bid
86684.483600,0.351333,bid
86684.473620,0.000000,bid
86649.992720,1.229067,bid
86649.982740,0.000000,bid
86259.944380,0.000000,bid
86741.499340,0.183645,offer
86769.114000,1.000000,offer
84223.585260,0.000000,bid
83763.547180,0.000000,bid
83722.788860,0.000000,bid
82775.547140,0.000000,bid
86769.114000,0.000000,offer
86866.977880,1.149513,offer
86712.247960,1.492505,bid
86684.493580,0.351333,bid
86684.483600,0.000000,bid
86768.116000,1.000000,offer
86729.553280,0.000000,bid
86725.192020,0.010507,bid
86702.547400,0.923622,bid
86672.617380,1.255797,bid
86672.198220,1.647027,bid
86650.002700,1.229067,bid
86649.992720,0.000000,bid
86759.972320,0.892001,offer
86781.030120,0.367898,offer
86781.040100,0.000000,offer
86790.331480,1.649049,offer
78067.342420,0.000256,bid
86729.533320,0.010234,bid
86725.920560,0.115075,bid
86725.192020,0.000000,bid
86722.846720,0.000000,bid
86703.615260,0.000000,bid
86684.523520,0.351333,bid
86684.493580,0.000000,bid
86650.012680,1.229066,bid
86650.002700,0.000000,bid
86768.116000,0.000000,offer
89000.841600,0.000007,offer
86741.499340,0.182281,offer
86769.114000,1.000000,offer
86729.533320,0.000000,bid
86727.337720,0.000000,bid
86725.920560,0.000000,bid
86725.880640,0.028769,bid
86725.192020,0.010507,bid
86724.483440,0.000000,bid
86723.136140,0.115079,bid
86684.533500,0.351333,bid
86684.523520,0.000000,bid
86644.623480,0.437097,bid
75898.808180,0.000000,bid
86769.114000,0.000000,offer
86768.116000,1.000000,offer
86727.387620,0.028768,bid
86725.880640,0.000000,bid
86725.701000,0.010507,bid
86725.691020,0.115075,bid
86725.192020,0.000000,bid
86720.551320,0.000000,bid
86684.543480,0.351333,bid
86684.533500,0.000000,bid
86650.022660,1.229066,bid
86650.012680,0.000000,bid
86727.387620,0.000000,bid
86726.010380,0.028769,bid
86725.691020,0.000000,bid
86721.968480,0.115080,bid
86719.962500,0.115083,bid
86768.116000,1.000000,offer
86781.020140,0.367898,offer
86781.030120,0.000000,offer
89000.841600,0.000000,offer
86741.489360,0.064179,bid
86726.010380,0.000000,bid
86719.962500,0.000000,bid
86725.701000,0.000000,bid
86725.192020,0.010507,bid
86724.962480,0.028769,bid
86717.048340,0.147105,bid
86714.034380,0.000000,bid
86706.958560,1.151003,bid
86698.764980,0.149140,bid
86690.341860,0.000000,bid
86688.645260,0.000000,bid
86684.573420,0.351333,bid
86684.543480,0.000000,bid
86682.587400,0.000000,bid
86659.962740,2.879069,bid
86650.032640,1.229066,bid
86650.022660,0.000000,bid
86717.527380,0.000000,bid
86747.307700,0.000000,offer
86726.289820,0.028769,bid
86724.962480,0.000000,bid
86724.593220,0.115077,bid
86723.136140,0.000000,bid
86716.150140,1.100000,bid
86684.583400,0.351333,bid
86684.573420,0.000000,bid
86679.882820,2.878407,bid
86669.004620,0.000016,bid
86668.994640,0.000000,bid
86650.042620,1.229066,bid
86650.032640,0.000000,bid
86716.748940,0.034533,bid
86684.593380,0.351333,bid
86684.583400,0.000000,bid
86669.004620,0.000000,bid
86667.318000,0.001130,bid
86746.529260,0.034533,offer
86781.010160,0.367898,offer
86781.020140,0.000000,offer
86726.289820,0.000000,bid
86724.722960,0.028769,bid
86724.593220,0.000000,bid
86720.810800,0.115082,bid
86718.914600,0.115084,bid
86650.052600,1.229066,bid
86650.042620,0.000000,bid
86725.840720,0.028769,bid
86724.722960,0.000000,bid
86723.375660,0.115079,bid
86721.968480,0.000000,bid
86684.603360,0.351332,bid
86684.593380,0.000000,bid
86741.489360,0.048789,bid
86718.914600,0.000000,bid
86684.413740,0.138972,bid
86683.944680,0.000000,bid
86681.779020,0.000000,bid
86679.473640,0.812209,bid
86677.387820,0.534415,bid
83896.141460,0.000000,bid
83123.938960,0.000000,bid
86776.668860,0.367916,offer
86780.581020,0.118661,offer
86781.010160,0.000000,offer
86793.784560,0.289607,offer
86798.056000,0.000000,offer
86732.826720,0.000000,bid
86732.816740,0.000000,bid
86732.806760,0.000000,bid
86729.553280,0.017259,bid
86729.543300,0.000125,bid
86729.533320,0.013317,bid
86725.840720,0.000000,bid
86725.192020,0.000000,bid
86724.243920,0.028769,bid
86723.375660,0.000000,bid
86712.247960,0.000000,bid
86712.228000,0.000000,bid
86711.220020,0.921033,bid
86684.603360,0.000000,bid
86680.282020,0.351350,bid
86259.944380,0.050000,bid
86741.499340,0.300381,offer
86768.116000,0.000000,offer
86790.081980,2.971504,offer
86828.225540,1.548154,offer
86835.980000,0.651541,offer
86836.828300,0.000000,offer
87762.443360,0.003770,offer
86729.603180,0.000125,bid
86729.593200,0.000000,bid
86729.583220,0.000000,bid
86729.573240,0.000000,bid
86729.563260,0.000000,bid
86729.553280,0.000000,bid
86729.543300,0.000000,bid
86708.236000,1.000000,bid
86766.120000,1.000000,offer
86775.022160,0.367923,offer
86776.668860,0.000000,offer
86792.137860,0.289613,offer
86793.784560,0.000000,offer
86729.683020,0.000125,bid
86729.673040,0.017259,bid
86729.663060,0.010186,bid
86729.653080,0.000000,bid
86729.643100,0.000000,bid
86729.633120,0.000000,bid
86729.623140,0.000000,bid
86729.613160,0.000000,bid
86729.603180,0.000000,bid
86729.543300,0.000000,bid
86729.533320,0.003453,bid
86620.292240,3.574108,bid
86592.148640,0.093565,bid
86554.124840,0.000000,bid
86741.499340,0.452111,offer
86766.120000,0.000000,offer
86774.163880,0.000166,offer
86780.571040,0.000000,offer
86829.722540,0.042488,offer
86833.215540,0.000000,offer
86835.970020,0.651541,offer
86835.980000,0.000000,offer
86729.742900,0.000125,bid
86729.732920,0.000000,bid
86729.722940,0.000000,bid
86729.712960,0.000000,bid
86729.702980,0.000000,bid
86729.693000,0.000000,bid
86729.683020,0.000000,bid
86729.673040,0.000000,bid
86606.350180,0.000000,bid
86172.709200,0.050000,bid
86761.968320,1.311080,offer
86765.122000,1.000000,offer
86729.802780,0.000000,bid
86729.792800,0.000000,bid
86729.782820,0.000000,bid
86729.772840,0.000000,bid
86729.762860,0.000000,bid
86729.752880,0.000000,bid
86729.742900,0.000000,bid
86729.673040,0.000125,bid
86725.192020,0.010507,bid
86717.048340,0.792272,bid
86606.350180,0.000000,bid
86729.872640,0.017259,bid
86729.862660,0.000000,bid
86729.852680,0.000000,bid
86729.842700,0.000000,bid
86729.832720,0.000000,bid
86729.822740,0.000000,bid
86729.812760,0.000000,bid
86729.673040,0.000000,bid
86729.663060,0.000000,bid
86729.543300,0.000125,bid
86606.350180,0.050000,bid
86172.709200,0.000000,bid
75898.808180,0.006541,bid
86775.012180,0.367923,offer
86775.022160,0.000000,offer
86835.950060,0.651541,offer
86835.970020,0.000000,offer
86729.902580,0.000000,bid
86729.892600,0.000000,bid
86729.882620,0.000000,bid
86729.872640,0.000000,bid
86729.543300,0.000125,bid
91597.298280,0.000006,offer
78067.342420,0.000000,bid
86835.940080,0.648242,offer
86835.950060,0.000000,offer
86729.553280,0.000125,bid
86729.543300,0.009249,bid
86725.790820,0.028769,bid
86725.192020,0.000000,bid
86724.243920,0.000000,bid
86724.094220,0.115078,bid
86722.317780,0.115080,bid
86741.499340,0.451900,offer
86835.930100,0.648242,offer
86835.940080,0.000000,offer
91520.352480,0.001856,offer
86677.138320,0.000000,bid
86672.986640,0.143835,bid
86835.920120,0.648242,offer
86835.930100,0.000000,offer
86545.971180,1.898629,bid
86729.583220,0.017384,bid
86729.573240,0.009938,bid
86729.563260,0.000000,bid
86729.553280,0.000000,bid
86729.543300,0.000000,bid
86606.350180,0.050000,bid
86172.709200,0.050000,bid
86835.910140,0.648242,offer
86835.920120,0.000000,offer
91597.298280,0.000000,offer
86729.653080,0.000125,bid
86729.643100,0.000000,bid
86729.633120,0.000000,bid
86729.623140,0.000000,bid
86729.613160,0.000000,bid
86729.603180,0.000000,bid
86729.593200,0.000000,bid
86729.583220,0.000000,bid
86606.350180,0.000000,bid
86775.002200,0.367923,offer
86775.012180,0.000000,offer
86729.712960,0.000000,bid
86729.702980,0.000000,bid
86729.693000,0.000000,bid
86729.683020,0.000000,bid
86729.673040,0.000000,bid
86729.663060,0.000000,bid
86729.653080,0.000000,bid
86729.583220,0.000000,bid
86729.573240,0.000000,bid
86729.553280,0.000125,bid
86729.543300,0.009898,bid
86606.350180,0.000000,bid
86172.709200,0.000000,bid
86729.792800,0.000125,bid
86729.782820,0.017259,bid
86729.772840,0.000000,bid
86729.762860,0.000000,bid
86729.752880,0.000000,bid
86729.742900,0.000000,bid
86729.732920,0.000000,bid
86729.722940,0.000000,bid
86729.553280,0.000000,bid
86606.350180,0.050000,bid
81895.420920,0.001626,bid
86741.499340,0.451888,offer
86835.900160,0.648242,offer
86835.910140,0.000000,offer
86729.852680,0.000125,bid
86729.842700,0.017259,bid
86729.832720,0.000000,bid
86729.822740,0.000000,bid
86729.812760,0.000000,bid
86729.802780,0.000000,bid
86729.792800,0.000000,bid
86729.782820,0.000000,bid
86729.553280,0.000000,bid
86729.932520,0.017259,bid
86729.922540,0.000000,bid
86729.912560,0.000000,bid
86729.902580,0.000000,bid
86729.892600,0.000000,bid
86729.882620,0.000000,bid
86729.872640,0.000000,bid
86729.862660,0.000125,bid
86729.852680,0.009639,bid
86729.842700,0.000000,bid
86729.543300,0.000000,bid
86835.890180,0.648242,offer
86835.900160,0.000000,offer
86730.002380,0.000125,bid
86729.992400,0.017259,bid
86729.982420,0.000000,bid
86729.972440,0.000000,bid
86729.962460,0.000000,bid
86729.952480,0.000000,bid
86729.942500,0.000000,bid
86729.932520,0.000000,bid
86729.862660,0.000000,bid
86729.852680,0.000000,bid
86729.543300,0.010012,bid
84280.551100,0.000000,bid
86730.062260,0.000000,bid
86730.052280,0.000000,bid
86730.042300,0.000000,bid
86730.032320,0.000000,bid
86730.022340,0.000000,bid
86730.012360,0.000000,bid
86730.002380,0.000000,bid
86729.992400,0.000000,bid
86729.553280,0.000125,bid
86768.734760,0.008820,offer
86835.880200,0.648242,offer
86835.890180,0.000000,offer
86730.122140,0.000000,bid
86730.112160,0.000000,bid
86730.102180,0.000000,bid
86730.092200,0.000000,bid
86730.082220,0.000000,bid
86730.072240,0.000000,bid
86729.553280,0.000125,bid
92513.272660,0.000006,offer
86708.245980,1.445480,bid
86707.766940,0.000000,bid
86681.789000,2.557725,bid
86651.230240,1.148562,bid
86622.398020,0.160499,bid
86620.292240,0.000000,bid
75898.808180,0.000000,bid
86774.992220,0.367923,offer
86775.002200,0.000000,offer
86799.363380,0.255600,offer
86835.850260,0.478091,offer
86835.880200,0.000000,offer
86702.547400,0.000000,bid
86672.617380,0.000000,bid
86672.198220,0.000000,bid
86759.972320,0.000000,offer
86790.081980,1.327552,offer
86790.331480,0.000000,offer
87762.443360,0.000000,offer
86835.830300,0.478091,offer
86835.850260,0.000000,offer
92513.272660,0.000000,offer
86828.225540,2.438095,offer
86702.427640,0.925531,bid
86672.088440,1.701142,bid
86759.134000,0.924760,offer
86774.982240,0.367923,offer
86774.992220,0.000000,offer
86789.493160,1.615118,offer
86835.820320,0.478091,offer
86835.830300,0.000000,offer
84281.299600,0.011841,bid
83726.301820,0.014304,bid
86835.810340,0.648243,offer
86835.820320,0.000000,offer
86835.780400,0.648243,offer
86835.810340,0.000000,offer
92947.073320,0.000006,offer
83725.553320,0.000000,bid
83544.376400,0.000000,bid
83288.589000,0.000000,bid
82849.119700,0.000000,bid
82320.079900,0.000000,bid
39920.000000,39.434872,bid
86774.972260,0.367923,offer
86774.982240,0.000000,offer
86761.968320,0.812669,offer
86765.122000,0.000000,offer
86766.120000,1.000000,offer
86835.760440,0.648243,offer
86835.780400,0.000000,offer
86765.431380,0.894030,offer
86729.613160,0.000125,bid
86729.603180,0.017259,bid
86729.593200,0.000000,bid
86729.583220,0.000000,bid
86729.573240,0.010143,bid
86729.563260,0.000000,bid
86729.553280,0.000000,bid
86729.543300,0.000000,bid
86606.350180,0.000000,bid
86172.709200,0.050000,bid
86835.750460,0.648243,offer
86835.760440,0.000000,offer
92947.073320,0.000000,offer
86729.683020,0.017259,bid
86729.673040,0.000125,bid
86729.663060,0.000000,bid
86729.653080,0.000000,bid
86729.643100,0.000000,bid
86729.633120,0.000000,bid
86729.623140,0.000000,bid
86729.613160,0.000000,bid
86729.603180,0.000000,bid
86729.583220,0.000000,bid
86606.350180,0.050000,bid
86741.499340,0.451775,offer
86729.732920,0.000125,bid
86729.722940,0.000000,bid
86729.712960,0.009990,bid
86729.702980,0.000000,bid
86729.693000,0.000000,bid
86729.683020,0.000000,bid
86729.673040,0.000000,bid
86729.573240,0.000000,bid
86702.437620,0.603106,bid
86672.617380,1.288266,bid
86606.350180,0.050000,bid
86172.709200,0.000000,bid
86765.431380,0.338457,offer
86766.120000,0.000000,offer
86729.792800,0.000000,bid
86729.782820,0.000000,bid
86729.772840,0.000000,bid
86729.762860,0.000000,bid
86729.752880,0.000000,bid
86729.742900,0.000000,bid
86729.732920,0.000000,bid
86729.722940,0.000125,bid
75898.808180,0.006541,bid
86765.122000,1.000000,offer
86774.962280,0.355209,offer
86774.972260,0.000000,offer
86835.730500,0.648244,offer
86835.750460,0.000000,offer
86729.872640,0.000125,bid
86729.862660,0.017259,bid
86729.852680,0.000000,bid
86729.842700,0.000000,bid
86729.832720,0.010050,bid
86729.822740,0.000000,bid
86729.812760,0.000000,bid
86729.802780,0.000000,bid
86729.722940,0.000000,bid
86729.712960,0.000000,bid
86741.489360,0.000000,bid
86735.461440,0.000000,bid
86734.653060,0.079645,bid
86729.932520,0.000125,bid
86729.922540,0.018704,bid
86729.912560,0.000000,bid
86729.902580,0.000000,bid
86729.892600,0.000000,bid
86729.882620,0.000000,bid
86729.872640,0.000000,bid
86729.862660,0.000000,bid
86729.842700,0.000000,bid
86729.832720,0.000000,bid
86729.533320,0.000000,bid
86729.523340,0.000000,bid
86728.435520,0.000000,bid
86728.425540,0.000000,bid
86727.866660,0.048495,bid
86725.182040,0.000000,bid
86723.914580,0.000000,bid
86722.317780,0.000000,bid
86717.816800,0.228326,bid
86680.282020,0.000000,bid
86679.473640,0.000000,bid
86677.387820,0.000000,bid
86676.749100,0.354451,bid
86675.611380,0.812245,bid
86673.525560,0.534439,bid
86651.230240,0.000000,bid
86650.052600,0.000000,bid
86642.068600,1.257264,bid
86259.944380,0.000000,bid
86739.094160,0.118100,offer
86739.144060,0.026923,offer
86739.154040,0.043826,offer
86739.213920,0.000669,offer
86739.223900,0.000892,offer
86739.233880,0.000000,offer
86740.830680,0.291012,offer
86740.840660,0.095000,offer
86741.010320,0.041129,offer
86741.070200,0.000747,offer
86741.080180,0.000000,offer
86741.429480,0.028252,offer
86741.479380,0.000000,offer
86741.489360,0.009300,offer
86741.499340,0.318090,offer
86744.183960,0.020720,offer
86746.239840,0.000000,offer
86748.425460,0.119108,offer
86748.455400,0.000000,offer
86748.465380,0.000000,offer
86750.531240,0.000000,offer
86751.429440,0.000000,offer
86752.447400,0.114814,offer
86752.457380,0.276644,offer
86752.647000,0.000000,offer
86753.834620,0.000000,offer
86761.968320,0.812669,offer
86762.617020,0.000000,offer
86772.247720,0.000000,offer
86772.257700,0.000000,offer
86772.786640,0.355218,offer
86774.962280,0.000000,offer
86789.483180,3.117090,offer
86790.002140,0.289620,offer
86790.081980,0.000000,offer
86792.137860,0.000000,offer
86793.834460,0.000000,offer
86813.405240,0.118657,offer
86815.191660,0.000000,offer
86815.201640,0.000000,offer
86828.225540,0.889941,offer
86835.720520,0.648244,offer
86835.730500,0.000000,offer
86836.409140,0.423715,offer
86838.405140,0.000000,offer
86734.663040,0.000000,bid
86734.653060,0.079689,bid
86729.932520,0.000125,bid
86725.800800,0.003453,bid
86720.820780,0.000000,bid
86719.423580,0.115084,bid
86708.245980,0.000000,bid
86708.236000,0.000000,bid
86707.238000,1.000000,bid
86706.090300,0.118100,bid
86667.318000,0.001109,bid
86259.944380,0.050000,bid
83896.889960,0.013085,bid
83124.677480,0.016808,bid
86734.673020,0.142595,offer
86738.964420,0.000125,offer
86738.974400,0.089327,offer
86738.984380,0.066817,offer
86739.004340,0.000652,offer
86739.014320,0.000870,offer
86739.024300,0.053988,offer
86739.084180,0.000000,offer
86739.094160,0.000000,offer
86739.104140,0.000000,offer
86739.114120,0.000000,offer
86739.134080,0.000000,offer
86739.144060,0.000000,offer
86739.154040,0.000000,offer
86739.213920,0.000000,offer
86739.223900,0.000000,offer
86739.283780,0.172586,offer
86740.830680,0.556694,offer
86741.010320,0.000000,offer
86741.070200,0.000000,offer
86741.429480,0.000000,offer
86741.489360,0.000000,offer
86741.499340,0.000260,offer
86743.355620,0.693360,offer
86743.445440,0.172578,offer
86748.156000,0.079645,offer
86748.165980,0.761595,offer
86748.175960,1.150457,offer
86748.425460,0.000000,offer
86748.435440,0.000000,offer
86750.531240,0.000000,offer
86752.447400,0.000000,offer
86752.457380,0.198857,offer
86753.076140,0.000000,offer
86753.824640,0.114814,offer
86753.834620,0.079645,offer
86753.844600,0.000000,offer
86754.313660,0.050000,offer
86760.132000,1.000000,offer
86761.968320,0.000000,offer
86762.597060,2.875663,offer
86765.122000,0.000000,offer
86768.425380,0.000000,offer
86768.435360,0.040274,offer
86781.349480,2.875042,offer
86786.080000,3.000000,offer
86789.483180,0.000000,offer
86791.070000,0.000000,offer
86792.547040,0.000000,offer
86802.726640,2.874334,offer
87187.954640,0.050000,offer
86729.932520,0.037958,bid
86729.922540,0.014643,bid
86727.876640,0.000125,bid
86722.557300,0.057543,bid
86679.723140,0.354439,bid
86679.164260,0.812212,bid
86677.068460,0.534417,bid
86676.749100,0.000000,bid
86675.611380,0.000000,bid
86673.525560,0.000000,bid
86645.282160,1.501136,bid
86645.272180,1.257217,bid
86644.623480,0.000000,bid
86642.068600,0.000000,bid
86740.820700,0.052367,offer
86751.090120,0.581546,offer
86752.447400,0.114814,offer
86753.824640,0.000000,offer
86759.862540,0.000000,offer
86772.786640,0.000000,offer
86776.379440,0.355203,offer
86790.002140,0.000000,offer
86793.415300,0.289609,offer
86729.942500,0.000125,bid
86727.876640,0.000000,bid
86727.866660,0.049557,bid
86725.790820,0.000000,bid
86725.182040,0.003677,bid
86724.094220,0.000000,bid
86723.305800,0.028770,bid
86720.561300,0.195454,bid
86717.806820,0.000000,bid
86716.748940,0.000000,bid
86715.391660,0.575446,bid
86638.166420,0.000000,bid
86637.447860,0.088603,bid
86259.944380,0.000000,bid
75898.808180,0.000000,bid
86734.673020,0.140360,offer
86770.920380,0.043706,offer
86784.882400,0.000000,offer
86827.676640,0.042488,offer
86829.722540,0.000000,offer
87187.954640,0.000000,offer
86725.162080,0.028769,bid
86723.505400,0.115078,bid
86723.305800,0.000000,bid
86734.663040,0.017259,offer
86738.954440,0.000125,offer
86738.964420,0.011657,offer
86738.974400,0.079536,offer
86751.080140,0.114814,offer
86752.447400,0.000000,offer
102311.536860,0.000009,offer
86725.162080,0.000000,bid
86723.505400,0.000000,bid
86679.743100,0.354439,bid
86679.723140,0.000000,bid
86645.282160,1.257217,bid
86645.272180,0.000000,bid
86741.359620,0.172582,offer
86750.531240,0.114814,offer
86751.080140,0.000000,offer
86760.132000,0.000000,offer
86776.369460,0.355203,offer
86776.379440,0.000000,offer
86781.090000,3.000000,offer
86786.080000,0.000000,offer
86724.822760,0.028769,bid
86748.165980,1.084211,offer
86760.132000,1.000000,offer
87759.569120,0.018168,offer
86734.653060,0.079604,bid
86774.004200,0.355213,offer
86776.369460,0.000000,offer
86791.060020,0.289616,offer
86793.415300,0.000000,offer
86835.091780,0.648248,offer
86835.720520,0.000000,offer
86716.669100,0.034533,bid
86835.081800,0.648248,offer
86835.091780,0.000000,offer
102311.536860,0.000000,offer
86734.653060,0.103672,bid
86620.292240,2.720301,bid
86513.496260,0.000000,bid
86760.132000,0.000000,offer
86773.994220,0.355213,offer
86774.004200,0.000000,offer
86835.071820,0.648249,offer
86835.081800,0.000000,offer
86724.822760,0.000000,bid
83764.305660,0.014297,bid
82776.295640,0.019291,bid
86734.663040,0.135359,offer
86760.132000,1.000000,offer
86729.922540,0.000000,bid
86722.996420,0.115079,bid
86722.916580,0.000000,bid
86717.048340,1.125946,bid
86717.018400,0.000000,bid
86679.743100,0.000000,bid
86679.164260,0.000000,bid
86677.068460,0.000000,bid
86675.292020,0.354457,bid
86674.643320,0.812254,bid
86672.547520,0.534445,bid
86734.663040,0.118225,offer
86738.954440,0.000000,offer
86775.511180,0.036353,offer
86787.886380,0.000000,offer
86788.904340,0.289624,offer
86791.060020,0.000000,offer
86832.886200,0.648265,offer
86835.071820,0.000000,offer
86835.401160,0.423720,offer
86836.409140,0.000000,offer
86724.643120,0.028769,bid
86749.523260,0.000000,offer
86771.838540,0.355222,offer
86773.994220,0.000000,offer
86725.780840,0.028769,bid
86724.643120,0.000000,bid
86720.561300,0.527590,bid
86717.886660,0.575429,bid
86717.407620,0.039602,bid
86717.048340,0.810661,bid
86715.391660,0.000000,bid
86676.789020,0.812234,bid
86675.302000,0.354457,bid
86675.292020,0.000000,bid
86674.703200,0.534432,bid
86674.643320,0.000000,bid
86672.547520,0.000000,bid
86734.663040,0.017384,offer
86749.523260,0.032218,offer
86760.132000,0.000000,offer
87574.490020,0.002471,offer
87760.118020,0.000000,offer
86707.247980,1.361462,bid
86677.148300,1.311367,bid
86651.230240,0.411122,bid
86620.292240,0.000000,bid
75892.830160,0.005887,bid
86734.663040,0.017259,offer
86738.954440,0.000125,offer
86759.134000,1.924760,offer
86771.838540,0.000000,offer
86773.994220,0.355213,offer
86840.640660,0.147787,offer
86866.967900,0.689718,offer
86677.467660,0.354448,bid
86675.302000,0.000000,bid
103344.985820,0.000009,offer
86734.653060,0.024112,bid
86727.866660,0.048495,bid
86725.780840,0.000000,bid
86723.046320,0.028770,bid
86722.996420,0.000000,bid
86722.826760,0.000000,bid
86720.810800,0.000000,bid
86720.561300,0.195454,bid
86717.886660,0.000000,bid
86717.148140,0.115087,bid
86711.220020,0.000000,bid
86711.210040,0.000000,bid
86709.034400,0.000000,bid
86677.487620,0.354448,bid
86677.467660,0.000000,bid
86734.663040,0.248098,offer
86755.441400,0.204576,offer
86762.587080,1.847903,offer
86773.984240,0.355213,offer
86773.994220,0.000000,offer
86832.846280,0.648265,offer
86832.886200,0.000000,offer
86725.182040,0.000000,bid
86725.172060,0.471107,bid
86723.046320,0.000000,bid
86720.561300,0.209691,bid
86719.423580,0.000000,bid
86718.655120,0.115085,bid
86717.826780,0.005482,bid
86717.287860,0.118100,bid
86716.669100,0.000000,bid
86711.339780,0.254939,bid
86704.034420,1.151042,bid
86645.282160,0.000000,bid
86640.831080,1.257282,bid
86638.166420,0.088604,bid
86637.447860,0.000000,bid
86268.617000,0.050000,bid
86734.663040,0.384353,offer
86738.954440,0.000000,offer
86740.810720,0.079645,offer
86744.183960,0.000000,offer
86746.529260,0.000000,offer
86748.146020,0.114814,offer
86750.531240,0.000000,offer
86752.457380,0.374532,offer
86754.732820,0.000000,offer
86759.134000,0.924760,offer
86765.431380,0.000000,offer
86769.094040,0.000000,offer
86789.483180,1.317090,offer
86797.377360,0.031629,offer
86809.882300,0.000000,offer
86827.546900,0.042488,offer
86827.676640,0.000000,offer
86828.225540,3.407805,offer
86729.942500,0.000000,bid
86729.932520,0.000000,bid
86727.886620,0.000125,bid
86727.876640,0.029097,bid
86718.475480,0.023014,bid
86677.148300,0.430848,bid
86676.789020,0.000000,bid
86674.703200,0.000000,bid
86672.248120,0.812276,bid
86670.162300,0.534460,bid
86268.617000,0.050000,bid
86758.136000,1.000000,offer
86786.529100,0.289632,offer
86788.904340,0.000000,offer
86833.015940,0.423732,offer
86835.401160,0.000000,offer
103344.985820,0.000000,offer
86725.182040,0.002257,bid
86722.537340,0.028770,bid
86717.826780,0.000000,bid
86702.946600,0.120000,bid
86677.487620,0.000000,bid
86673.296020,0.354466,bid
86769.762700,0.355230,offer
86773.984240,0.000000,offer
86830.760460,0.648281,offer
86832.846280,0.000000,offer
86672.567480,0.812273,bid
86672.248120,0.000000,bid
86672.088440,0.000000,bid
86670.471680,0.534458,bid
86670.162300,0.000000,bid
86743.734860,0.024000,offer
86743.744840,0.040000,offer
86725.192020,0.001985,bid
86725.182040,0.000000,bid
86702.437620,0.000000,bid
86702.427640,0.000000,bid
86759.134000,0.000000,offer
86789.483180,0.000000,offer
86789.493160,0.000000,offer
86725.192020,0.000000,bid
86725.182040,0.002303,bid
86722.537340,0.000000,bid
86673.306000,0.354465,bid
86673.296020,0.000000,bid
86734.663040,0.384308,offer
86757.627020,0.000000,offer
86758.136000,0.000000,offer
86769.752720,0.355230,offer
86769.762700,0.000000,offer
86830.750480,0.648281,offer
86830.760460,0.000000,offer
87759.569120,0.022395,offer
86723.425560,0.028770,bid
86720.880660,0.115082,bid
86714.812820,0.575450,bid
86714.463520,0.029097,bid
86638.166420,0.000000,bid
86635.042680,0.088605,bid
86743.784760,0.029097,offer
86757.138000,1.000000,offer
86723.425560,0.000000,bid
86720.880660,0.000000,bid
86719.992440,0.028771,bid
86714.812820,0.000000,bid
86714.104240,0.115091,bid
86673.315980,0.354465,bid
86673.306000,0.000000,bid
86672.986640,0.000000,bid
86670.481660,0.143839,bid
86743.734860,0.038458,offer
86830.740500,0.648281,offer
86830.750480,0.000000,offer
86719.992440,0.000000,bid
86714.104240,0.000000,bid
86700.311880,0.926400,bid
86669.962700,1.641676,bid
86757.836600,0.893911,offer
86788.205740,1.580354,offer
86734.653060,0.025164,bid
86725.182040,0.000000,bid
86720.561300,0.141003,bid
86720.132160,0.028771,bid
86718.655120,0.000000,bid
86717.826780,0.005482,bid
86715.631180,0.115089,bid
86714.463520,0.000000,bid
86673.325960,0.354465,bid
86673.315980,0.000000,bid
86743.734860,0.024000,offer
86743.784760,0.000000,offer
86757.138000,1.000000,offer
86769.742740,0.355230,offer
86769.752720,0.000000,offer
86830.730520,0.648281,offer
86830.740500,0.000000,offer
86720.132160,0.000000,bid
86715.631180,0.000000,bid
86725.182040,0.002072,bid
86723.495420,0.000000,bid
86720.730960,0.223861,bid
86720.720980,0.115082,bid
86720.561300,0.000000,bid
86717.826780,0.000000,bid
86768.734760,0.000000,offer
86721.918580,0.000000,bid
86717.148140,0.000000,bid
86673.355900,0.354465,bid
86673.325960,0.000000,bid
86830.710560,0.648281,offer
86830.730520,0.000000,offer
86725.182040,0.000000,bid
86717.826780,0.005482,bid
86734.663040,0.384307,offer
86757.138000,0.000000,offer
86725.182040,0.002727,bid
86722.507400,0.028770,bid
86718.465500,0.115085,bid
86717.826780,0.000000,bid
86716.619200,0.115087,bid
86704.044400,1.462517,bid
86680.212160,0.579989,bid
86673.365880,0.354465,bid
86673.355900,0.000000,bid
86672.617380,1.985895,bid
86665.361920,0.000000,bid
86665.351940,0.000000,bid
86644.623480,0.742660,bid
75892.830160,0.000000,bid
86734.663040,0.266207,offer
86758.136000,1.000000,offer
86830.700580,0.648281,offer
86830.710560,0.000000,offer
105536.563880,0.000009,offer
86725.182040,0.000000,bid
86722.647120,0.000000,bid
86722.507400,0.000000,bid
86720.730960,0.151522,bid
86720.720980,0.000000,bid
86718.465500,0.000000,bid
86717.826780,0.005482,bid
86716.619200,0.000000,bid
86711.539380,0.254939,bid
86711.529400,0.000000,bid
86711.339780,0.000000,bid
86711.110240,0.029097,bid
86704.044400,0.000000,bid
86704.034420,0.000000,bid
86743.734860,0.038458,offer
86747.138040,0.029097,offer
86723.235940,0.028770,bid
86715.621200,0.575444,bid
86725.182040,0.002439,bid
86724.453500,0.028769,bid
86723.235940,0.000000,bid
86721.589240,0.115081,bid
86717.826780,0.000000,bid
86673.375860,0.354465,bid
86673.365880,0.000000,bid
86830.690600,0.648281,offer
86830.700580,0.000000,offer
86673.405800,0.354465,bid
86673.375860,0.000000,bid
83545.124900,0.015529,bid
82320.798460,0.021822,bid
86757.627020,1.888462,offer
86769.732760,0.355230,offer
86769.742740,0.000000,offer
86788.195760,1.367091,offer
86830.650680,0.999134,offer
86830.660660,0.648281,offer
86830.690600,0.000000,offer
86725.970460,0.118100,bid
86725.182040,0.000000,bid
86723.146120,0.115079,bid
86717.826780,0.005482,bid
86672.637340,0.812273,bid
86672.567480,0.000000,bid
86670.541540,0.534457,bid
86670.471680,0.000000,bid
86268.617000,0.000000,bid
105536.563880,0.000000,offer
86725.182040,0.002327,bid
86724.453500,0.000000,bid
86723.435540,0.028770,bid
86723.146120,0.000000,bid
86721.599220,0.292910,bid
86720.730960,0.000000,bid
86720.042340,0.115083,bid
86717.826780,0.000000,bid
86717.547340,0.115086,bid
86673.505600,0.354465,bid
86673.405800,0.000000,bid
86724.433540,0.028769,bid
86723.435540,0.000000,bid
86711.699060,0.962962,bid
86711.689080,1.150940,bid
86711.539380,0.000000,bid
86725.980440,0.002425,bid
86725.182040,0.000000,bid
86723.206000,0.115079,bid
86717.547340,0.000000,bid
86673.525560,0.354465,bid
86673.505600,0.000000,bid
86268.617000,0.050000,bid
84281.299600,0.000000,bid
86734.663040,0.265068,offer
86757.627020,0.000000,offer
86758.136000,0.000000,offer
86758.136000,1.000000,offer
86756.599080,0.000000,offer
86725.980440,0.000000,bid
86725.182040,0.002728,bid
86723.206000,0.000000,bid
86717.946540,0.115086,bid
86673.545520,0.354465,bid
86673.525560,0.000000,bid
86268.617000,0.000000,bid
106602.587560,0.000008,offer
86725.980440,0.001982,bid
86725.182040,0.000000,bid
86702.956580,0.675627,bid
86673.565480,0.354464,bid
86673.545520,0.000000,bid
86666.529580,0.051238,bid
86640.841060,0.287311,bid
86268.617000,0.050000,bid
75892.830160,0.006541,bid
86861.957940,2.311632,offer
86725.980440,0.000000,bid
86725.970460,0.000000,bid
86725.182040,0.003157,bid
86673.585440,0.354464,bid
86673.565480,0.000000,bid
86725.970460,0.118100,bid
86723.235940,0.115079,bid
86717.946540,0.000000,bid
86769.712800,0.355230,offer
86769.732760,0.000000,offer
86830.580820,0.648282,offer
86830.650680,0.000000,offer
86830.660660,0.000000,offer
106602.587560,0.000000,offer
86726.020360,0.028769,bid
86724.433540,0.000000,bid
86721.599220,0.598263,bid
86718.136160,0.575427,bid
86715.621200,0.000000,bid
86674.793020,0.812253,bid
86672.637340,0.000000,bid
86670.551520,0.534457,bid
86670.541540,0.000000,bid
86641.150440,1.257277,bid
86640.841060,0.000000,bid
86640.831080,0.000000,bid
86268.617000,0.050000,bid
86734.663040,0.128938,offer
86740.810720,0.000000,offer
86726.030340,0.003175,bid
86726.020360,0.000000,bid
86725.182040,0.000000,bid
86724.573260,0.028769,bid
86721.589240,0.000000,bid
86718.675080,0.115085,bid
86675.771060,0.354455,bid
86673.585440,0.000000,bid
86758.136000,0.000000,offer
86759.134000,1.000000,offer
86769.712800,0.000000,offer
86771.978260,0.355221,offer
86637.447860,0.088604,bid
86635.042680,0.000000,bid
83289.347480,0.016775,bid
86734.663040,0.165165,offer
86738.974400,0.041802,offer
86739.024300,0.000000,offer
86726.030340,0.000000,bid
86725.980440,0.003329,bid
86670.561500,0.534457,bid
86670.551520,0.000000,bid
86757.627020,1.888462,offer
86768.784660,0.008615,offer
86769.822580,0.355230,offer
86771.978260,0.000000,offer
86734.663040,0.165153,offer
86769.792640,0.355230,offer
86769.822580,0.000000,offer
86637.447860,0.000000,bid
86635.042680,0.088604,bid
83896.889960,0.000000,bid
83726.301820,0.000000,bid
83124.677480,0.000000,bid
106602.587560,0.000008,offer
86513.875500,0.006000,bid
86769.782660,0.355230,offer
86769.792640,0.000000,offer
87759.569120,0.022407,offer
86725.980440,0.000000,bid
86725.970460,0.118100,bid
86725.182040,0.003676,bid
86724.573260,0.000000,bid
86723.235940,0.000000,bid
86722.647120,0.000000,bid
86721.599220,0.292910,bid
86718.136160,0.000000,bid
86716.748940,0.000000,bid
86714.762920,0.575450,bid
86268.617000,0.000000,bid
86734.663040,0.173051,offer
86757.627020,0.000000,offer
86759.134000,0.000000,offer
86783.285600,0.321364,offer
86830.500980,0.999135,offer
86830.510960,0.648283,offer
86830.580820,0.000000,offer
86724.663080,0.028769,bid
86723.016380,0.115079,bid
86758.136000,1.000000,offer
86769.772680,0.355230,offer
86769.782660,0.000000,offer
106602.587560,0.000000,offer
86725.980440,0.002627,bid
86725.182040,0.000000,bid
86702.956580,0.000000,bid
86700.311880,0.000000,bid
86672.617380,0.697629,bid
86669.962700,0.000000,bid
86268.617000,0.050000,bid
75892.830160,0.000000,bid
86757.836600,0.000000,offer
86788.195760,0.000000,offer
86788.205740,0.000000,offer
86724.663080,0.000000,bid
86723.206000,0.028770,bid
86723.016380,0.000000,bid
86721.549320,0.115081,bid
86703.415660,0.216052,bid
86677.148300,0.990718,bid
86641.160420,0.754366,bid
86609.703460,0.309107,bid
86700.960580,0.918419,bid
86670.621380,1.645756,bid
86757.856560,0.874055,offer
86788.225700,1.552462,offer
86724.573260,0.028769,bid
86723.206000,0.000000,bid
86722.916580,0.115079,bid
86721.549320,0.000000,bid
86734.653060,0.025194,bid
106602.587560,0.000008,offer
82849.838260,0.019273,bid
86725.850700,0.028769,bid
86724.573260,0.000000,bid
86721.459500,0.115081,bid
86718.675080,0.000000,bid
86717.397640,1.253848,bid
86717.387660,0.575432,bid
86717.048340,0.000000,bid
86714.762920,0.000000,bid
86734.663040,0.061508,offer
86757.627020,0.000000,offer
86758.136000,0.000000,offer
86769.762700,0.355230,offer
86769.772680,0.000000,offer
86734.653060,0.055194,bid
86724.353700,0.115077,bid
86721.459500,0.000000,bid
86679.084420,0.797221,bid
86677.148300,0.430848,bid
86675.900800,0.354455,bid
86675.771060,0.000000,bid
86674.793020,0.000000,bid
86672.667280,0.542002,bid
86670.561500,0.000000,bid
86641.210320,1.257276,bid
86641.160420,0.000000,bid
86641.150440,0.000000,bid
86734.663040,0.017384,offer
86759.134000,1.000000,offer
86783.285600,0.168669,offer
86786.529100,0.000000,offer
86793.485160,0.273578,offer
86722.916580,0.000000,bid
83764.305660,0.000000,bid
86725.850700,0.000000,bid
86725.072260,0.028769,bid
86680.242100,0.354437,bid
86676.998600,0.541975,bid
86675.900800,0.000000,bid
86672.667280,0.000000,bid
86645.541640,1.257213,bid
86641.210320,0.000000,bid
82776.295640,0.000000,bid
86734.663040,0.017378,offer
86759.134000,0.000000,offer
86769.762700,0.000000,offer
86776.259680,0.355203,offer
86830.500980,0.000000,offer
86833.205560,0.269534,offer
86833.225520,0.000000,offer
106602.587560,0.000000,offer
83764.305660,0.014297,bid
82776.295640,0.019291,bid
86759.134000,1.000000,offer
86680.252080,0.354437,bid
86680.242100,0.000000,bid
86645.551620,1.257213,bid
86645.541640,0.000000,bid
86751.938420,1.000000,offer
86725.072260,0.000000,bid
86724.353700,0.000000,bid
86723.964480,0.028769,bid
86721.599220,0.407991,bid
86718.076280,0.115086,bid
86680.272040,0.354437,bid
86680.252080,0.000000,bid
86645.561600,1.257213,bid
86645.551620,0.000000,bid
84224.303820,0.011849,bid
83723.497440,0.014304,bid
86748.165980,1.571282,offer
86759.134000,0.000000,offer
86776.249700,0.355203,offer
86776.259680,0.000000,offer
86635.042680,0.000000,bid
86760.132000,1.000000,offer
86734.653060,0.069535,bid
86724.942520,0.028769,bid
86723.964480,0.000000,bid
86723.295820,0.115079,bid
86721.599220,0.292910,bid
86718.076280,0.000000,bid
86680.282020,0.354437,bid
86680.272040,0.000000,bid
86645.571580,1.257213,bid
86645.561600,0.000000,bid
86637.447860,0.088603,bid
75892.830160,0.006541,bid
87802.562960,0.001200,offer
87848.311280,0.000000,offer
86703.415660,0.740097,bid
86680.292000,0.354437,bid
86680.282020,0.000000,bid
86672.617380,1.254134,bid
86628.904980,0.139812,bid
86861.957940,4.228521,offer
107668.611240,0.000008,offer
86734.653060,0.075784,bid
86645.581560,1.257213,bid
86645.571580,0.000000,bid
86768.784660,0.000000,offer
86776.239720,0.355204,offer
86776.249700,0.000000,offer
86680.301980,0.354437,bid
86680.292000,0.000000,bid
84281.289620,0.011841,bid
86680.331920,0.354437,bid
86680.301980,0.000000,bid
86645.591540,1.257212,bid
86645.581560,0.000000,bid
107668.611240,0.000000,offer
86734.663040,0.017224,offer
86760.132000,0.000000,offer
86680.341900,0.354437,bid
86680.331920,0.000000,bid
86734.663040,0.017350,offer
86760.132000,1.000000,offer
86645.601520,1.257212,bid
86645.591540,0.000000,bid
83545.124900,0.000000,bid
82320.798460,0.000000,bid
86734.663040,0.017338,offer
86776.229740,0.355204,offer
86776.239720,0.000000,offer
86680.361860,0.354437,bid
86680.341900,0.000000,bid
86645.611500,1.257212,bid
86645.601520,0.000000,bid
87759.569120,0.018180,offer
87760.118020,0.002500,offer
86721.848720,0.000000,bid
86724.942520,0.000000,bid
86723.655100,0.028770,bid
86718.854720,0.115085,bid
86680.371840,0.354437,bid
86680.361860,0.000000,bid
86757.627020,1.276549,offer
86760.132000,0.000000,offer
86724.712980,0.028769,bid
86723.655100,0.000000,bid
86645.621480,1.257212,bid
86645.611500,0.000000,bid
86760.132000,1.000000,offer
87759.569120,0.018168,offer
87807.992080,0.000000,offer
86720.042340,0.000000,bid
86680.381820,0.354437,bid
86680.371840,0.000000,bid
75892.830160,0.000000,bid
86776.219760,0.355204,offer
86776.229740,0.000000,offer
109545.839260,0.000008,offer
86680.391800,0.354436,bid
86680.381820,0.000000,bid
86645.631460,1.257212,bid
86645.621480,0.000000,bid
83545.464220,0.015529,bid
82321.137780,0.021822,bid
86698.764980,0.149156,bid
86677.148300,0.615878,bid
86788.215720,1.350356,offer
86830.500980,0.816739,offer
86861.957940,0.000000,offer
109545.839260,0.000000,offer
86734.653060,0.069535,bid
86680.411760,0.354436,bid
86680.391800,0.000000,bid
86734.663040,0.017315,offer
86727.876640,0.042721,bid
86726.239920,0.002997,bid
86726.229940,0.028769,bid
86725.980440,0.000000,bid
86724.712980,0.000000,bid
86721.499420,0.115081,bid
86645.641440,1.257212,bid
86645.631460,0.000000,bid
86268.617000,0.050000,bid
86734.663040,0.017213,offer
86738.974400,0.041004,offer
86739.004340,0.000000,offer
86739.014320,0.000000,offer
86760.132000,0.000000,offer
86727.876640,0.029097,bid
86726.239920,0.000000,bid
86726.229940,0.000000,bid
86725.980440,0.003415,bid
86725.331740,0.028769,bid
86680.421740,0.354436,bid
86680.411760,0.000000,bid
83726.301820,0.014304,bid
86734.663040,0.017167,offer
86827.546900,0.000000,offer
86828.215560,0.042502,offer
86725.331740,0.000000,bid
86723.295820,0.000000,bid
86718.854720,0.000000,bid
86717.976480,0.115086,bid
86691.898740,0.561000,bid
86677.148300,0.430848,bid
86677.128340,0.000000,bid
86665.990660,0.412000,bid
86651.230240,0.070922,bid
86651.220260,0.000000,bid
86645.651420,1.257212,bid
86645.641440,0.000000,bid
86762.267720,0.355000,offer
86773.465280,0.000000,offer
86776.209780,0.355204,offer
86776.219760,0.000000,offer
86788.175800,0.542000,offer
86799.363380,0.000000,offer
86799.373360,0.000000,offer
86723.864680,0.028769,bid
86721.499420,0.000000,bid
86680.431720,0.354436,bid
86680.421740,0.000000,bid
86734.663040,0.016788,offer
86725.142120,0.028769,bid
86723.864680,0.000000,bid
86722.986440,0.115079,bid
86703.415660,0.216052,bid
86702.966560,0.005752,bid
86700.960580,0.000000,bid
86698.036440,0.000000,bid
86691.509520,0.005752,bid
86672.617380,0.000000,bid
86670.621380,0.000000,bid
86665.491660,0.000000,bid
86620.292240,1.553629,bid
86606.769340,0.000000,bid
86605.671540,1.150528,bid
86757.627020,0.000000,offer
86757.856560,0.000000,offer
86788.215720,0.000000,offer
86788.225700,0.000000,offer
86866.967900,0.000000,offer
86866.977880,0.000000,offer
86722.068280,0.115080,bid
86721.599220,0.151522,bid
86717.976480,0.000000,bid
86680.461660,0.354436,bid
86680.431720,0.000000,bid
86645.661400,1.257211,bid
86645.651420,0.000000,bid
83289.347480,0.000000,bid
109545.839260,0.000008,offer
86722.068280,0.000000,bid
86734.653060,0.075784,bid
86703.415660,0.738811,bid
86700.990520,0.910525,bid
86670.651320,1.605376,bid
86757.826620,0.875902,offer
86788.195760,1.536602,offer
86734.653060,0.039761,bid
86698.764980,0.149140,bid
86680.471640,0.354436,bid
86680.461660,0.000000,bid
86679.084420,0.000000,bid
86676.998600,0.000000,bid
86674.713180,0.797261,bid
86672.627360,0.542002,bid
86205.772940,0.000000,bid
86771.868480,0.355221,offer
86776.209780,0.000000,offer
86789.183780,0.273591,offer
86793.485160,0.000000,offer
86220.633160,0.828557,bid
86720.471480,0.115082,bid
86727.876640,0.029097,bid
86726.180040,0.002537,bid
86726.170060,0.000000,bid
86725.980440,0.000000,bid
86725.142120,0.000000,bid
86724.513380,0.115077,bid
86722.986440,0.000000,bid
86680.471640,0.000000,bid
86676.150300,0.354454,bid
86675.661280,0.797253,bid
86674.713180,0.000000,bid
86673.575460,0.541997,bid
86672.627360,0.000000,bid
86734.663040,0.045092,offer
86727.876640,0.044243,bid
86726.200000,0.003840,bid
86726.190020,0.028769,bid
86726.180040,0.000000,bid
86734.663040,0.029556,offer
86734.673020,0.000000,offer
86735.561240,0.000000,offer
86740.830680,0.291012,offer
86743.355620,0.000000,offer
86745.850620,0.575244,offer
86771.110000,0.355225,offer
86771.868480,0.000000,offer
86788.425300,0.273593,offer
86789.183780,0.000000,offer
86727.876640,0.029097,bid
86726.190020,0.000000,bid
86724.902600,0.028769,bid
86677.108380,0.354450,bid
86676.150300,0.000000,bid
86734.663040,0.202152,offer
86743.345640,0.118100,offer
109545.839260,0.000000,offer
86726.200000,0.000000,bid
86725.980440,0.004207,bid
86724.513380,0.000000,bid
86723.196020,0.115079,bid
86677.148300,0.000000,bid
86675.661280,0.000000,bid
86673.575460,0.000000,bid
86672.667280,0.797280,bid
86670.581460,0.542015,bid
75892.830160,0.006541,bid
86830.391200,0.648283,offer
86830.500980,0.000000,offer
86830.510960,0.000000,offer
86677.108380,0.000000,bid
86674.024560,0.354463,bid
82849.838260,0.000000,bid
86734.663040,0.201867,offer
86739.273800,0.470143,offer
86740.830680,0.000000,offer
86743.734860,0.381797,offer
86757.627020,1.277657,offer
86769.702820,0.355230,offer
86771.110000,0.000000,offer
86787.028100,0.273598,offer
86788.425300,0.000000,offer
86734.653060,0.057834,bid
86695.741040,0.582433,bid
86676.888820,0.797241,bid
86674.803000,0.541989,bid
86672.667280,0.000000,bid
86670.581460,0.000000,bid
86659.972720,1.797678,bid
86659.952760,0.000000,bid
86620.292240,0.000000,bid
86678.365860,0.354445,bid
86674.024560,0.000000,bid
86769.702820,0.000000,offer
86774.034140,0.355213,offer
86787.028100,0.000000,offer
86791.369400,0.273584,offer
87759.569120,0.016285,offer
86637.447860,0.000000,bid
86635.042680,0.088604,bid
86734.663040,0.201992,offer
87574.490020,0.000000,offer
87756.375520,0.000200,offer
86635.042680,0.000000,bid
86678.375840,0.354445,bid
86678.365860,0.000000,bid
86637.447860,0.088605,bid
86734.653060,0.063159,bid
86678.405780,0.434090,bid
86678.375840,0.000000,bid
109545.839260,0.000008,offer
86734.653060,0.068647,bid
86774.024160,0.355213,offer
86774.034140,0.000000,offer
109545.839260,0.000000,offer
86678.435720,0.354444,bid
86678.405780,0.079645,bid
86743.335660,0.002262,offer
75892.830160,0.000000,bid
86678.445700,0.354444,bid
86678.435720,0.000000,bid
83289.696780,0.016775,bid
86774.014180,0.355213,offer
86774.024160,0.000000,offer
86678.455680,0.354444,bid
86678.445700,0.000000,bid
86765.431380,0.190937,offer
86768.784660,0.008614,offer
86672.617380,1.317110,bid
86638.156440,0.000000,bid
86622.398020,0.000000,bid
86609.703460,0.000000,bid
86592.148640,0.000000,bid
86734.663040,0.201781,offer
86791.359420,0.164151,offer
86830.381220,0.816740,offer
86861.957940,1.777348,offer
86727.876640,0.042721,bid
86726.429540,0.028769,bid
86724.902600,0.000000,bid
86724.782840,0.115077,bid
86678.475640,0.354444,bid
86678.455680,0.000000,bid
86268.617000,0.000000,bid
86734.663040,0.172721,offer
86727.876640,0.029097,bid
86726.429540,0.000000,bid
86725.651100,0.028769,bid
86723.196020,0.000000,bid
86721.848720,0.115081,bid
86268.617000,0.050000,bid
86725.651100,0.000000,bid
86724.802800,0.028769,bid
86724.782840,0.000000,bid
86723.156100,0.115079,bid
86721.848720,0.000000,bid
86721.599220,0.270682,bid
86718.914600,0.115084,bid
86678.485620,0.354444,bid
86678.475640,0.000000,bid
86827.546900,0.042488,offer
86828.215560,0.000015,offer
86734.653060,0.070425,bid
86628.904980,0.000000,bid
86583.466040,0.000019,bid
86680.661260,0.354435,bid
86679.024540,0.797222,bid
86678.485620,0.000000,bid
86676.928740,0.541976,bid
86676.888820,0.000000,bid
86674.803000,0.000000,bid
86645.761200,1.305594,bid
86645.661400,0.000000,bid
84281.289620,0.000000,bid
84224.303820,0.000000,bid
83764.305660,0.000000,bid
83723.497440,0.000000,bid
82776.295640,0.000000,bid
86734.663040,0.172436,offer
86774.014180,0.000000,offer
86776.159880,0.355204,offer
86680.671240,0.354435,bid
86680.661260,0.000000,bid
86645.771180,1.305594,bid
86645.761200,0.000000,bid
86583.466040,0.000013,bid
86734.663040,0.172054,offer
86734.663040,0.172008,offer
86724.802800,0.000000,bid
86724.772860,0.028769,bid
86718.914600,0.000000,bid
86718.884660,0.115085,bid
86680.681220,0.354435,bid
86680.671240,0.000000,bid
86645.781160,1.305594,bid
86645.771180,0.000000,bid
86734.663040,0.171905,offer
86703.415660,0.216052,bid
86700.990520,0.000000,bid
86680.701180,0.354435,bid
86680.681220,0.000000,bid
86672.617380,0.000000,bid
86670.651320,0.000000,bid
86757.627020,0.000000,offer
86757.826620,0.000000,offer
86776.149900,0.355204,offer
86776.159880,0.000000,offer
86788.195760,0.000000,offer
75892.830160,0.000654,bid
86680.711160,0.354435,bid
86680.701180,0.000000,bid
75892.830160,0.006541,bid
86734.663040,0.171803,offer
86645.791140,1.305594,bid
86645.781160,0.000000,bid
86703.415660,0.739060,bid
86701.948600,0.910939,bid
86671.609400,1.618039,bid
86757.806660,0.917906,offer
86788.165820,1.677262,offer
85717.631180,0.000020,bid
86680.721140,0.354435,bid
86680.711160,0.000000,bid
86672.617380,1.324708,bid
86645.801120,1.305594,bid
86645.791140,0.000000,bid
86757.627020,1.302859,offer
86788.155840,1.750436,offer
86838.415120,0.149496,offer
86861.957940,0.000000,offer
82850.177580,0.019273,bid
86734.653060,0.071019,bid
86680.741100,0.354435,bid
86680.721140,0.000000,bid
86645.811100,1.305594,bid
86645.801120,0.000000,bid
86770.920380,0.000000,offer
86776.139920,0.355204,offer
86776.149900,0.000000,offer
86782.636900,0.043700,offer
85717.631180,0.000013,bid
86680.761060,0.364179,bid
86680.741100,0.000000,bid
83545.464220,0.000000,bid
82321.137780,0.000000,bid
86724.772860,0.000000,bid
87759.569120,0.016222,offer
86725.980440,0.000000,bid
86725.970460,0.000000,bid
86725.182040,0.002148,bid
86723.206000,0.028770,bid
86723.156100,0.000000,bid
86717.317800,0.115087,bid
86645.821080,1.305593,bid
86645.811100,0.000000,bid
86723.206000,0.000000,bid
86717.317800,0.000000,bid
86680.771040,0.364179,bid
86680.761060,0.000000,bid
86670.481660,0.000000,bid
86667.327980,0.143842,bid
86637.447860,0.000000,bid
86635.042680,0.088607,bid
86724.573260,0.028769,bid
86722.916580,0.115079,bid
86513.875500,0.000000,bid
86734.663040,0.171557,offer
86725.980440,0.002850,bid
86725.970460,0.118100,bid
86725.182040,0.000000,bid
86680.781020,0.364179,bid
86680.771040,0.000000,bid
86268.617000,0.000000,bid
86680.800980,0.364179,bid
86680.781020,0.000000,bid
86645.831060,1.305593,bid
86645.821080,0.000000,bid
84129.134540,0.000007,bid
75892.830160,0.000000,bid
86776.129940,0.385666,offer
86776.139920,0.000000,offer
86268.617000,0.050000,bid
86734.663040,0.171277,offer
86734.653060,0.056679,bid
86725.980440,0.000000,bid
86725.970460,0.000000,bid
86725.182040,0.003399,bid
86724.573260,0.000000,bid
86722.926560,0.028770,bid
86722.916580,0.000000,bid
86717.397640,0.908588,bid
86717.387660,0.000000,bid
86717.038360,0.322900,bid
86715.042360,0.575448,bid
86734.663040,0.289377,offer
86773.974260,0.385676,offer
86776.129940,0.000000,offer
86722.926560,0.000000,bid
86718.884660,0.000000,bid
86711.699060,0.000000,bid
86711.689080,0.000000,bid
86734.663040,0.405692,offer
86828.225540,0.000000,offer
86873.395020,0.000000,offer
86725.182040,0.000000,bid
86725.172060,0.140217,bid
86725.152100,0.000000,bid
86721.599220,0.151522,bid
86721.329760,0.000000,bid
86720.471480,0.000000,bid
86717.826780,0.004566,bid
86715.042360,0.000000,bid
86711.699060,0.272397,bid
86703.675140,1.151047,bid
86690.341860,0.125628,bid
86663.236180,0.097116,bid
84129.134540,0.000001,bid
86739.263820,0.079645,offer
86773.954300,1.007777,offer
86802.227640,1.758251,offer
86828.225540,2.370210,offer
86838.415120,0.000000,offer
86840.640660,0.000000,offer
86727.886620,0.000000,bid
86727.876640,0.000000,bid
86727.866660,0.000000,bid
86725.830740,0.000125,bid
86725.820760,0.003453,bid
86725.810780,0.000000,bid
86725.800800,0.000000,bid
86725.182040,0.000000,bid
86725.172060,0.083217,bid
86724.014380,0.000000,bid
86722.567280,0.002674,bid
86721.599220,0.221634,bid
86720.930560,0.028770,bid
86719.273880,0.115084,bid
86717.826780,0.000000,bid
86268.617000,0.050000,bid
86773.964280,0.465321,offer
86773.974260,0.000000,offer
86734.653060,0.056880,bid
86721.489440,0.028770,bid
86720.930560,0.000000,bid
86715.441560,0.115089,bid
86714.483480,0.509889,bid
86734.653060,0.056454,bid
86722.567280,0.003133,bid
86720.611200,0.000000,bid
86719.273880,0.000000,bid
86718.325780,0.115085,bid
86717.826780,0.000000,bid
86715.441560,0.000000,bid
86268.617000,0.000000,bid
86734.663040,0.287592,offer
86268.617000,0.050000,bid
83726.301820,0.000000,bid
86734.663040,0.405692,offer
86734.653060,0.050966,bid
86722.766880,0.028770,bid
86721.489440,0.000000,bid
86722.776860,0.004669,bid
86722.567280,0.000000,bid
86721.120180,0.115082,bid
86717.397640,1.515272,bid
86714.383680,0.575452,bid
86734.663040,0.287592,offer
86722.766880,0.000000,bid
86725.990420,0.000125,bid
86725.980440,0.159025,bid
86725.970460,0.118100,bid
86725.830740,0.000000,bid
86725.172060,0.000000,bid
86723.844720,0.028769,bid
86722.776860,0.000000,bid
86722.587240,0.115080,bid
86722.567280,0.004828,bid
86721.599220,0.330968,bid
86721.120180,0.000000,bid
86720.042340,0.115083,bid
86717.038360,0.207813,bid
86711.479500,1.150943,bid
86703.675140,0.000000,bid
86268.617000,0.000000,bid
86773.954300,1.393453,offer
86773.964280,0.079645,offer
86734.653060,0.050501,bid
86725.980440,0.225476,bid
86711.699060,0.928914,bid
83287.840500,0.000020,bid
86722.597220,0.004991,bid
86722.567280,0.000000,bid
87579.240500,0.002471,offer
87760.118020,0.000000,offer
75892.830160,0.000654,bid
75892.830160,0.005887,bid
86734.653060,0.054353,bid
83287.840500,0.000013,bid
86734.663040,0.287580,offer
86734.653060,0.054456,bid
86676.938720,0.396734,bid
86644.623480,0.000000,bid
86773.944320,0.385676,offer
86773.954300,1.007777,offer
86780.581020,3.643033,offer
86821.000020,0.000000,offer
86828.225540,0.000000,offer
86830.381220,0.000000,offer
86726.000400,0.000125,bid
86725.990420,0.001313,bid
86722.597220,0.000000,bid
86739.263820,0.000000,offer
86726.010380,0.000125,bid
86726.000400,0.003290,bid
86725.990420,0.000000,bid
86703.415660,0.216052,bid
86701.948600,0.000000,bid
86672.617380,0.000000,bid
86671.609400,0.000000,bid
86757.627020,0.000000,offer
86757.806660,0.000000,offer
86788.155840,0.000000,offer
86788.165820,0.000000,offer
86734.653060,0.054486,bid
86692.697140,0.248566,bid
86679.563460,0.000000,bid
83289.696780,0.000000,bid
86726.010380,0.000000,bid
86726.000400,0.000125,bid
86725.990420,0.003285,bid
86734.663040,0.287580,offer
61667.238360,0.000027,bid
86726.000400,0.003349,bid
86699.234040,0.926454,bid
86668.894840,1.677718,bid
86757.786700,0.904995,offer
86788.145860,1.631687,offer
86726.010380,0.000125,bid
86726.000400,0.003223,bid
86725.990420,0.000000,bid
86725.970460,0.000000,bid
86773.934340,0.385676,offer
86773.944320,0.000000,offer
86734.653060,0.054456,bid
86725.970460,0.118100,bid
86726.060280,0.000125,bid
86726.050300,0.028769,bid
86726.010380,0.000000,bid
86726.000400,0.000000,bid
86725.990420,0.003240,bid
86724.413580,0.115077,bid
86723.844720,0.000000,bid
86721.599220,0.000000,bid
86718.325780,0.000000,bid
86718.216000,0.575427,bid
86714.383680,0.000000,bid
86726.060280,0.000000,bid
86726.050300,0.000000,bid
86726.000400,0.000125,bid
86724.932540,0.028769,bid
86724.413580,0.000000,bid
86719.084260,0.115084,bid
86718.225980,0.228326,bid
86717.816800,0.000000,bid
61667.238360,0.000018,bid
86771.239740,0.043706,offer
86782.636900,0.000000,offer
75892.830160,0.005233,bid
84224.623180,0.011849,bid
83723.806820,0.014304,bid
75892.830160,0.000654,bid
86726.000400,0.000000,bid
86725.990420,0.000125,bid
86725.980440,0.159025,bid
86725.970460,0.000000,bid
86725.820760,0.000000,bid
86724.932540,0.000000,bid
86722.986440,0.003453,bid
86722.976460,0.028770,bid
86722.597220,0.000000,bid
86720.042340,0.000000,bid
86719.094240,0.226055,bid
86718.245940,0.228326,bid
86718.235960,0.000000,bid
86718.225980,0.000000,bid
86718.216000,0.000000,bid
86725.980440,0.222580,bid
86725.970460,0.118100,bid
86722.976460,0.000000,bid
86719.104220,0.005482,bid
86719.094240,0.220573,bid
86773.924360,0.385676,offer
86773.934340,0.000000,offer
86723.954500,0.028769,bid
86720.601220,0.115082,bid
83726.960500,0.014304,bid
86734.653060,0.055250,bid
86726.000400,0.000125,bid
86725.990420,0.000687,bid
86725.361680,0.028769,bid
86723.954500,0.000000,bid
86719.104220,0.000000,bid
86717.527380,0.575432,bid
86672.617380,0.267581,bid
86645.841040,0.962167,bid
61056.671940,0.000028,bid
86757.627020,1.295113,offer
86788.135880,1.723091,offer
86725.361680,0.000000,bid
86719.094240,0.538260,bid
86734.653060,0.055018,bid
86725.990420,0.000000,bid
86725.980440,0.159025,bid
86725.970460,0.000000,bid
86722.597220,0.005374,bid
86719.104220,0.228326,bid
86718.245940,0.000000,bid
86726.000400,0.000000,bid
86725.990420,0.000125,bid
86725.970460,0.118100,bid
86723.754900,0.028769,bid
86734.663040,0.286441,offer
86725.970460,0.000000,bid
61056.671940,0.000019,bid
86748.165980,1.106808,offer
86751.938420,0.000000,offer
86734.663040,0.286223,offer
86773.914380,0.385676,offer
86773.924360,0.000000,offer
86514.494260,0.006000,bid
87759.569120,0.022434,offer
86725.990420,0.001849,bid
86725.980440,0.225804,bid
86725.970460,0.118100,bid
86722.597220,0.000000,bid
75892.830160,0.005887,bid
86726.000400,0.000125,bid
86725.990420,0.001724,bid
60446.105520,0.000028,bid
83545.773600,0.015529,bid
82850.177580,0.000000,bid
82321.437180,0.021822,bid
86773.904400,0.385676,offer
86773.914380,0.000000,offer
86725.970460,0.000000,bid
86722.597220,0.005459,bid
82850.467000,0.019273,bid
86734.653060,0.055283,bid
86726.000400,0.000000,bid
86725.990420,0.000125,bid
86725.990420,0.000000,bid
86725.980440,0.088564,bid
86723.754900,0.000000,bid
86722.996420,0.000125,bid
86722.597220,0.028770,bid
86722.587240,0.000000,bid
86720.611200,0.295104,bid
86719.094240,0.000000,bid
86717.527380,0.000000,bid
86716.758920,0.115087,bid
86714.772900,0.575450,bid
86668.904820,1.388588,bid
86666.529580,0.000000,bid
86645.841040,0.000000,bid
86268.607020,0.050000,bid
60446.105520,0.000019,bid
86734.663040,0.404323,offer
86773.894420,0.231406,offer
86796.319480,0.066765,offer
86725.990420,0.000125,bid
86722.996420,0.000000,bid
86722.607200,0.005477,bid
86722.597220,0.000000,bid
86720.611200,0.289622,bid
86719.104220,0.000000,bid
86719.084260,0.000000,bid
86717.417600,0.228326,bid
86268.607020,0.050000,bid
86725.980440,0.163814,bid
86723.675060,0.028770,bid
86722.038340,0.115080,bid
86720.611200,0.083576,bid
86268.607020,0.000000,bid
86825.970060,0.042488,offer
86827.546900,0.000000,offer
86734.653060,0.054121,bid
86734.663040,0.404087,offer
86722.607200,0.000000,bid
86722.567280,0.004965,bid
86725.980440,0.088564,bid
86723.675060,0.000000,bid
86722.577260,0.004953,bid
86722.567280,0.000000,bid
86722.038340,0.000000,bid
86721.699020,0.109329,bid
86720.611200,0.000000,bid
86720.601220,0.000000,bid
86720.132160,0.028771,bid
86718.495440,0.115085,bid
86715.601240,0.115089,bid
86714.772900,0.000000,bid
86711.699060,0.272397,bid
86711.479500,0.000000,bid
86703.904680,0.910129,bid
86703.894700,1.151044,bid
86703.415660,0.000000,bid
86268.607020,0.050000,bid
86734.663040,0.524039,offer
86773.894420,0.385676,offer
86773.904400,0.000000,offer
87759.569120,0.022473,offer
86723.066280,0.028770,bid
86720.132160,0.000000,bid
86715.601240,0.000000,bid
86723.066280,0.000000,bid
86722.587240,0.004764,bid
86722.577260,0.000000,bid
90551.414240,0.000001,offer
86721.918580,0.000000,bid
86721.699020,0.152699,bid
86720.291840,0.115083,bid
86722.587240,0.000000,bid
86722.567280,0.005077,bid
86699.234040,0.000000,bid
86668.904820,0.000000,bid
86668.894840,0.000000,bid
86757.786700,0.000000,offer
86788.135880,0.000000,offer
86788.145860,0.000000,offer
86721.699020,0.109329,bid
86718.495440,0.000000,bid
86757.627020,0.000000,offer
86721.718980,0.115081,bid
86721.699020,0.152699,bid
86721.040340,0.000000,bid
86718.106220,0.115086,bid
86716.758920,0.000000,bid
86715.152140,0.575447,bid
75892.830160,0.000654,bid
86723.355700,0.000000,bid
86721.728960,0.166365,bid
86721.718980,0.000000,bid
86721.699020,0.000000,bid
86716.070300,0.115088,bid
83290.006160,0.016775,bid
86699.244020,0.884084,bid
86668.904820,1.609641,bid
86757.766740,0.874509,offer
86788.135880,1.548449,offer
86734.663040,0.405939,offer
86747.138040,0.000000,offer
86773.884440,0.385676,offer
86773.894420,0.000000,offer
86734.653060,0.054254,bid
86668.914800,1.347743,bid
86757.627020,1.276821,offer
86788.125900,1.673148,offer
86723.186040,0.028770,bid
86719.413600,0.115084,bid
86716.070300,0.000000,bid
90542.651800,0.000006,offer
86747.407500,0.034533,offer
86825.970060,0.000000,offer
86825.990020,0.134541,offer
86825.990020,0.092054,offer
86827.546900,0.042488,offer
87863.910020,0.039918,offer
90966.931540,0.000013,offer
86725.980440,0.165386,bid
86725.970460,0.118100,bid
86268.607020,0.000000,bid
86734.663040,0.405620,offer
86773.874460,0.385676,offer
86773.884440,0.000000,offer
86725.990420,0.000000,bid
86725.980440,0.227932,bid
86724.433540,0.028769,bid
86723.186040,0.000000,bid
86722.806800,0.004960,bid
86722.796820,0.115079,bid
86722.567280,0.000000,bid
86719.413600,0.000000,bid
86711.758940,0.962961,bid
86711.748960,1.150940,bid
86711.699060,0.000000,bid
86703.904680,0.000000,bid
86703.894700,0.000000,bid
86725.990420,0.000125,bid
86725.980440,0.227806,bid
75892.830160,0.005887,bid
86734.663040,0.403342,offer
86726.000400,0.000125,bid
86725.990420,0.001684,bid
86722.806800,0.000000,bid
90958.129180,0.000011,offer
86734.653060,0.054320,bid
86703.415660,0.219503,bid
86600.282340,0.000000,bid
86592.817300,0.000000,bid
86569.184660,0.000000,bid
86534.783600,0.000000,bid
86487.149060,0.000000,bid
86456.091300,0.000000,bid
86411.810040,0.000000,bid
86376.440920,0.000000,bid
86339.215520,0.000000,bid
86313.377300,0.000000,bid
86273.088040,0.000000,bid
86230.952480,0.000000,bid
86201.850800,0.000000,bid
86171.930760,0.000000,bid
86773.864480,0.385676,offer
86773.874460,0.000000,offer
86834.083800,0.000000,offer
86854.662560,0.000000,offer
86885.021720,0.000000,offer
86918.734160,0.000000,offer
86955.779920,0.000000,offer
86996.159000,0.000000,offer
87039.891360,0.000000,offer
87074.891220,0.000000,offer
87111.807240,0.000000,offer
87137.465820,0.000000,offer
87177.525540,0.000000,offer
86603.925040,0.014323,bid
86596.460000,0.045868,bid
86873.065680,0.018347,offer
86888.664420,0.036515,offer
87066.667700,0.035808,offer
87828.231520,0.000000,offer
86556.041000,0.036515,bid
86519.993240,0.036745,bid
86480.642100,0.041467,bid
86448.965580,0.041839,bid
84224.623180,0.000000,bid
83723.806820,0.000000,bid
86837.726500,0.018347,offer
86873.065680,0.000000,offer
86888.664420,0.072323,offer
86922.376860,0.036745,offer
86989.402540,0.041467,offer
87043.544040,0.041839,offer
87066.667700,0.000000,offer
86415.442760,0.046784,bid
86367.868100,0.049164,bid
87043.544040,0.088623,offer
87066.667700,0.049164,offer
90966.931540,0.000007,offer
86330.033920,0.048509,bid
86290.353440,0.047332,bid
86248.836640,0.033373,bid
87115.469900,0.048509,offer
87154.272140,0.047332,offer
87194.960600,0.053561,offer
86726.000400,0.000000,bid
86725.990420,0.000125,bid
86725.980440,0.085288,bid
86725.970460,0.000000,bid
86724.433540,0.000000,bid
86722.996420,0.000000,bid
86722.796820,0.000000,bid
86722.567280,0.005244,bid
86722.178060,0.028770,bid
86716.339760,0.115088,bid
86711.758940,0.272397,bid
86711.748960,0.000000,bid
86704.473540,1.151036,bid
86268.607020,0.050000,bid
86220.134160,0.048121,bid
86175.563480,0.029424,bid
86723.435540,0.028770,bid
86722.178060,0.000000,bid
86721.798820,0.115081,bid
86716.339760,0.000000,bid
86717.407620,0.038232,bid
86749.523260,0.035082,offer
86773.854500,0.385676,offer
86773.864480,0.000000,offer
90958.129180,0.000017,offer
75892.830160,0.000654,bid
86725.970460,0.118100,bid
86725.980440,0.165896,bid
86724.772860,0.028769,bid
86723.435540,0.000000,bid
86723.146120,0.115079,bid
86721.798820,0.000000,bid
86712.098260,1.150935,bid
86704.473540,0.000000,bid
86268.607020,0.000000,bid
86726.000400,0.000125,bid
86725.990420,0.001209,bid
86724.772860,0.000000,bid
86723.994420,0.028769,bid
86722.567280,0.000000,bid
86712.108240,0.962959,bid
86711.758940,0.000000,bid
86046.063000,0.497134,bid
86033.677820,0.000000,bid
90966.931540,0.000003,offer
86734.653060,0.054354,bid
86726.000400,0.000000,bid
86725.990420,0.000125,bid
86723.156100,0.004541,bid
86717.397640,0.908588,bid
86716.150140,0.000000,bid
86773.844520,0.385676,offer
86773.854500,0.000000,offer
86757.766740,0.000000,offer
86726.000400,0.000125,bid
86725.990420,0.001545,bid
86723.156100,0.000000,bid
86699.244020,0.000000,bid
86668.914800,0.381958,bid
86668.904820,0.000000,bid
83726.960500,0.000000,bid
83545.773600,0.000000,bid
82321.437180,0.000000,bid
86757.627020,0.000000,offer
86788.125900,0.000000,offer
86788.135880,0.000000,offer
86821.000020,0.300815,offer
86861.957940,2.296842,offer
86865.870100,1.149539,offer
86725.990420,0.000000,bid
86725.980440,0.085288,bid
86725.970460,0.000000,bid
86723.994420,0.000000,bid
86723.146120,0.000000,bid
86722.567280,0.004807,bid
86721.010400,0.028770,bid
86715.172100,0.115089,bid
86712.108240,0.272397,bid
86712.098260,0.000000,bid
86726.000400,0.000000,bid
86725.990420,0.000125,bid
86722.567280,0.000000,bid
86721.728960,0.114578,bid
86721.090240,0.115082,bid
86721.010400,0.000000,bid
86720.291840,0.000000,bid
86718.485460,0.005482,bid
86717.397640,0.623575,bid
86716.818800,0.115087,bid
86715.172100,0.000000,bid
86715.152140,0.000000,bid
86712.766920,0.575463,bid
86703.475540,0.910133,bid
86703.465560,1.151050,bid
86703.415660,0.000000,bid
86701.299900,0.893790,bid
86670.950720,1.596587,bid
86268.607020,0.050000,bid
86739.263820,0.079645,offer
86757.766740,0.893202,offer
86788.125900,1.575195,offer
86722.726960,0.000000,bid
86716.818800,0.000000,bid
86712.776900,0.272408,bid
86712.766920,0.000000,bid
86712.108240,0.000000,bid
86268.607020,0.000000,bid
87793.052020,0.000000,offer
87818.131760,0.000033,offer
90958.129180,0.000021,offer
86723.884640,0.028769,bid
86721.090240,0.000000,bid
86712.776900,0.928923,bid
86711.449560,1.150944,bid
86703.465560,0.000000,bid
83897.868000,0.013085,bid
83125.635560,0.016808,bid
86725.990420,0.000125,bid
86725.980440,0.224749,bid
86725.970460,0.118100,bid
86722.567280,0.004014,bid
86722.497420,0.115080,bid
86718.485460,0.000000,bid
86268.607020,0.000000,bid
86734.653060,1.154354,bid
86725.271860,0.028769,bid
86723.884640,0.000000,bid
86721.728960,0.028264,bid
86718.106220,0.000000,bid
86740.840660,0.000000,offer
84224.932560,0.011849,bid
83724.116200,0.014304,bid
86734.653060,1.150502,bid
86722.567280,0.000000,bid
86717.427580,0.005482,bid
39920.998000,0.457910,bid
86773.834540,0.385676,offer
86773.844520,0.000000,offer
86725.990420,0.000125,bid
86725.980440,0.156148,bid
86725.271860,0.000000,bid
86722.497420,0.000000,bid
86721.728960,0.169962,bid
86720.271880,0.028771,bid
86719.433560,0.115084,bid
86717.986460,0.115086,bid
86715.920600,0.115088,bid
86712.776900,0.272408,bid
86711.449560,0.000000,bid
86638.156440,0.263358,bid
86635.042680,0.000000,bid
86734.663040,0.403342,offer
86827.546900,0.000000,offer
86829.722540,0.042488,offer
86723.984440,0.028769,bid
86720.271880,0.000000,bid
86717.996440,0.005482,bid
86717.427580,0.000000,bid
86715.920600,0.000000,bid
91456.929580,0.000001,offer
75892.830160,0.005887,bid
86181.551480,0.000000,bid
86180.683220,0.002877,bid
84282.257680,0.011841,bid
86734.653060,1.151273,bid
86605.681520,0.697526,bid
86757.627020,1.288037,offer
86788.115920,1.689196,offer
86861.957940,0.000000,offer
86734.653060,1.153182,bid
83290.006160,0.000000,bid
82850.467000,0.000000,bid
87887.822100,0.460265,offer
86698.764980,0.149156,bid
86514.743760,0.000000,bid
91448.077320,0.000009,offer
86725.980440,0.222939,bid
86724.882640,0.028769,bid
86723.984440,0.000000,bid
86722.357700,0.115080,bid
86721.728960,0.155987,bid
86721.110200,0.115082,bid
86717.996440,0.000000,bid
86717.986460,0.000000,bid
86717.427580,0.005482,bid
86716.170100,0.575441,bid
86712.776900,0.928924,bid
86711.309840,1.150946,bid
86773.824560,0.385676,offer
86773.834540,0.000000,offer
86536.909340,7.170000,bid
86734.663040,0.287028,offer
86726.010380,0.000000,bid
86726.000400,0.000000,bid
86725.990420,0.000125,bid
86724.882640,0.000000,bid
86724.373660,0.115077,bid
86722.567280,0.005482,bid
86721.728960,0.428903,bid
86721.110200,0.000000,bid
86718.715000,0.575424,bid
86717.427580,0.000000,bid
86716.170100,0.000000,bid
86681.489600,0.364176,bid
86680.800980,0.000000,bid
86646.190340,1.213263,bid
86645.831060,0.000000,bid
75892.830160,0.005233,bid
86734.663040,0.000125,offer
86736.219920,0.015525,offer
86736.229900,0.172592,offer
86738.934480,0.071673,offer
86738.944460,0.040981,offer
86738.964420,0.000000,offer
86738.974400,0.000000,offer
86739.263820,0.000000,offer
86739.273800,0.310949,offer
86739.283780,0.000000,offer
86743.345640,0.000000,offer
86743.435460,0.011274,offer
86744.852620,0.172575,offer
86747.407500,0.000000,offer
86754.303680,0.050000,offer
86754.313660,0.000000,offer
86773.824560,0.000000,offer
86775.980240,0.385667,offer
86734.663040,0.054780,bid
86726.170060,0.000125,bid
86726.160080,0.017261,bid
86726.150100,0.028769,bid
86725.990420,0.000000,bid
75892.830160,0.000654,bid
86734.663040,0.000000,offer
86734.772820,0.000000,offer
86734.782800,0.000000,offer
86736.219920,0.000000,offer
86736.229900,0.000000,offer
86738.914520,0.000125,offer
86738.924500,0.002648,offer
86739.203940,0.172586,offer
86743.435460,0.000000,offer
86743.455420,0.118100,offer
86744.852620,0.000000,offer
86734.673020,0.000000,bid
86734.663040,0.014780,bid
86726.170060,0.000125,bid
86726.160080,0.000000,bid
86726.150100,0.000000,bid
86724.373660,0.000000,bid
86675.321960,0.143835,bid
86667.327980,0.000000,bid
86734.673020,0.000000,offer
86738.485380,0.090116,offer
86738.495360,0.062726,offer
86738.525300,0.038869,offer
86738.535280,0.000000,offer
86738.545260,0.004702,offer
86738.555240,0.043895,offer
86738.585180,0.000000,offer
86738.595160,0.000000,offer
86738.605140,0.000000,offer
86738.645060,0.000000,offer
86738.655040,0.000000,offer
86738.665020,0.000000,offer
86738.714920,0.000000,offer
86738.724900,0.000000,offer
86738.734880,0.000000,offer
86738.764820,0.000000,offer
86738.774800,0.000000,offer
86738.784780,0.000000,offer
86738.844660,0.000000,offer
86738.854640,0.000000,offer
86738.864620,0.000000,offer
86738.904540,0.000000,offer
86738.914520,0.000000,offer
86738.924500,0.000000,offer
86738.934480,0.000000,offer
86738.944460,0.000000,offer
86738.984380,0.000000,offer
86743.355620,0.118100,offer
86743.455420,0.000000,offer
86748.146020,0.000000,offer
86749.513280,0.114814,offer
86750.531240,0.000000,offer
86751.080140,0.000000,offer
86775.850500,0.385667,offer
86775.980240,0.000000,offer
86734.673020,0.000000,bid
86734.653060,1.136325,bid
86726.170060,0.000000,bid
86725.990420,0.000125,bid
86724.882640,0.028769,bid
86721.110200,0.115082,bid
84830.000000,12.243210,bid
86734.762840,0.172595,offer
86738.445460,0.029110,offer
86738.485380,0.089004,offer
86738.525300,0.000000,offer
86743.355620,0.000000,offer
86743.445440,0.290678,offer
86749.513280,0.000000,offer
86751.080140,0.114814,offer
86734.663040,0.144383,bid
86734.653060,1.136295,bid
86726.828740,0.017261,bid
86726.818760,0.028768,bid
86725.182040,0.115076,bid
86724.882640,0.000000,bid
86722.357700,0.000000,bid
86721.738940,0.005395,bid
86719.433560,0.000000,bid
86698.764980,0.149140,bid
83727.259900,0.014304,bid
75892.830160,0.000000,bid
86734.673020,0.000125,offer
86734.762840,0.000000,offer
86735.700960,0.172593,offer
86738.435480,0.005953,offer
86738.485380,0.008894,offer
86738.545260,0.000000,offer
86739.203940,0.000000,offer
86743.445440,0.172578,offer
86750.531240,0.114814,offer
86751.080140,0.000000,offer
86774.383440,0.385674,offer
86775.850500,0.000000,offer
86734.673020,0.000125,bid
86734.663040,0.015084,bid
86726.828740,0.000000,bid
86726.818760,0.000000,bid
86725.990420,0.000000,bid
86725.980440,0.156148,bid
86725.920560,0.028769,bid
86725.182040,0.000000,bid
86722.567280,0.000000,bid
86720.082260,0.115083,bid
86711.110240,0.000000,bid
86672.617380,1.192086,bid
86605.681520,0.000000,bid
86734.673020,0.000000,offer
86735.690980,0.000000,offer
86735.700960,0.000000,offer
86738.166020,0.065991,offer
86738.235880,0.000125,offer
86738.245860,0.038869,offer
86738.255840,0.042954,offer
86738.315720,0.000000,offer
86738.325700,0.199938,offer
86738.355640,0.000000,offer
86738.365620,0.049861,offer
86738.415520,0.000000,offer
86738.425500,0.000000,offer
86738.435480,0.000000,offer
86738.485380,0.000000,offer
86738.495360,0.000000,offer
86738.555240,0.000000,offer
86739.094160,0.172587,offer
86771.229760,0.026223,offer
86838.884180,0.050000,offer
86839.612720,0.000000,offer
87272.515180,0.050000,offer
86734.673020,0.000000,bid
86734.663040,0.015084,bid
86725.990420,0.000125,bid
86722.567280,0.000000,bid
86721.110200,0.000000,bid
83765.273720,0.014297,bid
82777.253720,0.019290,bid
86738.106140,0.000125,offer
86738.116120,0.052908,offer
86738.146060,0.000000,offer
86738.156040,0.072000,offer
86738.235880,0.000000,offer
86738.245860,0.000000,offer
86738.255840,0.000000,offer
86738.325700,0.140988,offer
86738.365620,0.000000,offer
86738.445460,0.000000,offer
86750.531240,0.000000,offer
86751.080140,0.114814,offer
86752.447400,0.000000,offer
86735.231900,0.118100,bid
86734.992380,0.003672,bid
86734.683000,0.002754,bid
86734.673020,0.040000,bid
86734.663040,0.695716,bid
86734.653060,1.134386,bid
86727.926540,0.047787,bid
86727.916560,0.079645,bid
86725.990420,0.000000,bid
86725.980440,0.223012,bid
86725.920560,0.000000,bid
86724.992420,0.000000,bid
86722.567280,0.000125,bid
86722.517380,0.115080,bid
86721.738940,0.000000,bid
86721.728960,0.000000,bid
86720.082260,0.000000,bid
86718.724980,0.005482,bid
86718.715000,0.000000,bid
86707.247980,0.670860,bid
86706.958560,0.000000,bid
86441.251040,0.000000,bid
86734.683000,0.000000,offer
86738.026300,0.000000,offer
86738.066220,0.000125,offer
86738.076200,0.000000,offer
86738.086180,0.057000,offer
86738.096160,0.000000,offer
86738.106140,0.000000,offer
86738.116120,0.000000,offer
86738.156040,0.000000,offer
86738.166020,0.000000,offer
86738.325700,0.000000,offer
86739.094160,0.000000,offer
86739.273800,0.000000,offer
86741.359620,0.000000,offer
86743.734860,0.000000,offer
86745.321680,0.172574,offer
86745.850620,0.000000,offer
86747.407500,0.034533,offer
86748.165980,0.487141,offer
86748.175960,0.000000,offer
86752.407480,0.975390,offer
86752.417460,1.000000,offer
86752.457380,0.000000,offer
86773.894420,0.385676,offer
86774.383440,0.000000,offer
86735.281800,0.040000,bid
86735.271820,0.000125,bid
86735.261840,0.388965,bid
86735.251860,0.490050,bid
86735.241880,0.000000,bid
86735.231900,0.000000,bid
86734.992380,0.000000,bid
86734.683000,0.000000,bid
86734.673020,0.000000,bid
86734.663040,0.695716,bid
86725.980440,0.548231,bid
86723.685040,0.584853,bid
86722.567280,0.000000,bid
86722.517380,0.000000,bid
86721.728960,0.014456,bid
86718.724980,0.000000,bid
86718.475480,0.000000,bid
86717.427580,0.005482,bid
86717.397640,1.167108,bid
86715.641160,1.150888,bid
86714.483480,0.000000,bid
86710.920620,0.034533,bid
86682.457660,0.364172,bid
86681.489600,0.000000,bid
86680.152280,0.822175,bid
86679.024540,0.000000,bid
86678.016560,0.571842,bid
86676.938720,0.000000,bid
86676.928740,0.000000,bid
86647.278160,1.213248,bid
86646.190340,0.000000,bid
86735.261840,0.000000,offer
86737.247860,0.000125,offer
86738.066220,0.000000,offer
86738.076200,0.000000,offer
86738.086180,0.000000,offer
86740.800740,0.000000,offer
86740.810720,0.419474,offer
86741.170000,0.500000,offer
86741.678980,0.000000,offer
86743.445440,0.000000,offer
86743.734860,0.148264,offer
86743.744840,0.000000,offer
86748.165980,0.771381,offer
86749.163980,0.000000,offer
86749.732840,0.000000,offer
86750.541220,0.000000,offer
86752.407480,0.975390,offer
86752.567160,0.000000,offer
86760.591080,1.150292,offer
86762.597060,0.000000,offer
86791.369400,0.000000,offer
86794.882360,0.279507,offer
86821.000020,0.000000,offer
86821.010000,0.000000,offer
87272.515180,0.000000,offer
86736.020320,0.107675,bid
86736.010340,0.040125,bid
86735.521320,0.000000,bid
86735.511340,0.000000,bid
86735.501360,0.000000,bid
86735.491380,0.000000,bid
86735.481400,0.079645,bid
86735.321720,0.000000,bid
86735.291780,0.000000,bid
86735.281800,0.000000,bid
86735.271820,0.000000,bid
86727.297800,0.028768,bid
86722.986440,0.000000,bid
86717.437560,0.228326,bid
86717.417600,0.000000,bid
86632.707360,0.000000,bid
86545.971180,0.000000,bid
86737.247860,0.000000,offer
86737.936480,0.172589,offer
86740.790760,0.000125,offer
86740.800740,0.099000,offer
86743.335660,0.000000,offer
86743.734860,0.020720,offer
86745.321680,0.000000,offer
86747.397520,0.002262,offer
86748.165980,0.487141,offer
86751.080140,0.000000,offer
86755.431420,0.114814,offer
86756.898480,0.000000,offer
86757.627020,1.817208,offer
86762.587080,0.000000,offer
86770.850520,2.875390,offer
86773.894420,0.000000,offer
86777.377440,0.385661,offer
86796.319480,0.047787,offer
86797.377360,0.000000,offer
86806.129820,0.031629,offer
86828.225540,1.303272,offer
86829.722540,0.000000,offer
86830.381220,0.042488,offer
86830.391200,0.000000,offer
86833.015940,0.000000,offer
86837.357240,0.613439,offer
86841.209520,0.166976,offer
86736.040280,0.000125,bid
86736.030300,0.040000,bid
86736.020320,0.000000,bid
86736.010340,0.000000,bid
86735.511340,0.000000,bid
86734.663040,0.695669,bid
86727.926540,0.047787,bid
86727.307780,0.003453,bid
86727.297800,0.000000,bid
86726.519360,0.000000,bid
86723.695020,0.005482,bid
86721.728960,0.357894,bid
86721.100220,0.575408,bid
86717.427580,0.000000,bid
86682.806960,0.364170,bid
86682.457660,0.000000,bid
86680.541500,0.822171,bid
86680.152280,0.000000,bid
86678.405780,0.651484,bid
86678.016560,0.000000,bid
86656.110460,0.047787,bid
86647.657400,1.474751,bid
86647.647420,1.213243,bid
86647.278160,0.000000,bid
86737.936480,0.000000,offer
86740.780780,0.000125,offer
86740.790760,0.046000,offer
86740.800740,0.000000,offer
86743.734860,0.000000,offer
86747.407500,0.000000,offer
86748.156000,0.000000,offer
86757.627020,1.288037,offer
86760.591080,0.000000,offer
86830.381220,0.000000,offer
86833.005960,0.042488,offer
86736.679000,0.000000,bid
86736.040280,0.040000,bid
86736.030300,0.000048,bid
86735.501360,0.000125,bid
86735.491380,0.000000,bid
86735.261840,0.935063,bid
86734.663040,0.015037,bid
86726.718960,0.000000,bid
86724.064280,0.115078,bid
86721.728960,0.081698,bid
86721.459500,0.115081,bid
86721.100220,0.000000,bid
86717.467500,0.408523,bid
86717.457520,0.228326,bid
86717.447540,0.000000,bid
86717.437560,0.000000,bid
86717.397640,0.000000,bid
86715.641160,0.000000,bid
86708.465540,1.150983,bid
86736.679000,0.015525,offer
86736.688980,0.087000,offer
86740.730880,0.000125,offer
86740.740860,0.172583,offer
86740.780780,0.000000,offer
86740.790760,0.000000,offer
86742.617100,0.172580,offer
86745.361600,0.072217,offer
86745.371580,0.118100,offer
86748.156000,0.079645,offer
86750.541220,0.120000,offer
86751.080140,0.014347,offer
86752.397500,0.114814,offer
86755.431420,0.000000,offer
86777.347500,0.385661,offer
86777.377440,0.000000,offer
86793.205720,0.279512,offer
86794.882360,0.000000,offer
86835.700560,0.613451,offer
86837.357240,0.000000,offer
86839.143660,0.166976,offer
86841.209520,0.000000,offer
86736.100160,0.000000,bid
86736.090180,0.000000,bid
86736.080200,0.000000,bid
86736.070220,0.000000,bid
86736.060240,0.000000,bid
86736.050260,0.000000,bid
86736.040280,0.000000,bid
86735.501360,0.000000,bid
86735.491380,0.000125,bid
86727.297800,0.028768,bid
86725.661080,0.115075,bid
86721.728960,0.210288,bid
86717.477480,0.228326,bid
86717.467500,0.271527,bid
86717.457520,0.000000,bid
86620.292240,3.019460,bid
86514.494260,0.000000,bid
86736.659040,0.015525,offer
86736.669020,0.000000,offer
86736.679000,0.000125,offer
86740.730880,0.006620,offer
86751.080140,0.000000,offer
86736.030300,0.000000,bid
86735.501360,0.000000,bid
86735.491380,0.000000,bid
86735.481400,0.079693,bid
86735.271820,0.000000,bid
86735.261840,0.935063,bid
86734.663040,0.015037,bid
86727.297800,0.000000,bid
86726.359680,0.028769,bid
86725.990420,0.000125,bid
86725.661080,0.000000,bid
86724.064280,0.000000,bid
86723.695020,0.000000,bid
86721.738940,0.005460,bid
86721.728960,0.151452,bid
86721.469480,0.000000,bid
86721.459500,0.000000,bid
86717.477480,0.228326,bid
86703.405680,0.000000,bid
86682.806960,0.000000,bid
86680.062460,0.364182,bid
86735.930500,0.172593,offer
86736.649060,0.000000,offer
86736.659040,0.000000,offer
86736.679000,0.000000,offer
86736.688980,0.000000,offer
86740.720900,0.000000,offer
86740.730880,0.000000,offer
86740.740860,0.000000,offer
86740.800740,0.000125,offer
86744.613100,0.000000,offer
86745.361600,0.000000,offer
86745.371580,0.000000,offer
86748.146020,0.014556,offer
86752.397500,0.000000,offer
86756.898480,0.114814,offer
86774.942320,0.385671,offer
86777.347500,0.000000,offer
86792.547040,0.279514,offer
86793.205720,0.000000,offer
86835.071820,0.613456,offer
86835.700560,0.000000,offer
86838.764420,0.166976,offer
86839.143660,0.000000,offer
86726.359680,0.000000,bid
86744.603120,0.072217,offer
86744.613100,0.118100,offer
86755.431420,0.114814,offer
86756.898480,0.000000,offer
86725.271860,0.028769,bid
86724.204000,0.115077,bid
86721.738940,0.000000,bid
86717.487460,0.005482,bid
86717.277880,0.056495,bid
86752.397500,0.114814,offer
86755.431420,0.000000,offer
86735.261840,0.641033,bid
86735.251860,0.000000,bid
86717.946540,0.005482,bid
86672.617380,0.267581,bid
86670.950720,0.000000,bid
86740.621100,0.172584,offer
86746.629060,0.015525,offer
86788.115920,0.000000,offer
86788.125900,0.000000,offer
86734.673020,0.000000,bid
86734.653060,1.110064,bid
86725.990420,0.000125,bid
86721.908600,0.115080,bid
86719.563300,0.115084,bid
86717.487460,0.000000,bid
86703.475540,0.000000,bid
86701.299900,0.000000,bid
86680.072440,0.364182,bid
86680.062460,0.000000,bid
82850.756420,0.019273,bid
86735.491380,0.000125,offer
86735.920520,0.015525,offer
86740.611120,0.001606,offer
86740.800740,0.000000,offer
86748.146020,0.000000,offer
86757.627020,0.000000,offer
86757.766740,0.000000,offer
86726.369660,0.028769,bid
86725.271860,0.000000,bid
83546.073000,0.015529,bid
82321.736580,0.021822,bid
86735.491380,0.000016,offer
86735.910540,0.172593,offer
86735.920520,0.000000,offer
86735.930500,0.000000,offer
86740.601140,0.009346,offer
86746.120080,0.575242,offer
86753.275740,1.150389,offer
86774.932340,0.385671,offer
86774.942320,0.000000,offer
86792.537060,0.279515,offer
86792.547040,0.000000,offer
86835.061840,0.613456,offer
86835.071820,0.000000,offer
86838.754440,0.412078,offer
86838.764420,0.000000,offer
86735.481400,0.000048,bid
86726.369660,0.000000,bid
86725.351700,0.028769,bid
86680.541500,0.000000,bid
86677.717160,0.822198,bid
86735.491380,0.000125,offer
86740.611120,0.000000,offer
86743.964400,0.172577,offer
86702.537420,0.926563,bid
86672.198220,1.631307,bid
86740.611120,0.010137,offer
86744.603120,0.417650,offer
86752.407480,1.543699,offer
86757.756760,0.913508,offer
86774.822560,0.385672,offer
86774.932340,0.000000,offer
86788.125900,1.625585,offer
86792.427280,0.279515,offer
86792.537060,0.000000,offer
86834.942080,0.613456,offer
86835.061840,0.000000,offer
86838.644660,0.412078,offer
86838.754440,0.000000,offer
86735.481400,0.000000,bid
86721.728960,0.550114,bid
86718.615200,0.575424,bid
86682.317940,0.364172,bid
86680.072440,0.000000,bid
86678.405780,0.079645,bid
86675.371860,0.571859,bid
75893.548720,0.005887,bid
86735.471420,0.000125,offer
86735.481400,0.000000,offer
86735.491380,0.000000,offer
86735.900560,0.000000,offer
86735.910540,0.000000,offer
86740.511320,0.000000,offer
86740.521300,0.051427,offer
86740.601140,0.000000,offer
86743.954420,0.002262,offer
86747.397520,0.000000,offer
86751.080140,0.114814,offer
86752.397500,0.000000,offer
87759.569120,0.016261,offer
87760.118020,0.002500,offer
86735.261840,0.000050,bid
86734.673020,0.000125,bid
86734.663040,0.681075,bid
86726.219960,0.028769,bid
86725.990420,0.000000,bid
86725.351700,0.000000,bid
86718.625180,0.005482,bid
86717.946540,0.000000,bid
86680.022540,0.822176,bid
86677.717160,0.000000,bid
86735.451460,0.000000,offer
86735.461440,0.000000,offer
86735.471420,0.000000,offer
86740.321700,0.000125,offer
86740.331680,0.053466,offer
86740.391560,0.000000,offer
86740.401540,0.004418,offer
86740.411520,0.000000,offer
86740.421500,0.064857,offer
86740.451440,0.000000,offer
86740.461420,0.000000,offer
86740.511320,0.000000,offer
86740.521300,0.000000,offer
86740.611120,0.000000,offer
86740.621100,0.000000,offer
86754.303680,0.000000,offer
86774.293620,0.385674,offer
86774.822560,0.000000,offer
86791.908320,0.279517,offer
86792.427280,0.000000,offer
86834.413140,0.613460,offer
86834.942080,0.000000,offer
86838.115720,0.412081,offer
86838.644660,0.000000,offer
87759.569120,0.011036,offer
86735.261840,0.000000,bid
86754.303680,0.050000,offer
86734.692980,0.000000,bid
86734.683000,0.000000,bid
86734.673020,0.000000,bid
86734.663040,0.681125,bid
86726.229940,0.000125,bid
86682.317940,0.000000,bid
86680.022540,0.000000,bid
86679.383820,0.364185,bid
86677.507580,0.571845,bid
86677.198200,0.822203,bid
86675.371860,0.000000,bid
75893.548720,0.000000,bid
86735.441480,0.172594,offer
86740.271800,0.000125,offer
86740.281780,0.172584,offer
86740.291760,0.037345,offer
86740.301740,0.000000,offer
86740.311720,0.007195,offer
86740.321700,0.000000,offer
86740.401540,0.000000,offer
86740.421500,0.000000,offer
86741.229880,0.172582,offer
86742.617100,0.000000,offer
86735.431500,0.070000,bid
86734.663040,0.681256,bid
86677.517560,0.994279,bid
86746.629060,0.000000,offer
86770.840540,1.751457,offer
86771.229760,0.000000,offer
86791.878380,0.279517,offer
86791.908320,0.000000,offer
86838.105740,0.412081,offer
86838.115720,0.000000,offer
86861.957940,0.834907,offer
87759.569120,0.008313,offer
86735.261840,0.024791,bid
86734.673020,0.000125,bid
86726.229940,0.000000,bid
86679.663260,0.364183,bid
86679.383820,0.000000,bid
86677.587420,0.822199,bid
86677.198200,0.000000,bid
86735.441480,0.172719,offer
86740.271800,0.000000,offer
86677.517560,0.000000,bid
86740.271800,0.009846,offer
86740.311720,0.000000,offer
86735.431500,0.070051,bid
86734.663040,0.681206,bid
86747.417480,0.034533,offer
86679.673240,0.386734,bid
86679.663260,0.000000,bid
86679.683220,0.386734,bid
86679.673240,0.000000,bid
86638.166420,0.088602,bid
86638.156440,0.174753,bid
86747.417480,0.000000,offer
86833.005960,0.000000,offer
86833.195580,0.042488,offer
86735.431500,0.085074,bid
86734.663040,0.666427,bid
86679.693200,0.386734,bid
86679.683220,0.000000,bid
86747.417480,0.034533,offer
86735.431500,0.091313,bid
86679.703180,0.386734,bid
86679.693200,0.000000,bid
86723.176060,0.115079,bid
86719.563300,0.000000,bid
86744.613100,0.000000,offer
86747.417480,0.000000,offer
86679.723140,0.386734,bid
86679.703180,0.000000,bid
86554.124840,1.898628,bid
86744.124080,0.118100,offer
75893.508800,0.006541,bid
86679.743100,0.386734,bid
86679.723140,0.000000,bid
86747.417480,0.034533,offer
86735.431500,0.091378,bid
86708.475520,1.445450,bid
86707.247980,0.000000,bid
86679.992600,0.822176,bid
86677.876840,0.571843,bid
86677.587420,0.000000,bid
86677.507580,0.000000,bid
86672.617380,1.212918,bid
86628.904980,0.139812,bid
86735.441480,0.170536,offer
86774.293620,0.000000,offer
86777.107980,0.349890,offer
86791.878380,0.000000,offer
86794.682760,0.279508,offer
86735.261840,0.000000,bid
86682.168240,0.386723,bid
86679.743100,0.000000,bid
86680.002580,0.822176,bid
86679.992600,0.000000,bid
84224.932560,0.000000,bid
83897.868000,0.000000,bid
83724.116200,0.000000,bid
83125.635560,0.000000,bid
86747.417480,0.000000,offer
86794.672780,0.279508,offer
86794.682760,0.000000,offer
86677.886820,0.571843,bid
86677.876840,0.000000,bid
86757.627020,1.300220,offer
86788.115920,1.719430,offer
86828.225540,0.000000,offer
86861.957940,0.000000,offer
86903.873940,0.000000,offer
86903.883920,0.000000,offer
86903.893900,0.000000,offer
86903.903880,0.000000,offer
86903.913860,0.000000,offer
86903.923840,0.000000,offer
86903.933820,0.000000,offer
86903.943800,0.000000,offer
86903.953780,0.000000,offer
86903.963760,0.000000,offer
86726.219960,0.000000,bid
86725.211980,0.028769,bid
86724.204000,0.000000,bid
86719.373680,0.115084,bid
86710.920620,0.000000,bid
86735.431500,0.091408,bid
86726.569260,0.028769,bid
86725.211980,0.000000,bid
86724.932540,0.115076,bid
86719.373680,0.000000,bid
86710.910640,0.034533,bid
86747.397520,0.034533,offer
86735.441480,0.164841,offer
86744.124080,0.000000,offer
86735.431500,0.116198,bid
86680.012560,0.822176,bid
86680.002580,0.000000,bid
86677.896800,0.571843,bid
86677.886820,0.000000,bid
86794.662800,0.279508,offer
86794.672780,0.000000,offer
86744.124080,0.118100,offer
86858.165540,0.000000,offer
86680.022540,0.822176,bid
86680.012560,0.000000,bid
86677.916760,0.571842,bid
86677.896800,0.000000,bid
86794.642840,0.279508,offer
86794.662800,0.000000,offer
86870.371080,0.828555,offer
75893.508800,0.005887,bid
75893.508800,0.000000,bid
86735.431500,0.116231,bid
86620.292240,0.000000,bid
86735.441480,0.161403,offer
86744.124080,0.000000,offer
86735.431500,0.234331,bid
86702.956580,0.675725,bid
86702.537420,0.000000,bid
86677.926740,0.500955,bid
86632.707360,0.023391,bid
86605.681520,0.697526,bid
86735.441480,0.216403,offer
86774.712780,0.349899,offer
86777.107980,0.000000,offer
86792.227680,0.279516,offer
86794.642840,0.000000,offer
86702.956580,0.000000,bid
86672.617380,0.267581,bid
86672.198220,0.000000,bid
84282.257680,0.000000,bid
86757.627020,0.000000,offer
86757.756760,0.000000,offer
86788.115920,0.000000,offer
86788.125900,0.000000,offer
86710.910640,0.000000,bid
86747.397520,0.000000,offer
86757.627020,0.752116,offer
86788.165820,0.744079,offer
86792.217700,0.279516,offer
86792.227680,0.000000,offer
86735.431500,0.116231,bid
86702.547400,0.924560,bid
86672.198220,1.692067,bid
86757.756760,0.875446,offer
86788.115920,1.534526,offer
86711.439580,0.034533,bid
86747.926460,0.034533,offer
86514.863520,0.006001,bid
86735.441480,0.216296,offer
86735.441480,0.216290,offer
75893.508800,0.000654,bid
83290.215740,0.016775,bid
75893.508800,0.006541,bid
86735.431500,0.117002,bid
86702.956580,0.674523,bid
86672.617380,1.249373,bid
86620.292240,1.688232,bid
86616.879080,0.000000,bid
86599.683540,0.000000,bid
86571.629760,0.000000,bid
86540.881380,0.000000,bid
86495.681960,0.000000,bid
86445.662200,0.000000,bid
86390.881980,0.000000,bid
86331.321340,0.000000,bid
86266.990260,0.000000,bid
86215.613220,0.000000,bid
86179.884820,0.000000,bid
86104.865160,0.000000,bid
86045.494140,0.000000,bid
85983.468440,0.000000,bid
86828.225540,0.641984,offer
86853.764360,0.000000,offer
86880.989800,0.000000,offer
86921.548520,0.000000,offer
86966.977480,0.000000,offer
87017.276680,0.000000,offer
87087.006940,0.000000,offer
87132.515740,0.000000,offer
87197.485540,0.000000,offer
87267.365500,0.000000,offer
87304.141800,0.000000,offer
87361.626600,0.000000,offer
86621.300220,0.019011,bid
86604.104680,0.047536,bid
86576.050900,0.058401,bid
83765.273720,0.000000,bid
83727.259900,0.000000,bid
83546.073000,0.000000,bid
82850.756420,0.000000,bid
82777.253720,0.000000,bid
82321.736580,0.000000,bid
86858.205460,0.019011,offer
86876.059680,0.047536,offer
86925.999600,0.058401,offer
86545.302520,0.051795,bid
86488.037280,0.058805,bid
86436.819920,0.047057,bid
86395.283160,0.066645,bid
86971.428560,0.051795,offer
87035.061040,0.058805,offer
87091.468000,0.047057,offer
87136.976800,0.066645,offer
86735.431500,0.231830,bid
86726.569260,0.000000,bid
86335.722520,0.061460,bid
86271.381460,0.062106,bid
87201.946600,0.061460,offer
87271.826560,0.062106,offer
86735.431500,0.349930,bid
86727.926540,0.130191,bid
86727.557280,0.000000,bid
86726.229940,0.115075,bid
86723.176060,0.000000,bid
86717.467500,0.962014,bid
86715.940560,1.150884,bid
86708.475520,0.000000,bid
86708.465540,0.000000,bid
86202.289920,0.045802,bid
86089.755440,0.065428,bid
86029.496200,0.056522,bid
86735.441480,0.055125,offer
86737.477400,0.015525,offer
86737.487380,0.172590,offer
86740.261820,0.000000,offer
86740.271800,0.000000,offer
86740.281780,0.007756,offer
86741.229880,0.000000,offer
86742.517300,0.172580,offer
86746.100120,0.172573,offer
86750.531240,0.114814,offer
86751.080140,0.000000,offer
87327.465060,0.045802,offer
86734.673020,0.000125,bid
86727.766860,0.028768,bid
86029.496200,0.113205,bid
85966.582280,0.049358,bid
86735.441480,0.055000,offer
86737.477400,0.000000,offer
86737.487380,0.000000,offer
86740.241860,0.000125,offer
86740.251840,0.015525,offer
86740.261820,0.009154,offer
86740.271800,0.000000,offer
86740.281780,0.000000,offer
86740.641060,0.172583,offer
86746.100120,0.000000,offer
86754.303680,0.000000,offer
86757.627020,1.183369,offer
86774.702800,0.349899,offer
86774.712780,0.000000,offer
87187.944660,0.050000,offer
87385.878000,0.047236,offer
86724.932540,0.000000,bid
86723.605200,0.115078,bid
86736.189980,0.015525,offer
86736.199960,0.000000,offer
86736.209940,0.000000,offer
86736.219920,0.000125,offer
86736.229900,0.172592,offer
86740.241860,0.000000,offer
86740.251840,0.000000,offer
86754.303680,0.050000,offer
86736.140080,0.000125,offer
86736.150060,0.000000,offer
86736.160040,0.000000,offer
86736.170020,0.000000,offer
86736.180000,0.000000,offer
86736.189980,0.000000,offer
86736.219920,0.000000,offer
87187.944660,0.000000,offer
86736.130100,0.000000,offer
86736.140080,0.000000,offer
86736.189980,0.000125,offer
86736.199960,0.015525,offer
86736.209940,0.000000,offer
86736.219920,0.000000,offer
86740.261820,0.000000,offer
86740.281780,0.008635,offer
86605.252380,0.000000,bid
86736.150060,0.000000,offer
86736.160040,0.000000,offer
86736.170020,0.000000,offer
86736.180000,0.000000,offer
86736.189980,0.000000,offer
86736.199960,0.000000,offer
86736.219920,0.000125,offer
86788.105940,1.664794,offer
86788.165820,0.000000,offer
86828.225540,0.000000,offer
86849.323260,0.000000,offer
86875.381040,0.118100,offer
86734.673020,0.000000,bid
86726.239920,0.000125,bid
86735.441480,0.055125,offer
86736.219920,0.000000,offer
86735.431500,0.349930,bid
86734.673020,0.079645,bid
86727.936520,0.000000,bid
86726.239920,0.000125,bid
86723.695020,0.003241,bid
86718.625180,0.000000,bid
86736.229900,0.000000,offer
86739.912520,0.007534,offer
86739.922500,0.172585,offer
86740.281780,0.000000,offer
86740.641060,0.000000,offer
86742.517300,0.000000,offer
86743.954420,0.194146,offer
86744.603120,0.000000,offer
86746.120080,0.000000,offer
86746.329660,0.172572,offer
86747.916480,0.002262,offer
86748.165980,0.795376,offer
86750.511280,0.575213,offer
86734.683000,0.000125,bid
86726.239920,0.000000,bid
86735.441480,0.055000,offer
86739.902540,0.000125,offer
86740.291760,0.000000,offer
86740.331680,0.000000,offer
86723.695020,0.000000,bid
86718.625180,0.005482,bid
86737.567220,0.000125,offer
86737.577200,0.172590,offer
86739.902540,0.000000,offer
86739.912520,0.000000,offer
86739.922500,0.000000,offer
86740.800740,0.008503,offer
86741.988360,0.172581,offer
86748.165980,0.487141,offer
86750.511280,0.000000,offer
86727.766860,0.000000,bid
86726.229940,0.000000,bid
86715.940560,0.000000,bid
86735.441480,0.227594,offer
86737.567220,0.000000,offer
86737.577200,0.000000,offer
86740.790760,0.000125,offer
86743.954420,0.103546,offer
86746.329660,0.000000,offer
86752.407480,0.975390,offer
86752.417460,0.000000,offer
86735.431500,0.231830,bid
86734.683000,0.000000,bid
86727.926540,0.047787,bid
86725.990420,0.000125,bid
86725.860680,0.028769,bid
86723.695020,0.003017,bid
86720.032360,0.115083,bid
86718.625180,0.000000,bid
86717.467500,0.271527,bid
86708.335800,1.150985,bid
86735.441480,0.227719,offer
86740.790760,0.000000,offer
86774.692820,0.349899,offer
86774.702800,0.000000,offer
86727.317760,0.028768,bid
86725.860680,0.000000,bid
86725.691020,0.115075,bid
86720.032360,0.000000,bid
75893.508800,0.000000,bid
86739.852640,0.172585,offer
84282.547100,0.011841,bid
86723.695020,0.000000,bid
86718.625180,0.005482,bid
86740.800740,0.000000,offer
86743.954420,0.161463,offer
86744.114100,0.002262,offer
86744.124080,0.118100,offer
86747.906500,0.014187,offer
86747.916480,0.000000,offer
86735.431500,0.232087,bid
86708.345780,1.445451,bid
86656.110460,3.619648,bid
86647.657400,0.000000,bid
86620.292240,0.000000,bid
86605.681520,0.000000,bid
86861.957940,0.114512,offer
86609.873120,0.012013,bid
86740.800740,0.002205,offer
86747.906500,0.000000,offer
86739.842660,0.007005,offer
86740.800740,0.000000,offer
86762.257740,0.335505,offer
86774.682840,0.349899,offer
86774.692820,0.000000,offer
87874.229340,0.042410,offer
87887.822100,0.460504,offer
86702.956580,0.000000,bid
86702.547400,0.000000,bid
86672.617380,0.267581,bid
86672.198220,0.000000,bid
84225.521380,0.011849,bid
83724.695040,0.014304,bid
86739.842660,0.000000,offer
86740.800740,0.007968,offer
86743.954420,0.103546,offer
86744.114100,0.000000,offer
86744.124080,0.000000,offer
86747.916480,0.002262,offer
86757.627020,0.752116,offer
86757.756760,0.000000,offer
86788.105940,0.000000,offer
86788.115920,0.000000,offer
86735.431500,0.350187,bid
86735.431500,0.529877,bid
86734.683000,0.000125,bid
86725.990420,0.000000,bid
86723.695020,0.002889,bid
86718.625180,0.000000,bid
86735.441480,0.055000,offer
86736.958440,0.000000,offer
86736.968420,0.000000,offer
86739.852640,0.000000,offer
86739.922500,0.000125,offer
86739.932480,0.005125,offer
86739.942460,0.172585,offer
86740.800740,0.000000,offer
86743.954420,0.103546,offer
86745.581160,0.000000,offer
86748.156000,0.935923,offer
86748.165980,0.575228,offer
86735.441480,0.227594,offer
86739.942460,0.000000,offer
86735.431500,0.411777,bid
86723.695020,0.000000,bid
86718.625180,0.005482,bid
86702.557380,0.879266,bid
86672.208200,1.542586,bid
86739.922500,0.000000,offer
86739.932480,0.000000,offer
86740.790760,0.000125,offer
86740.800740,0.008065,offer
86757.627020,1.205556,offer
86757.746780,0.912425,offer
86774.672860,0.349899,offer
86774.682840,0.000000,offer
86788.115920,1.633960,offer
86728.255880,0.028768,bid
86727.317760,0.000000,bid
75893.508800,0.006541,bid
86739.842660,0.000125,offer
86739.852640,0.172585,offer
86740.790760,0.000000,offer
83727.529360,0.014304,bid
86740.800740,0.000000,offer
86747.906500,0.014291,offer
86735.431500,0.411907,bid
86728.255880,0.000000,bid
86727.277840,0.028768,bid
86727.277840,0.000000,bid
86708.345780,0.000000,bid
86708.335800,0.000000,bid
86702.956580,0.647347,bid
86672.617380,1.159685,bid
86647.657400,0.045942,bid
86735.441480,0.055000,offer
86747.906500,0.000000,offer
86828.225540,1.110394,offer
86728.375640,0.028768,bid
86717.467500,0.962016,bid
86715.711020,1.150887,bid
86736.229900,0.000000,offer
86736.239880,0.000000,offer
86739.842660,0.000000,offer
86739.852640,0.000000,offer
86740.790760,0.000125,offer
86740.800740,0.002904,offer
86743.954420,0.194146,offer
86746.130060,0.172573,offer
86747.906500,0.000000,offer
86728.375640,0.000000,bid
86727.567260,0.028768,bid
86735.441480,0.227594,offer
86739.842660,0.000125,offer
86739.852640,0.172585,offer
86740.790760,0.000000,offer
86743.954420,0.103546,offer
86746.130060,0.000000,offer
86735.431500,0.411755,bid
86735.431500,0.411602,bid
83765.553160,0.014297,bid
82777.523180,0.019290,bid
86740.800740,0.000000,offer
86747.906500,0.014251,offer
82851.025880,0.019273,bid
86774.662880,0.349900,offer
86774.672860,0.000000,offer
86711.439580,0.000000,bid
86778.026140,0.000357,offer
86735.441480,0.055000,offer
86738.734880,0.000125,offer
86738.744860,0.015525,offer
86738.754840,0.172587,offer
86739.842660,0.000000,offer
86739.852640,0.000000,offer
86740.800740,0.002090,offer
86741.988360,0.000000,offer
86743.954420,0.286364,offer
86745.301720,0.172574,offer
86747.367580,0.172570,offer
86747.906500,0.000000,offer
83898.147440,0.013085,bid
83125.915000,0.016808,bid
86738.694960,0.000125,offer
86738.704940,0.015525,offer
86738.714920,0.000000,offer
86738.724900,0.000000,offer
86738.734880,0.000000,offer
86738.744860,0.000000,offer
86728.465460,0.028768,bid
86727.567260,0.000000,bid
86723.695020,0.003223,bid
86718.625180,0.000000,bid
86736.449460,0.000000,offer
86736.459440,0.000000,offer
86736.469420,0.000000,offer
86736.479400,0.000000,offer
86738.684980,0.000000,offer
86738.694960,0.000000,offer
86738.704940,0.000000,offer
86738.744860,0.000000,offer
86738.754840,0.000000,offer
86740.790760,0.000125,offer
86740.800740,0.015525,offer
86740.810720,0.004628,offer
86740.880580,0.172583,offer
86743.944440,0.000000,offer
86743.954420,0.103546,offer
86745.301720,0.000000,offer
86747.367580,0.000000,offer
86754.303680,0.050000,offer
87187.944660,0.050000,offer
86723.695020,0.000000,bid
86718.625180,0.005482,bid
86740.750840,0.000000,offer
86740.760820,0.000000,offer
86740.770800,0.000000,offer
86740.780780,0.000000,offer
86740.790760,0.000000,offer
86740.800740,0.000125,offer
86750.531240,0.000000,offer
86752.397500,0.114814,offer
86754.303680,0.050000,offer
86755.431420,0.000000,offer
75893.508800,0.000000,bid
86740.790760,0.000125,offer
86740.800740,0.008029,offer
86740.810720,0.000000,offer
87187.944660,0.000000,offer
86711.289880,0.034533,bid
86740.790760,0.000000,offer
86740.800740,0.000125,offer
86740.810720,0.007828,offer
86774.652900,0.349900,offer
86774.662880,0.000000,offer
86735.431500,0.411668,bid
86740.760820,0.000125,offer
86740.770800,0.000000,offer
86740.780780,0.008034,offer
86740.790760,0.000000,offer
86740.800740,0.000000,offer
86740.810720,0.000000,offer
86740.700940,0.000125,offer
86740.710920,0.015525,offer
86740.720900,0.000000,offer
86740.730880,0.000000,offer
86740.740860,0.000000,offer
86740.750840,0.000000,offer
86740.760820,0.000000,offer
86740.770800,0.000000,offer
86707.247980,0.670860,bid
86647.657400,0.130045,bid
86740.661020,0.000000,offer
86740.671000,0.000000,offer
86740.680980,0.000000,offer
86740.690960,0.000000,offer
86740.700940,0.000000,offer
86740.710920,0.000000,offer
86740.770800,0.000000,offer
86740.780780,0.000000,offer
86740.800740,0.000125,offer
86740.810720,0.007738,offer
86788.105940,1.724455,offer
86828.225540,0.000000,offer
86700.032440,0.023102,bid
86736.569220,0.000000,offer
86740.800740,0.000000,offer
86740.810720,0.000125,offer
86742.567200,0.172580,offer
86747.906500,0.014456,offer
86740.800740,0.000125,offer
86740.810720,0.002164,offer
86747.906500,0.000000,offer
86774.642920,0.349900,offer
86774.652900,0.000000,offer
86790.091960,0.000000,offer
86801.748600,0.579981,offer
86682.587400,0.386721,bid
86682.168240,0.000000,bid
86680.242100,0.837310,bid
86680.022540,0.000000,bid
86678.116360,0.485725,bid
86678.106380,0.546459,bid
86677.926740,0.000000,bid
86677.916760,0.000000,bid
86735.441480,0.052765,offer
86792.217700,0.000000,offer
86794.992140,0.287027,offer
86728.465460,0.000000,bid
86727.277840,0.028768,bid
86735.441480,0.225358,offer
86747.906500,0.014468,offer
86774.642920,0.000000,offer
86777.337520,0.349889,offer
86727.277840,0.000000,bid
83546.352440,0.015529,bid
82322.016020,0.021822,bid
86740.800740,0.000000,offer
86740.810720,0.000125,offer
86833.185600,0.573527,offer
86833.205560,0.000000,offer
86740.800740,0.000125,offer
86740.810720,0.003739,offer
86740.870600,0.507313,offer
86747.906500,0.000000,offer
86774.642920,0.349900,offer
86777.337520,0.000000,offer
86792.297540,0.287036,offer
86794.992140,0.000000,offer
86833.195580,0.000000,offer
86834.403160,0.042488,offer
75893.508800,0.005887,bid
86735.431500,0.411700,bid
86774.632940,0.349900,offer
86774.642920,0.000000,offer
86727.567260,0.028768,bid
86682.627320,0.386721,bid
86682.587400,0.000000,bid
83290.215740,0.000000,bid
86735.441480,0.052765,offer
86736.688980,0.172591,offer
86672.617380,0.267581,bid
86672.208200,0.000000,bid
86647.657400,0.145275,bid
86735.900560,0.015525,offer
86735.910540,0.172593,offer
86736.679000,0.000000,offer
86736.688980,0.000000,offer
86740.301740,0.000125,offer
86740.311720,0.008009,offer
86740.321700,0.172584,offer
86740.800740,0.000000,offer
86740.810720,0.000000,offer
86740.880580,0.000000,offer
86743.954420,0.103546,offer
86746.130060,0.000000,offer
86757.627020,0.752116,offer
86757.746780,0.000000,offer
86774.632940,0.000000,offer
86777.327540,0.349889,offer
86788.105940,0.000000,offer
86788.115920,0.000000,offer
86703.405680,0.185590,bid
86702.956580,0.000000,bid
86702.557380,0.000000,bid
86735.431500,0.411665,bid
86774.872460,0.349899,offer
86777.327540,0.000000,offer
86702.557380,0.893067,bid
86672.208200,1.616573,bid
86757.627020,1.212988,offer
86757.746780,0.924811,offer
86788.105940,1.632572,offer
83290.545080,0.016775,bid
86740.870600,0.000000,offer
86774.862480,0.349899,offer
86774.872460,0.000000,offer
86740.301740,0.000000,offer
86740.311720,0.000125,offer
86747.906500,0.014426,offer
86711.289880,0.000000,bid
87762.443360,0.011441,offer
86728.395600,0.028768,bid
86727.567260,0.000000,bid
86682.677220,0.386721,bid
86682.627320,0.000000,bid
86735.900560,0.000000,offer
86735.910540,0.000000,offer
86738.814720,0.015651,offer
86738.824700,0.172587,offer
86740.311720,0.000000,offer
86740.321700,0.000000,offer
86740.810720,0.000000,offer
86743.954420,0.000000,offer
86743.964400,0.000000,offer
86745.361600,0.194143,offer
86745.371580,0.172574,offer
86747.427460,0.014353,offer
86747.437440,0.172570,offer
86747.906500,0.000000,offer
86774.862480,0.000000,offer
86777.068060,0.349890,offer
86724.822760,0.115077,bid
86721.908600,0.000000,bid
86737.716920,0.000125,offer
86737.726900,0.172589,offer
86738.784780,0.000000,offer
86738.794760,0.000000,offer
86738.804740,0.000000,offer
86738.814720,0.000000,offer
86738.824700,0.000000,offer
86740.800740,0.000000,offer
86740.810720,0.002933,offer
86747.427460,0.000000,offer
86774.163880,0.000000,offer
86778.016160,0.000166,offer
86788.095960,1.375614,offer
86828.225540,0.056226,offer
86833.175620,0.042488,offer
86834.403160,0.000000,offer
86711.249960,0.034533,bid
86737.716920,0.000000,offer
86737.726900,0.000000,offer
86737.966420,0.172589,offer
86740.800740,0.000000,offer
86745.361600,0.103544,offer
86747.437440,0.000000,offer
86776.998200,0.349890,offer
86777.068060,0.000000,offer
86735.431500,0.522431,bid
86724.822760,0.000000,bid
86722.098220,0.115080,bid
86736.838680,0.000125,offer
86736.848660,0.172591,offer
86737.966420,0.000000,offer
86740.800740,0.000000,offer
86740.810720,0.000000,offer
86748.146020,0.014666,offer
75893.508800,0.000654,bid
86736.838680,0.000000,offer
86736.848660,0.000000,offer
86739.842660,0.000125,offer
86739.852640,0.172585,offer
86740.810720,0.001094,offer
86748.146020,0.000000,offer
86776.828540,0.349891,offer
86776.998200,0.000000,offer
86728.395600,0.000000,bid
86727.597200,0.028768,bid
86682.677220,0.000000,bid
86679.962660,0.386733,bid
86735.441480,0.225358,offer
86739.842660,0.000125,offer
86740.810720,0.000000,offer
86748.146020,0.014750,offer
86735.431500,0.523202,bid
86739.832680,0.000000,offer
86739.842660,0.000125,offer
86729.693000,0.028768,bid
86728.335720,0.115072,bid
86727.926540,0.000000,bid
86727.597200,0.000000,bid
86723.605200,0.000000,bid
86721.888640,0.575403,bid
86721.728960,0.151452,bid
86718.625180,0.000000,bid
86718.615200,0.000000,bid
86717.487460,0.005482,bid
86672.617380,1.204077,bid
86647.657400,0.961302,bid
84282.547100,0.000000,bid
84225.521380,0.000000,bid
83724.695040,0.000000,bid
86735.441480,0.052765,offer
86739.822700,0.000125,offer
86739.842660,0.000000,offer
86739.852640,0.000000,offer
86741.409520,0.172582,offer
86742.567200,0.000000,offer
86747.906500,0.014380,offer
86748.146020,0.000000,offer
86748.156000,0.521898,offer
86748.165980,0.000000,offer
86748.684940,0.172567,offer
86750.670960,0.575212,offer
86752.397500,0.000000,offer
86752.407480,0.375390,offer
86753.275740,0.000000,offer
86757.617040,0.114814,offer
86757.627020,0.000000,offer
86760.381500,1.150295,offer
86774.632940,0.349900,offer
86776.828540,0.000000,offer
86861.957940,1.104624,offer
87874.229340,0.000250,offer
86728.345700,0.118902,bid
86725.980440,0.919795,bid
86717.487460,0.233808,bid
86717.477480,0.000000,bid
86682.657260,0.386721,bid
86679.962660,0.000000,bid
86739.822700,0.000000,offer
86739.832680,0.172585,offer
86740.750840,0.000125,offer
86740.760820,0.000000,offer
86740.770800,0.000000,offer
86740.780780,0.000000,offer
86740.790760,0.000000,offer
86740.810720,0.000000,offer
86741.409520,0.000000,offer
86745.361600,0.194145,offer
86746.379560,0.172572,offer
86748.156000,0.915284,offer
86753.824640,0.114814,offer
86754.293700,0.000000,offer
86754.652980,0.000000,offer
86757.617040,0.000000,offer
86757.627020,1.845555,offer
86861.957940,0.114512,offer
86735.431500,0.523328,bid
86734.683000,0.000000,bid
86729.693000,0.000000,bid
86728.814760,0.028768,bid
86717.946540,0.005482,bid
86717.487460,0.228326,bid
86736.798760,0.172591,offer
86739.772800,0.000125,offer
86739.782780,0.000000,offer
86739.792760,0.000000,offer
86739.802740,0.000000,offer
86739.812720,0.000000,offer
86739.822700,0.000000,offer
86739.832680,0.000000,offer
86740.750840,0.000000,offer
86741.209920,0.172582,offer
86745.351620,0.011308,offer
86745.361600,0.103544,offer
86746.379560,0.000000,offer
86747.906500,0.000000,offer
86748.156000,0.521898,offer
86748.684940,0.000000,offer
86750.670960,0.000000,offer
86752.237820,1.065631,offer
86752.247800,1.150403,offer
86752.397500,0.000000,offer
86752.407480,0.000000,offer
86753.824640,0.000000,offer
86756.898480,0.114814,offer
86757.627020,1.307002,offer
86760.381500,0.000000,offer
86774.632940,0.000000,offer
86776.828540,0.349891,offer
86735.431500,0.523202,bid
86734.683000,0.000125,bid
86682.667240,0.386721,bid
86682.657260,0.000000,bid
86736.778800,0.000000,offer
86736.788780,0.000000,offer
86736.798760,0.000000,offer
86739.772800,0.000000,offer
86740.780780,0.000000,offer
86740.790760,0.000000,offer
86740.800740,0.000000,offer
86740.810720,0.000125,offer
86741.209920,0.000000,offer
86745.351620,0.000000,offer
86747.906500,0.014535,offer
86752.227840,0.114814,offer
86756.898480,0.000000,offer
86725.990420,0.000637,bid
86717.946540,0.000000,bid
87762.443360,0.022874,offer
87887.822100,0.000239,offer
86753.854580,0.060000,offer
86682.677220,0.386721,bid
86682.667240,0.000000,bid
86514.863520,0.000000,bid
86753.854580,0.140000,offer
86682.687200,0.386721,bid
86682.677220,0.000000,bid
87887.822100,0.000000,offer
86725.990420,0.000000,bid
86723.695020,0.002563,bid
86736.619120,0.000000,offer
86740.800740,0.000125,offer
86740.810720,0.007408,offer
86743.345640,0.172578,offer
86745.361600,0.194144,offer
86746.579160,0.172572,offer
86747.906500,0.000000,offer
86775.211780,0.349897,offer
86776.828540,0.000000,offer
86729.712960,0.028768,bid
86728.814760,0.000000,bid
86723.695020,0.000000,bid
86717.946540,0.005482,bid
86749.932440,0.575217,offer
86735.431500,0.523328,bid
86734.683000,0.000000,bid
86682.697180,0.386721,bid
86682.687200,0.000000,bid
86740.810720,0.000000,offer
86745.361600,0.103544,offer
86746.579160,0.000000,offer
86747.906500,0.014346,offer
86748.156000,0.521898,offer
86749.932440,0.000000,offer
86775.211780,0.000000,offer
86777.317560,0.349889,offer
84282.856480,0.011841,bid
86737.088180,0.172591,offer
86740.800740,0.000000,offer
86740.810720,0.000125,offer
86741.489360,0.172582,offer
86735.431500,0.523269,bid
86775.451300,0.349896,offer
86777.317560,0.000000,offer
75893.508800,0.005887,bid
86729.712960,0.000000,bid
86728.345700,0.049859,bid
86728.335720,0.028768,bid
86724.573260,0.115077,bid
86717.946540,0.000000,bid
86717.497440,0.233808,bid
86717.487460,0.000000,bid
86737.078200,0.015525,offer
86735.431500,0.523527,bid
86729.343700,0.028768,bid
86728.345700,0.112670,bid
86728.335720,0.000000,bid
86727.706980,0.115073,bid
86722.098220,0.000000,bid
86717.507420,0.233808,bid
86717.497440,0.000000,bid
86737.048260,0.000125,offer
86737.058240,0.000000,offer
86737.068220,0.000000,offer
86737.078200,0.000000,offer
86740.810720,0.000000,offer
83898.147440,0.000000,bid
83765.553160,0.000000,bid
83727.529360,0.000000,bid
83125.915000,0.000000,bid
82851.025880,0.000000,bid
82777.523180,0.000000,bid
86736.998360,0.015525,offer
86737.008340,0.000125,offer
86737.018320,0.000000,offer
86737.028300,0.000000,offer
86737.038280,0.000000,offer
86737.048260,0.000000,offer
86737.078200,0.000000,offer
86717.946540,0.005482,bid
86717.507420,0.228326,bid
86703.405680,0.698231,bid
86647.657400,0.145275,bid
86736.978400,0.000000,offer
86736.988380,0.000000,offer
86736.998360,0.000000,offer
86737.008340,0.000000,offer
86737.078200,0.000125,offer
86828.225540,0.376594,offer
86735.431500,0.343837,bid
86672.208200,0.000000,bid
86737.088180,0.000000,offer
86741.489360,0.000000,offer
86752.237820,0.375390,offer
86752.247800,0.000000,offer
86757.627020,0.752116,offer
86757.746780,0.000000,offer
86788.095960,0.396070,offer
86788.105940,0.000000,offer
86735.431500,0.461937,bid
86703.405680,0.185590,bid
86702.557380,0.000000,bid
86700.032440,0.023117,bid
86672.617380,0.267581,bid
84225.840740,0.011849,bid
83725.014400,0.014304,bid
86739.692960,0.000000,offer
86747.906500,0.000000,offer
86748.146020,0.094011,offer
86748.156000,0.835641,offer
86748.305700,0.172568,offer
86750.281740,0.575214,offer
86752.227840,0.000000,offer
86754.293700,0.114814,offer
86756.898480,0.000000,offer
86757.627020,1.348281,offer
86760.002260,1.150300,offer
86729.343700,0.000000,bid
86725.691020,0.000000,bid
86748.156000,0.442253,offer
86748.305700,0.000000,offer
86750.281740,0.000000,offer
86757.627020,0.752116,offer
86760.002260,0.000000,offer
86728.615160,0.028768,bid
86722.886640,0.115079,bid
86717.517400,0.000000,bid
86736.329700,0.015525,offer
86736.339680,0.000000,offer
86740.750840,0.172583,offer
86740.810720,0.000000,offer
86747.906500,0.013786,offer
86748.146020,0.079645,offer
86748.156000,1.077216,offer
86751.788720,1.150409,offer
86753.824640,0.114814,offer
86753.854580,0.060000,offer
86754.293700,0.000000,offer
86775.072060,0.349898,offer
86775.451300,0.000000,offer
86702.677140,0.899351,bid
86736.329700,0.000000,offer
86737.028300,0.000125,offer
86737.038280,0.000000,offer
86737.048260,0.000000,offer
86737.058240,0.000000,offer
86737.068220,0.172591,offer
86737.078200,0.000000,offer
86740.740860,0.001615,offer
86740.810720,0.000000,offer
86747.906500,0.000000,offer
86751.778740,0.114814,offer
86753.824640,0.000000,offer
86672.617380,1.200585,bid
86672.327960,1.610752,bid
86736.988380,0.000000,offer
86736.998360,0.000000,offer
86737.008340,0.000000,offer
86737.018320,0.000000,offer
86737.028300,0.000000,offer
86737.058240,0.000125,offer
86740.740860,0.000000,offer
86747.906500,0.014087,offer
86754.762760,0.080000,offer
86757.627020,1.198845,offer
86757.736800,0.901240,offer
86788.105940,1.625885,offer
86736.968420,0.000000,offer
86736.978400,0.000000,offer
86736.988380,0.000000,offer
86737.058240,0.000125,offer
86753.854580,0.020000,offer
86702.677140,0.000000,bid
86672.617380,0.267581,bid
86672.327960,0.000000,bid
86753.854580,0.060000,offer
86757.627020,0.752116,offer
86757.736800,0.000000,offer
86788.105940,0.000000,offer
86702.567360,0.892912,bid
86757.736800,0.883294,offer
87762.443360,0.011441,offer
86672.218180,1.613420,bid
86757.627020,1.188077,offer
86788.105940,1.600193,offer
75893.508800,0.000654,bid
86735.431500,0.462067,bid
83546.352440,0.000000,bid
82322.016020,0.000000,bid
86703.405680,0.698139,bid
86647.657400,0.948804,bid
86735.441480,0.052492,offer
86753.854580,0.020000,offer
86788.095960,1.306677,offer
86828.225540,0.619734,offer
83898.456820,0.013085,bid
83126.214400,0.016808,bid
78061.883360,0.000256,bid
86735.441480,0.032596,offer
86753.854580,0.060000,offer
86682.717140,0.356341,bid
86682.697180,0.000000,bid
86737.058240,0.000000,offer
86737.068220,0.000000,offer
86738.325700,0.015651,offer
86738.335680,0.172588,offer
86740.750840,0.000000,offer
86740.810720,0.001030,offer
86746.928460,0.575237,offer
86746.948420,0.172571,offer
86747.906500,0.000000,offer
86775.072060,0.000000,offer
86777.267660,0.376261,offer
86738.295760,0.015525,offer
86738.305740,0.000000,offer
86738.315720,0.000000,offer
86738.325700,0.000125,offer
86740.810720,0.000000,offer
86745.351620,0.012844,offer
86745.361600,0.539286,offer
86737.018320,0.015651,offer
86737.028300,0.172591,offer
86738.255840,0.000000,offer
86738.265820,0.000000,offer
86738.275800,0.000000,offer
86738.285780,0.000000,offer
86738.295760,0.000000,offer
86738.325700,0.000000,offer
86738.335680,0.000000,offer
86740.810720,0.004349,offer
86741.439460,0.172582,offer
86745.351620,0.000000,offer
86746.948420,0.000000,offer
86775.411380,0.376269,offer
86777.267660,0.000000,offer
86736.978400,0.000125,offer
86736.988380,0.015525,offer
86736.998360,0.000000,offer
86737.008340,0.000000,offer
86737.018320,0.000000,offer
86729.543300,0.028768,bid
86728.615160,0.000000,bid
86728.345700,0.209819,bid
86728.245900,0.175000,bid
86725.770860,0.115075,bid
86724.573260,0.000000,bid
86717.946540,0.000000,bid
86717.936560,0.229489,bid
86717.507420,0.000000,bid
86682.737100,0.356341,bid
86682.717140,0.000000,bid
86736.958440,0.000000,offer
86736.968420,0.000000,offer
86736.978400,0.000000,offer
86736.988380,0.000000,offer
86737.018320,0.000000,offer
86737.028300,0.000000,offer
86738.385580,0.000125,offer
86738.395560,0.015525,offer
86738.405540,0.000000,offer
86738.415520,0.172588,offer
86740.800740,0.000000,offer
86741.439460,0.000000,offer
86754.303680,0.000000,offer
86754.323640,0.050000,offer
87187.964620,0.050000,offer
86723.695020,0.001424,bid
86738.345660,0.000125,offer
86738.355640,0.000000,offer
86738.365620,0.000000,offer
86738.375600,0.000000,offer
86738.385580,0.000000,offer
86738.395560,0.000000,offer
86738.405540,0.000000,offer
86740.810720,0.000000,offer
86745.351620,0.012711,offer
86723.695020,0.000000,bid
86721.898620,0.001523,bid
86737.018320,0.000125,offer
86737.028300,0.172591,offer
86738.345660,0.000000,offer
86738.405540,0.000000,offer
86738.415520,0.000000,offer
86740.810720,0.003626,offer
86741.439460,0.172582,offer
86745.351620,0.000000,offer
87187.964620,0.000000,offer
75893.508800,0.005233,bid
86735.431500,0.462132,bid
86775.401400,1.114078,offer
86775.411380,0.000000,offer
86735.431500,0.460909,bid
83290.545080,0.000000,bid
86884.951860,0.000338,offer
86884.961840,0.000108,offer
86884.971820,0.000085,offer
86884.981800,0.001349,offer
86884.991780,0.000212,offer
86885.001760,0.000063,offer
86885.011740,0.000338,offer
86885.021720,0.000315,offer
86885.031700,0.000143,offer
86885.041680,0.001372,offer
86437.768020,0.828543,bid
86426.001600,0.000000,bid
86723.695020,0.001323,bid
86721.898620,0.000000,bid
86682.767040,0.356340,bid
86682.737100,0.000000,bid
86672.617380,1.202185,bid
86647.657400,0.145275,bid
83765.852560,0.014297,bid
82777.812600,0.019290,bid
86737.018320,0.000000,offer
86737.028300,0.000000,offer
86738.974400,0.000125,offer
86738.984380,0.172587,offer
86740.800740,0.000000,offer
86740.810720,0.000000,offer
86741.439460,0.000000,offer
86745.361600,0.194143,offer
86746.928460,0.000000,offer
86747.597120,0.172570,offer
86747.906500,0.014230,offer
86749.573160,0.575219,offer
86515.083080,0.006006,bid
78061.883360,0.000000,bid
86737.377600,0.000125,offer
86737.387580,0.172590,offer
86738.974400,0.000000,offer
86738.984380,0.000000,offer
86740.810720,0.000000,offer
86741.788760,0.172581,offer
86745.351620,0.010944,offer
86745.361600,0.103544,offer
86747.597120,0.000000,offer
86747.906500,0.000000,offer
86717.407620,0.000000,bid
86717.407620,0.032518,bid
86745.351620,0.000000,offer
86747.906500,0.014309,offer
86749.523260,0.039500,offer
86753.854580,0.020000,offer
86729.543300,0.000000,bid
86753.854580,0.060000,offer
86728.844700,0.028768,bid
86723.695020,0.000000,bid
86721.898620,0.001218,bid
83546.661820,0.015529,bid
82851.684560,0.019273,bid
82322.305440,0.021822,bid
86735.441480,0.032050,offer
83727.838740,0.014303,bid
75893.508800,0.001308,bid
86735.431500,0.460942,bid
84282.856480,0.000000,bid
86703.405680,0.185590,bid
86702.567360,0.000000,bid
86788.095960,0.396070,offer
86788.105940,0.000000,offer
86672.617380,0.267581,bid
86672.218180,0.000000,bid
86663.236180,0.097132,bid
86757.627020,0.752116,offer
86757.736800,0.000000,offer
86702.567360,0.911992,bid
86735.441480,0.023244,offer
86703.405680,0.709587,bid
86672.218180,1.607166,bid
86757.736800,0.910899,offer
86788.095960,2.014860,offer
87899.578540,0.475114,offer
86723.695020,0.001243,bid
86721.898620,0.000000,bid
86682.777020,0.356340,bid
86682.767040,0.000000,bid
86672.617380,1.198433,bid
86736.499360,0.172592,offer
86737.377600,0.000000,offer
86737.387580,0.000000,offer
86740.800740,0.000125,offer
86740.810720,0.000901,offer
86745.361600,0.435743,offer
86747.078160,0.575236,offer
86747.906500,0.000000,offer
86749.573160,0.000000,offer
86757.627020,1.204641,offer
86775.131940,0.376271,offer
86775.401400,0.737808,offer
86788.085980,1.367344,offer
86788.095960,1.618790,offer
86723.695020,0.000000,bid
86736.489380,0.015525,offer
86775.121960,0.376271,offer
86775.131940,0.000000,offer
86735.431500,1.014566,bid
86734.683000,0.000125,bid
86721.898620,0.001145,bid
86682.816940,0.356340,bid
86682.777020,0.000000,bid
86736.489380,0.000000,offer
86736.499360,0.000000,offer
86737.906540,0.000125,offer
86737.916520,0.172589,offer
86740.800740,0.000000,offer
86740.810720,0.000000,offer
86743.345640,0.000000,offer
86745.371580,0.000000,offer
86746.519280,0.172572,offer
86753.854580,0.000000,offer
86754.323640,0.000000,offer
86768.784660,0.000000,offer
86775.121960,0.000000,offer
86777.287620,0.376261,offer
86838.884180,0.000000,offer
87579.240500,0.000000,offer
87815.706620,0.001200,offer
86735.431500,1.014692,bid
86734.683000,0.000000,bid
75893.508800,0.005233,bid
86737.866620,0.000125,offer
86737.876600,0.015525,offer
86737.886580,0.000000,offer
86737.896560,0.000000,offer
86737.906540,0.000000,offer
86744.144040,0.002262,offer
86744.154020,0.172576,offer
86747.916480,0.000000,offer
86747.926460,0.000000,offer
86754.323640,0.050000,offer
86761.888480,0.000000,offer
86765.930380,0.007489,offer
86838.884180,0.050000,offer
86655.361960,0.038985,bid
86641.579580,0.077971,bid
86632.707360,0.000000,bid
86632.697380,0.000000,bid
86618.924980,0.000000,bid
86614.793260,0.155942,bid
86592.138660,0.000000,bid
86737.816720,0.000125,offer
86737.826700,0.000000,offer
86737.836680,0.000000,offer
86737.846660,0.000000,offer
86737.856640,0.000000,offer
86737.866620,0.000000,offer
86737.876600,0.000000,offer
86737.906540,0.000000,offer
86775.830540,0.376268,offer
86777.287620,0.000000,offer
86735.431500,1.015463,bid
86729.972440,0.028767,bid
86728.844700,0.000000,bid
86721.898620,0.000000,bid
86717.946540,0.005482,bid
84225.840740,0.000000,bid
83725.014400,0.000000,bid
86737.786780,0.000000,offer
86737.796760,0.000000,offer
86737.806740,0.000000,offer
86737.816720,0.000000,offer
86737.906540,0.000000,offer
86737.916520,0.000000,offer
86739.922500,0.172585,offer
86740.810720,0.000125,offer
86741.788760,0.000000,offer
86744.144040,0.216113,offer
86745.351620,0.011270,offer
86745.361600,0.000000,offer
86747.078160,0.000000,offer
86748.156000,0.442253,offer
86750.511280,0.575213,offer
86751.778740,0.000000,offer
86751.788720,0.000000,offer
86754.652980,0.114814,offer
86754.762760,0.140000,offer
86760.231800,1.150297,offer
86735.431500,1.133563,bid
86711.249960,0.000000,bid
39921.996000,0.000375,bid
86739.882580,0.015525,offer
86739.892560,0.000000,offer
86739.902540,0.000000,offer
86739.912520,0.000125,offer
86740.810720,0.000000,offer
86745.351620,0.000000,offer
86748.136040,0.013627,offer
86748.156000,0.734749,offer
86753.824640,0.114814,offer
86754.313660,0.000000,offer
86754.652980,0.000000,offer
86757.627020,1.838253,offer
86515.083080,0.000000,bid
69860.000000,155.536711,bid
86739.832680,0.000125,offer
86739.842660,0.015525,offer
86739.852640,0.000000,offer
86739.862620,0.000000,offer
86739.872600,0.000000,offer
86739.882580,0.000000,offer
86739.912520,0.000000,offer
87899.578540,0.000000,offer
87902.832020,0.470233,offer
86721.898620,0.002552,bid
86717.946540,0.000000,bid
86737.996360,0.000125,offer
86738.006340,0.172589,offer
86739.832680,0.000000,offer
86739.842660,0.000000,offer
86739.912520,0.000000,offer
86739.922500,0.000000,offer
86740.810720,0.000000,offer
86742.417500,0.172580,offer
86747.597120,0.023244,offer
86711.589280,0.034532,bid
86737.996360,0.000000,offer
86738.006340,0.000000,offer
86738.774800,0.000125,offer
86738.784780,0.172587,offer
86740.810720,0.000000,offer
86748.136040,0.013431,offer
86752.227840,0.114814,offer
86753.824640,0.000000,offer
86732.018340,0.028767,bid
86729.972440,0.000000,bid
86729.513360,0.115070,bid
86725.980440,0.851735,bid
86724.213980,0.575387,bid
86722.886640,0.000000,bid
86721.908600,0.000000,bid
86721.898620,0.000000,bid
86721.888640,0.000000,bid
86717.946540,0.005482,bid
86738.774800,0.000000,offer
86738.784780,0.000000,offer
86740.810720,0.000125,offer
86741.978380,0.172581,offer
86742.417500,0.000000,offer
86744.134060,0.002263,offer
86744.144040,0.115746,offer
86744.154020,0.000000,offer
86746.389540,0.172572,offer
86746.519280,0.000000,offer
86747.587140,0.000000,offer
86747.597120,0.000000,offer
86747.886540,0.172569,offer
86748.136040,0.000000,offer
86748.146020,0.013564,offer
86748.156000,0.442253,offer
86749.523260,0.000000,offer
86750.511280,0.000000,offer
86752.227840,0.000000,offer
86754.652980,0.114814,offer
86757.627020,1.298634,offer
86757.637000,0.000000,offer
86780.581020,0.118661,offer
86781.349480,0.000000,offer
86791.838460,2.874694,offer
86732.018340,0.000000,bid
86730.990400,0.028767,bid
86684.413740,0.335404,bid
86739.174000,0.000125,offer
86739.183980,0.172586,offer
86740.810720,0.000000,offer
86741.978380,0.000000,offer
86743.585160,0.208447,offer
86743.595140,0.172578,offer
86744.144040,0.000000,offer
86747.876560,0.012259,offer
86748.146020,0.000000,offer
86752.237820,1.087577,offer
86754.633020,1.150371,offer
86780.581020,1.918008,offer
86828.225540,1.991408,offer
86728.345700,0.154859,bid
86727.706980,0.000000,bid
86725.990420,0.001629,bid
86724.653100,0.115077,bid
86717.946540,0.000000,bid
86730.990400,0.000000,bid
86730.251880,0.028767,bid
86725.990420,0.000000,bid
86717.946540,0.005482,bid
86681.798980,0.143824,bid
86675.321960,0.000000,bid
86725.990420,0.001548,bid
86717.946540,0.000000,bid
86611.430000,0.000000,bid
86581.879220,0.000000,bid
86525.083040,0.000000,bid
86444.504520,0.000000,bid
86367.019800,0.000000,bid
86280.153880,0.000000,bid
86223.557300,0.000000,bid
86163.597460,0.000000,bid
86100.294320,0.000000,bid
86033.647880,0.000000,bid
85987.370620,0.000000,bid
85915.185280,0.001062,bid
85839.676600,0.000000,bid
85787.491180,0.000000,bid
86848.564780,0.000000,offer
86879.343100,0.000000,offer
86938.265020,0.000000,offer
87006.747780,0.000000,offer
87068.424180,0.000000,offer
87154.142400,0.000000,offer
87229.651080,0.000000,offer
87311.337380,0.000000,offer
87354.500880,0.000000,offer
87445.478560,0.000000,offer
87493.292740,0.000000,offer
87567.933160,0.000000,offer
86621.669480,0.046825,bid
86592.118700,0.109441,bid
86509.953360,0.090846,bid
86748.076160,0.034532,offer
86889.602540,0.039021,offer
86923.813980,0.090846,offer
86935.979600,0.043776,offer
87578.302380,0.000000,offer
86439.963620,0.081095,bid
86377.219360,0.114534,bid
86735.441480,0.022879,offer
87062.685680,0.081095,offer
87128.972840,0.114534,offer
86735.431500,1.133019,bid
86308.477120,0.080856,bid
86233.746880,0.118112,bid
86153.058580,0.099968,bid
86088.627700,0.086228,bid
86739.144060,0.000125,offer
86739.154040,0.000000,offer
86739.164020,0.000000,offer
86739.174000,0.000000,offer
86754.623040,0.114814,offer
86754.652980,0.000000,offer
87128.972840,0.195389,offer
87201.407680,0.118112,offer
87280.010160,0.191443,offer
87364.800240,0.086228,offer
86735.431500,1.133019,bid
86727.058280,0.115074,bid
86725.990420,0.000000,bid
86725.770860,0.000000,bid
86717.946540,0.005276,bid
86020.863500,0.097428,bid
85949.756000,0.090328,bid
85875.325160,0.105617,bid
86739.084180,0.000125,offer
86739.094160,0.000000,offer
86739.114120,0.000000,offer
86739.124100,0.000000,offer
86739.134080,0.000000,offer
86739.144060,0.000000,offer
86739.174000,0.000000,offer
86748.066180,0.079645,offer
86748.156000,0.711047,offer
86751.090120,1.156754,offer
86754.313660,0.114814,offer
86754.623040,0.000000,offer
87409.520620,0.097428,offer
87479.520340,0.090328,offer
87553.023040,0.091277,offer
85823.878260,0.075535,bid
86739.034280,0.015525,offer
86739.044260,0.000000,offer
86739.054240,0.000000,offer
86739.064220,0.000000,offer
86739.074200,0.000000,offer
86739.084180,0.000000,offer
86739.174000,0.000125,offer
86748.076160,0.000000,offer
86731.629120,0.028767,bid
86730.251880,0.000000,bid
86729.523340,0.292945,bid
86728.345700,0.000000,bid
86721.738940,0.228326,bid
86721.728960,0.000000,bid
86717.946540,0.000000,bid
86717.936560,0.001163,bid
86711.589280,0.000000,bid
86738.994360,0.000000,offer
86739.004340,0.000000,offer
86739.014320,0.000000,offer
86739.024300,0.000000,offer
86739.034280,0.000000,offer
86739.174000,0.000000,offer
86739.183980,0.000000,offer
86740.800740,0.000125,offer
86740.810720,0.000000,offer
86743.585160,0.000000,offer
86743.595140,0.000000,offer
86744.134060,0.000000,offer
86745.181960,0.103545,offer
86745.191940,0.172574,offer
86746.389540,0.000000,offer
86747.866580,0.002263,offer
86747.876560,0.000000,offer
86747.886540,0.000000,offer
86748.056200,0.013534,offer
86748.156000,0.442253,offer
86748.784740,0.172567,offer
86751.090120,0.581546,offer
86752.237820,0.375390,offer
86754.633020,0.000000,offer
86725.990420,0.001988,bid
86721.748920,0.151452,bid
86721.738940,0.000000,bid
86717.477480,0.228326,bid
75893.508800,0.001308,bid
86740.770800,0.000000,offer
86740.780780,0.000000,offer
86740.790760,0.000000,offer
86740.800740,0.000000,offer
86740.810720,0.000125,offer
86744.084160,0.103546,offer
86744.094140,0.172577,offer
86745.181960,0.000000,offer
86745.191940,0.000000,offer
86748.066180,0.000000,offer
86731.629120,0.000000,bid
86730.890600,0.028767,bid
86725.990420,0.000000,bid
86717.946540,0.233808,bid
86717.477480,0.000000,bid
86735.441480,0.023204,offer
86740.740860,0.015525,offer
86740.750840,0.000000,offer
86740.760820,0.000000,offer
86740.770800,0.000000,offer
86740.810720,0.000125,offer
86748.046220,0.013154,offer
86748.056200,0.000000,offer
86748.784740,0.000000,offer
86752.237820,1.087568,offer
86755.740800,1.150356,offer
86768.904420,0.008446,offer
86735.431500,1.133276,bid
83898.456820,0.000000,bid
83126.214400,0.000000,bid
86740.730880,0.000000,offer
86740.740860,0.000000,offer
86740.810720,0.000125,offer
86739.393560,0.040000,bid
86739.383580,0.118100,bid
86738.255840,0.002593,bid
86738.245860,0.002367,bid
86738.235880,0.118100,bid
86735.451460,0.015000,bid
86735.441480,0.464661,bid
86735.431500,0.774435,bid
86731.968440,0.028767,bid
86730.890600,0.000000,bid
86730.800780,0.115069,bid
86725.990420,0.002008,bid
86724.653100,0.000000,bid
86724.223960,0.004527,bid
86721.768880,0.151452,bid
86721.758900,0.228326,bid
86721.748920,0.000000,bid
86717.946540,0.000000,bid
86711.589280,0.034532,bid
86684.004560,0.356335,bid
86682.816940,0.000000,bid
86681.639300,0.837297,bid
86680.242100,0.000000,bid
86679.503580,0.546450,bid
86678.116360,0.000000,bid
86678.106380,0.000000,bid
86656.110460,2.708460,bid
86648.805100,1.216388,bid
86647.647420,0.000000,bid
86735.441480,0.000000,offer
86740.810720,0.000125,offer
86744.084160,0.000000,offer
86744.094140,0.000000,offer
86747.587140,0.022879,offer
86748.046220,0.000000,offer
86748.146020,0.013533,offer
86752.237820,0.375390,offer
86754.313660,0.000000,offer
86755.740800,0.000000,offer
86757.617040,0.114814,offer
86765.122000,1.150232,offer
86775.830540,0.000000,offer
86778.734720,0.376255,offer
86792.297540,0.000000,offer
86796.399320,0.287023,offer
86739.463420,0.002589,bid
86739.453440,0.040000,bid
86739.443460,0.000000,bid
86739.433480,0.144311,bid
86739.423500,0.000000,bid
86739.393560,0.000000,bid
86739.383580,0.000000,bid
86738.265820,0.000000,bid
86738.255840,0.002467,bid
86738.235880,0.000000,bid
86735.461440,0.000000,bid
86735.441480,0.000000,bid
86735.431500,0.220685,bid
86731.968440,0.000000,bid
86730.800780,0.000000,bid
86729.513360,0.000000,bid
86724.223960,0.000000,bid
86723.695020,0.228326,bid
86721.768880,0.703145,bid
86721.758900,0.000000,bid
86720.291840,1.150826,bid
86712.776900,0.272408,bid
86711.309840,0.000000,bid
86705.980520,2.877541,bid
86697.836840,0.000000,bid
86697.826860,0.000000,bid
86268.626980,0.000000,bid
86739.443460,0.000000,offer
86739.453440,0.000000,offer
86740.810720,0.000000,offer
86740.820700,0.000000,offer
86741.170000,0.499034,offer
86743.974380,0.000000,offer
86747.577160,0.057542,offer
86748.136040,0.079645,offer
86749.383540,0.172566,offer
86741.160020,0.147213,bid
86739.463420,0.000125,bid
86739.453440,0.000000,bid
86739.433480,0.100710,bid
86738.255840,0.000000,bid
86738.245860,0.000000,bid
86735.461440,0.000000,bid
86735.431500,0.152769,bid
86734.683000,0.002332,bid
86730.810760,0.115069,bid
86728.695000,0.000000,bid
86725.990420,0.000000,bid
86725.551300,0.115076,bid
86700.032440,0.023086,bid
86663.236180,0.097116,bid
86620.292240,3.527325,bid
86613.066720,0.050000,bid
86606.350180,0.000000,bid
86741.170000,0.499159,offer
86743.405520,0.000000,offer
86747.567180,0.007431,offer
86747.816680,0.172569,offer
86748.146020,0.000000,offer
86749.383540,0.000000,offer
86756.898480,0.114814,offer
86757.617040,0.000000,offer
86739.463420,0.000000,bid
86735.461440,0.000125,bid
86731.379620,0.028767,bid
86730.820740,0.003452,bid
86727.307780,0.000000,bid
86712.776900,0.183578,bid
86710.291880,0.000000,bid
86688.854840,0.356315,bid
86685.621320,0.837259,bid
86684.333900,0.566107,bid
86684.004560,0.000000,bid
86681.639300,0.000000,bid
86679.503580,0.000000,bid
86652.787120,1.216332,bid
86648.805100,0.000000,bid
86641.589560,0.088596,bid
86638.166420,0.000000,bid
75893.508800,0.000000,bid
86778.734720,0.000000,offer
86782.726720,0.376238,offer
86796.399320,0.000000,offer
86800.391320,0.281921,offer
86834.413140,0.000000,offer
86844.023880,0.603653,offer
86735.431500,0.127979,bid
86641.589560,0.088595,bid
86638.166420,0.000000,bid
86747.557200,0.010409,offer
86747.567180,0.138066,offer
86747.587140,0.000000,offer
86735.431500,0.121740,bid
86734.683000,0.000000,bid
86732.227920,0.028767,bid
86731.379620,0.000000,bid
86725.990420,0.005482,bid
86725.551300,0.000000,bid
86688.854840,0.000000,bid
86686.529500,0.837250,bid
86685.621320,0.000000,bid
86685.581400,0.356329,bid
86684.433700,0.566106,bid
86684.413740,0.138972,bid
86684.333900,0.000000,bid
86653.405880,1.216323,bid
86652.787120,0.000000,bid
86641.589560,0.000000,bid
86638.166420,0.088595,bid
86741.908520,0.172581,offer
86746.309700,0.247855,offer
86746.319680,0.172572,offer
86747.567180,0.000000,offer
86752.237820,0.673586,offer
86752.497300,0.575200,offer
86755.431420,0.114814,offer
86756.898480,0.000000,offer
86762.257740,0.983706,offer
86780.840500,0.376246,offer
86782.726720,0.000000,offer
86798.315480,0.281928,offer
86800.391320,0.000000,offer
83291.054060,0.016775,bid
86841.179580,0.603673,offer
86844.023880,0.000000,offer
86696.269980,1.800000,bid
86686.529500,0.000000,bid
86683.705160,0.837277,bid
86746.299720,0.008222,offer
86747.557200,0.000000,offer
86754.752780,0.114814,offer
86755.431420,0.000000,offer
86791.359420,1.704298,offer
86828.225540,0.619734,offer
86739.433480,0.073119,bid
86735.461440,0.000000,bid
86735.451460,0.000000,bid
86735.441480,0.000125,bid
86685.591380,0.356329,bid
86685.581400,0.000000,bid
86748.136040,0.114178,offer
86752.237820,0.996531,offer
86753.834620,0.565197,offer
86754.752780,0.000000,offer
86755.431420,0.114814,offer
86756.898480,0.000000,offer
86780.830520,0.376246,offer
86780.840500,0.000000,offer
86841.169600,0.603673,offer
86841.179580,0.000000,offer
86703.405680,0.185590,bid
86702.567360,0.000000,bid
86672.617380,0.267581,bid
86672.218180,0.000000,bid
86757.627020,0.752095,offer
86757.736800,0.000000,offer
86788.085980,0.000000,offer
86788.095960,0.000000,offer
86426.800000,0.031623,bid
86741.898540,0.057542,offer
86747.577160,0.000000,offer
86755.431420,0.000000,offer
86756.898480,0.114814,offer
86685.601360,0.356329,bid
86685.591380,0.000000,bid
86748.136040,0.079645,offer
86755.431420,0.114814,offer
86756.898480,0.000000,offer
86828.225540,1.768582,offer
86841.149640,0.603673,offer
86841.169600,0.000000,offer
86741.160020,0.178203,bid
86702.687120,0.908148,bid
86685.611340,0.356329,bid
86685.601360,0.000000,bid
86672.617380,1.193732,bid
86672.337940,1.599332,bid
84283.165860,0.011841,bid
86761.509240,1.553184,offer
86761.519220,0.879234,offer
86762.257740,0.000000,offer
86791.888360,1.590048,offer
86841.139660,0.603673,offer
86841.149640,0.000000,offer
87802.562960,0.000000,offer
87815.706620,0.002400,offer
86685.621320,0.356329,bid
86685.611340,0.000000,bid
75898.518760,0.006541,bid
86780.820540,0.376246,offer
86780.830520,0.000000,offer
86841.129680,0.603673,offer
86841.139660,0.000000,offer
86741.160020,0.178333,bid
86685.631300,0.356329,bid
86685.621320,0.000000,bid
83765.852560,0.000000,bid
83546.661820,0.000000,bid
82851.684560,0.000000,bid
82777.812600,0.000000,bid
82322.305440,0.000000,bid
86748.136040,0.114178,offer
86841.119700,0.603673,offer
86841.129680,0.000000,offer
86684.433700,0.000000,bid
86681.220140,0.566127,bid
86741.170000,0.563159,offer
86748.136040,0.079645,offer
86780.451280,0.376248,offer
86780.820540,0.000000,offer
86797.956200,0.281929,offer
86798.315480,0.000000,offer
86840.750440,0.603676,offer
86841.119700,0.000000,offer
86638.166420,0.000000,bid
86741.160020,0.166712,bid
86641.589560,0.088597,bid
86840.730480,0.603676,offer
86840.750440,0.000000,offer
86707.247980,2.313527,bid
86675.321960,0.070860,bid
86647.657400,0.728646,bid
86620.292240,1.029304,bid
86748.136040,0.114178,offer
86791.359420,2.465808,offer
86828.225540,0.619734,offer
86840.720500,0.603676,offer
86840.730480,0.000000,offer
86733.106160,0.028766,bid
86732.227920,0.000000,bid
86728.465460,0.115072,bid
86741.898540,0.000000,offer
86741.908520,0.000000,offer
86742.387560,0.172580,offer
86746.289740,0.057541,offer
86746.299720,0.000000,offer
86746.309700,0.103542,offer
86746.319680,0.000000,offer
86747.806700,0.011064,offer
86748.136040,0.079645,offer
86748.924460,0.172567,offer
86750.750800,0.172563,offer
86755.431420,0.000000,offer
86757.617040,0.114814,offer
86780.441300,0.376248,offer
86780.451280,0.000000,offer
86840.710520,0.603676,offer
86840.720500,0.000000,offer
86741.160020,0.172963,bid
86755.431420,0.114814,offer
86757.617040,0.000000,offer
86840.700540,0.603676,offer
86840.710520,0.000000,offer
86748.136040,0.114178,offer
86754.752780,0.114814,offer
86755.431420,0.000000,offer
75898.518760,0.000000,bid
86840.690560,0.603676,offer
86840.700540,0.000000,offer
86741.160020,0.173028,bid
83727.838740,0.000000,bid
86774.173860,0.000000,offer
86785.091980,0.149137,offer
86748.136040,0.079645,offer
86780.431320,0.376248,offer
86780.441300,0.000000,offer
86840.670600,0.603676,offer
86840.690560,0.000000,offer
86518.675880,0.006002,bid
86733.106160,0.000000,bid
86732.128120,0.028767,bid
83766.141980,0.014297,bid
82778.102020,0.019290,bid
86741.170000,0.735742,offer
86742.387560,0.000000,offer
86746.279760,0.316754,offer
86746.309700,0.000000,offer
86746.379560,0.172572,offer
86747.716880,0.172569,offer
86747.806700,0.000000,offer
86747.816680,0.000000,offer
86748.126060,0.011165,offer
86750.750800,0.000000,offer
86754.752780,0.000000,offer
86757.617040,0.114814,offer
86840.660620,0.603676,offer
86840.670600,0.000000,offer
86746.279760,0.224994,offer
86756.898480,0.114814,offer
86757.617040,0.000000,offer
86741.160020,0.683208,bid
86732.128120,0.000000,bid
86727.058280,0.000000,bid
86712.637180,0.259641,bid
86707.756960,0.000000,bid
86695.271980,0.000000,bid
86741.170000,0.563159,offer
86746.279760,0.000000,offer
86746.379560,0.000000,offer
86747.716880,0.000000,offer
86748.136040,0.000000,offer
86748.156000,0.103816,offer
86748.924460,0.000000,offer
86750.541220,0.000000,offer
86751.090120,0.000000,offer
86752.237820,0.000000,offer
86752.497300,0.000000,offer
86754.662960,0.000000,offer
86754.762760,0.000000,offer
86755.431420,0.114814,offer
86756.898480,0.000000,offer
86756.908460,0.000000,offer
86760.231800,0.000000,offer
86763.305640,0.000000,offer
86768.904420,0.000000,offer
86771.239740,0.000000,offer
86775.511180,0.000000,offer
86782.117940,0.043700,offer
86861.957940,0.289639,offer
86861.967920,0.000000,offer
86974.203000,0.000000,offer
86738.455440,0.028765,bid
86736.828700,0.115061,bid
86734.683000,0.000762,bid
86731.050280,0.575342,bid
86730.810760,0.000000,bid
86729.523340,0.152787,bid
86728.465460,0.000000,bid
86728.425540,0.023011,bid
86725.990420,0.000000,bid
86725.980440,0.548231,bid
86725.790820,1.150753,bid
86724.213980,0.000000,bid
86723.695020,0.000000,bid
86720.790840,0.033156,bid
86717.477480,0.228326,bid
86717.467500,0.271527,bid
86715.711020,0.000000,bid
86711.589280,0.000000,bid
86709.094280,0.000000,bid
86702.946600,0.000000,bid
86690.840860,2.878043,bid
86688.485580,0.023039,bid
86682.557460,0.000000,bid
86672.278060,0.023552,bid
86659.972720,0.000000,bid
86659.962740,0.000000,bid
86659.174320,0.000000,bid
86645.342040,5.759109,bid
86624.873060,0.000000,bid
86620.292240,0.000000,bid
86620.282260,0.000000,bid
86545.452220,5.752774,bid
86520.322580,0.000000,bid
86186.701160,0.002877,bid
86180.683220,0.000000,bid
86741.170000,0.563034,offer
86748.126060,0.000000,offer
86748.156000,0.000000,offer
86751.998300,0.172561,offer
86752.217860,0.000125,offer
86752.227840,0.013550,offer
86752.237820,0.444077,offer
86752.467360,0.000000,offer
86753.834620,0.485552,offer
86755.431420,0.000000,offer
86757.627020,0.061917,offer
86758.894480,0.172547,offer
86761.279700,0.575141,offer
86761.509240,0.898027,offer
86764.173900,0.032951,offer
86765.112020,0.114831,offer
86765.122000,0.000000,offer
86768.784660,1.150183,offer
86769.293640,0.000000,offer
86770.840540,0.000000,offer
86770.850520,0.000000,offer
86773.954300,0.723739,offer
86778.016160,0.000000,offer
86779.782620,2.875094,offer
86780.421340,0.000166,offer
86781.090000,0.000000,offer
86785.151860,0.036353,offer
86791.359420,0.000000,offer
86791.838460,0.000000,offer
86806.129820,0.000000,offer
86816.768500,2.873869,offer
86833.185600,0.000000,offer
86838.105740,0.000000,offer
86840.650640,0.721776,offer
86840.660620,0.000000,offer
86844.223480,0.414982,offer
86861.957940,0.000000,offer
87040.200740,0.118100,offer
86739.433480,0.150274,bid
86738.455440,0.000000,bid
86734.683000,0.000000,bid
86734.663040,0.666427,bid
86731.050280,0.000000,bid
86729.533320,0.057538,bid
86728.425540,0.000000,bid
86725.990420,0.005482,bid
86725.980440,1.126912,bid
86722.557300,0.000000,bid
86721.878660,0.032518,bid
86721.778860,0.228326,bid
86717.477480,0.000000,bid
86717.407620,0.000000,bid
86714.174100,2.877269,bid
86713.725000,0.005752,bid
86707.247980,0.670860,bid
86705.980520,0.000000,bid
86702.966560,0.000000,bid
86701.289920,0.007489,bid
86690.351840,0.143810,bid
86681.798980,0.000000,bid
86644.833060,0.088586,bid
86641.589560,0.000000,bid
86629.304180,0.137181,bid
86554.124840,0.000000,bid
86186.701160,0.000000,bid
86741.170000,0.563159,offer
86750.191920,0.034532,offer
86751.988320,0.000000,offer
86751.998300,0.000000,offer
86752.217860,0.000000,offer
86757.627020,0.000000,offer
86757.676920,0.172550,offer
86758.894480,0.000000,offer
86759.842580,0.000000,offer
86760.670920,0.000000,offer
86761.279700,0.000000,offer
86761.499260,0.114814,offer
86765.112020,0.000017,offer
86765.431380,0.847308,offer
86765.930380,0.000000,offer
86766.668900,0.586599,offer
86776.229740,0.023126,offer
86776.459280,0.007489,offer
86780.421340,0.000000,offer
86780.581020,0.118661,offer
86786.718720,0.000166,offer
86803.954180,0.000000,offer
86833.175620,0.000000,offer
86834.782400,0.000000,offer
86834.792380,0.000000,offer
86837.666620,0.573497,offer
86837.716520,0.042488,offer
86888.664420,0.036515,offer
86741.489360,0.155880,bid
86741.170000,0.003672,bid
86741.160020,0.683333,bid
86741.060220,0.028764,bid
86738.385580,0.115059,bid
86735.441480,0.000000,bid
86734.683000,0.002976,bid
86732.856660,0.512120,bid
86725.990420,0.000000,bid
86725.980440,0.760985,bid
86723.685040,0.000000,bid
86721.888640,0.228326,bid
86721.878660,0.000000,bid
86721.778860,0.000000,bid
86717.467500,2.062357,bid
86717.247940,0.140000,bid
86716.828780,0.040000,bid
86699.912680,0.140572,bid
86691.778980,0.000000,bid
86690.850840,1.952564,bid
86690.341860,0.000000,bid
86665.212220,0.562524,bid
86657.777120,0.040270,bid
86656.110460,5.010415,bid
86647.866980,0.000000,bid
86644.254220,0.000000,bid
86644.234260,0.000000,bid
86542.757620,0.000000,bid
84226.140140,0.011849,bid
83725.313800,0.014304,bid
83546.941260,0.015529,bid
82322.574900,0.021821,bid
86741.170000,0.000000,offer
86741.499340,0.000000,offer
86741.519300,0.000000,offer
86752.217860,0.000000,offer
86752.227840,0.000000,offer
86752.237820,0.000000,offer
86753.824640,0.000125,offer
86754.323640,0.000000,offer
86755.441400,0.000000,offer
86757.666940,0.000000,offer
86757.676920,0.000000,offer
86759.623020,0.120000,offer
86759.642980,0.000000,offer
86759.992280,0.000000,offer
86761.489280,0.015019,offer
86763.744760,0.140000,offer
86765.431380,0.190937,offer
86767.237760,0.056485,offer
86768.445340,0.000000,offer
86768.784660,0.000000,offer
86776.189820,0.000000,offer
86778.155880,0.000000,offer
86779.782620,0.000000,offer
86781.060060,0.000000,offer
86784.832500,0.000000,offer
86785.151860,0.000000,offer
86786.718720,0.000000,offer
86788.984180,0.023632,offer
86791.349440,0.000166,offer
86793.185760,0.036353,offer
86794.652820,0.039500,offer
86802.237620,0.000000,offer
86808.425220,0.031629,offer
86812.836380,0.000000,offer
86812.846360,0.000000,offer
86825.980040,0.000000,offer
86825.990020,0.000000,offer
86828.225540,0.000000,offer
86828.235520,0.000000,offer
86837.666620,0.000000,offer
86837.706540,0.092045,offer
86838.425100,0.000000,offer
86838.884180,0.000000,offer
86842.467000,0.000000,offer
86844.153620,0.079645,offer
86850.900100,0.035808,offer
86852.836220,5.745351,offer
86888.664420,0.000000,offer
86918.744140,0.000000,offer
86980.530320,0.081095,offer
87062.685680,0.000000,offer
86749.892520,0.086885,bid
86747.876560,0.003967,bid
86747.866580,0.353204,bid
86747.856600,0.000000,bid
86746.309700,0.004523,bid
86746.279760,0.000000,bid
86746.269780,0.079645,bid
86745.780760,0.000079,bid
86745.092140,0.002984,bid
86745.082160,0.118231,bid
86744.293740,0.002768,bid
86743.665000,0.000000,bid
86743.365600,0.208511,bid
86743.355620,0.118100,bid
86742.297740,0.095000,bid
86741.519300,0.000000,bid
86741.509320,0.023281,bid
86741.499340,0.000000,bid
86741.489360,0.027188,bid
86741.179980,0.026658,bid
86741.170000,0.019384,bid
86741.160020,0.037491,bid
86741.060220,0.000000,bid
86740.750840,0.000000,bid
86739.433480,0.000000,bid
86738.465420,0.076333,bid
86738.455440,0.000000,bid
86738.405540,0.003452,bid
86738.395560,0.000000,bid
86738.385580,0.000000,bid
86736.828700,0.000000,bid
86735.451460,0.000125,bid
86735.441480,0.005482,bid
86734.832700,0.228326,bid
86734.822720,0.000000,bid
86734.683000,0.000000,bid
86730.820740,0.000000,bid
86725.990420,0.000000,bid
86722.557300,0.000000,bid
86721.888640,0.000000,bid
86717.936560,0.001157,bid
86716.828780,0.120000,bid
86687.956640,0.356319,bid
86685.870820,0.841648,bid
86685.631300,0.000000,bid
86683.755060,0.566111,bid
86683.705160,0.000000,bid
86681.220140,0.000000,bid
86671.020580,0.019493,bid
86654.813060,1.216303,bid
86653.405880,0.000000,bid
86638.156440,0.000000,bid
86637.437880,0.000000,bid
86632.457860,0.092044,bid
86628.904980,0.000000,bid
86623.735340,0.000000,bid
86569.533960,0.194927,bid
86449.923660,0.000000,bid
86412.458740,0.000000,bid
86276.571060,0.050000,bid
86746.279760,0.000000,offer
86746.289740,0.000000,offer
86747.866580,0.000000,offer
86750.411480,0.000000,offer
86753.824640,0.000000,offer
86758.864540,0.000000,offer
86759.603060,0.002269,offer
86759.613040,0.015019,offer
86759.623020,0.040000,offer
86761.489280,0.000000,offer
86761.499260,0.000000,offer
86767.237760,0.000000,offer
86773.944320,0.114814,offer
86773.964280,0.000000,offer
86780.431320,0.000000,offer
86780.591000,0.000000,offer
86782.986200,0.376237,offer
86797.956200,0.000000,offer
86800.590920,0.016024,offer
86800.710680,0.281920,offer
86809.233600,0.032049,offer
86827.437120,0.064097,offer
86840.650640,0.118100,offer
86844.223480,0.000000,offer
86846.249420,0.603638,offer
86849.832240,0.414955,offer
86852.826240,0.079645,offer
86867.157520,0.128194,offer
86989.402540,0.000000,offer
87043.544040,0.041839,offer
87280.010160,0.091476,offer
87584.080800,0.085516,offer
86753.824640,0.030400,bid
86749.902500,0.119910,bid
86747.866580,0.002238,bid
86747.856600,0.000151,bid
86745.092140,0.000000,bid
86741.160020,0.037437,bid
86738.475400,0.005482,bid
86738.465420,0.205934,bid
86735.461440,0.005482,bid
86735.451460,0.000000,bid
86735.441480,0.000125,bid
86729.533320,0.000000,bid
86722.467480,0.162190,bid
86441.201140,0.389855,bid
86276.571060,0.000000,bid
86190.234080,0.002876,bid
86749.902500,0.000000,offer
86750.191920,0.000000,offer
86752.786720,0.000000,offer
86759.603060,0.000000,offer
86768.495240,1.150187,offer
86782.736700,0.218037,offer
86920.161300,0.041467,offer
86956.388700,0.046784,offer
87066.667700,0.000000,offer
87187.755040,0.034799,offer
86753.824640,0.086885,bid
86749.912480,0.029681,bid
86749.902500,0.043113,bid
86749.892520,0.000000,bid
86746.279760,0.120434,bid
86745.092140,0.003452,bid
86743.375580,0.005482,bid
86742.307720,0.034077,bid
86740.241860,0.000000,bid
86738.585180,0.000000,bid
86738.575200,0.000000,bid
86738.475400,0.000000,bid
86738.405540,0.000000,bid
86735.471420,0.000125,bid
86735.461440,0.000000,bid
86735.441480,0.228326,bid
86734.832700,0.000000,bid
86734.663040,1.026871,bid
86730.671040,0.227379,bid
86721.768880,0.032539,bid
86720.291840,0.000000,bid
86717.247940,0.000000,bid
86717.038360,0.000000,bid
86712.776900,0.277109,bid
86703.405680,0.636322,bid
86697.707100,0.356279,bid
86696.010500,0.841549,bid
86693.914700,0.574864,bid
86690.840860,0.000000,bid
86688.485580,0.000000,bid
86687.956640,0.000000,bid
86685.870820,0.000000,bid
86683.755060,0.000000,bid
86662.777100,1.216192,bid
86656.020640,0.000000,bid
86654.813060,0.000000,bid
86276.571060,0.000000,bid
86190.234080,0.000000,bid
83898.746240,0.013085,bid
83126.503820,0.016808,bid
86753.834620,0.000000,offer
86759.623020,0.000000,offer
86761.519220,0.000000,offer
86763.744760,0.000000,offer
86763.814620,0.000000,offer
86764.623000,0.080000,offer
86768.435360,0.000000,offer
86768.495240,0.000000,offer
86773.944320,0.000000,offer
86776.229740,0.000000,offer
86777.936320,0.000000,offer
86780.571040,0.114814,offer
86780.581020,0.000000,offer
86782.117940,0.000000,offer
86782.986200,0.000000,offer
86791.888360,0.000000,offer
86792.557020,0.043695,offer
86793.175780,0.376192,offer
86794.652820,0.000000,offer
86800.710680,0.000000,offer
86802.227640,0.000000,offer
86802.726640,0.000000,offer
86808.425220,0.000000,offer
86810.580900,0.281888,offer
86817.746540,0.031629,offer
86849.832240,0.000000,offer
86856.898080,0.414921,offer
87115.469900,0.000000,offer
86759.603060,0.030000,bid
86753.854580,0.027039,bid
86753.844600,0.042949,bid
86753.834620,0.002988,bid
86753.824640,0.000000,bid
86749.912480,0.000000,bid
86749.902500,0.000000,bid
86747.946420,0.005482,bid
86747.936440,0.000000,bid
86747.886540,0.003452,bid
86747.866580,0.000000,bid
86747.856600,0.000000,bid
86746.319680,0.000000,bid
86745.571180,0.000000,bid
86745.092140,0.000000,bid
86743.385560,0.000000,bid
86743.375580,0.000125,bid
86743.365600,0.625895,bid
86741.998340,0.574301,bid
86741.369600,0.148507,bid
86738.485380,0.086849,bid
86738.475400,0.000000,bid
86738.465420,0.000000,bid
86738.405540,0.023008,bid
86735.471420,0.000000,bid
86735.451460,0.000000,bid
86735.441480,0.000000,bid
86733.355660,0.033156,bid
86732.856660,0.000000,bid
86731.010360,0.148372,bid
86729.523340,0.000000,bid
86728.245900,0.000000,bid
86727.257880,0.000000,bid
86725.980440,0.220317,bid
86725.790820,0.000000,bid
86724.164080,0.005752,bid
86721.768880,0.014452,bid
86720.790840,0.000000,bid
86717.467500,0.271527,bid
86716.269900,0.000000,bid
86714.174100,0.000000,bid
86713.725000,0.000000,bid
86708.854760,0.005752,bid
86704.363760,0.000000,bid
86693.914700,0.566044,bid
86691.509520,0.000000,bid
86690.850840,0.211914,bid
86684.413740,0.138972,bid
86674.803000,0.043754,bid
86663.236180,0.814692,bid
86662.417820,0.000000,bid
86659.952760,0.080268,bid
86656.110460,0.071178,bid
86279.535120,0.050000,bid
86278.427340,0.000000,bid
86759.613040,0.000000,offer
86761.509240,0.000000,offer
86762.267720,0.000000,offer
86763.145960,0.000000,offer
86763.525200,0.057010,offer
86763.535180,0.095000,offer
86764.054140,0.000000,offer
86764.064120,0.000000,offer
86764.173900,0.000000,offer
86764.623000,0.000000,offer
86765.401440,0.000000,offer
86765.411420,0.000000,offer
86765.431380,0.398952,offer
86765.441360,0.000000,offer
86765.670900,0.000000,offer
86769.333560,0.000000,offer
86771.509200,0.033891,offer
86771.519180,0.056485,offer
86773.944320,0.013622,offer
86775.531140,0.032951,offer
86776.459280,0.000000,offer
86780.571040,0.000000,offer
86780.591000,0.070874,offer
86782.716740,0.079645,offer
86782.726720,0.393904,offer
86783.285600,0.000000,offer
86783.914340,0.007489,offer
86785.082000,0.040266,offer
86787.068020,0.000000,offer
86788.165820,0.572850,offer
86789.323500,0.079645,offer
86793.165800,0.247528,offer
86801.738620,0.347989,offer
86804.343400,0.137876,offer
86806.379320,0.000000,offer
86810.570920,0.169133,offer
86813.405240,0.453025,offer
86814.083880,0.582000,offer
86816.768500,0.000000,offer
86817.736560,0.019793,offer
86825.990020,0.060000,offer
86827.676640,0.468582,offer
86837.696560,0.114022,offer
86837.716520,0.000000,offer
86840.640660,0.070870,offer
86844.143640,1.499881,offer
86844.153620,0.653103,offer
86846.249420,0.000000,offer
86849.333240,0.118100,offer
86853.614660,0.603586,offer
86863.235380,0.079645,offer
86899.492720,0.000000,offer
87018.294640,0.000000,offer
87154.272140,0.000000,offer
87186.946660,0.040815,offer
86763.515220,0.059830,bid
86759.603060,0.000000,bid
86753.864560,0.003452,bid
86753.854580,0.027039,bid
86753.834620,0.003045,bid
86752.976340,0.000000,bid
86751.519260,0.000000,bid
86747.946420,0.000000,bid
86747.886540,0.000000,bid
86746.319680,0.005482,bid
86743.375580,0.000125,bid
86734.663040,0.000388,bid
86734.653060,0.010064,bid
86733.794780,0.162190,bid
86731.768840,0.000000,bid
86729.633120,0.095787,bid
86729.623140,0.140000,bid
86729.523340,0.000000,bid
86721.768880,0.030270,bid
86718.954520,0.029374,bid
86703.405680,1.298638,bid
86702.048400,0.356261,bid
86700.930640,0.841502,bid
86698.854800,0.566012,bid
86697.707100,0.000000,bid
86696.010500,0.000000,bid
86693.914700,0.000000,bid
86681.789000,0.515237,bid
86679.882820,0.000000,bid
86672.607400,0.000000,bid
86668.914800,0.977584,bid
86667.357920,1.216127,bid
86665.222200,0.408375,bid
86663.236180,0.000000,bid
86662.777100,0.000000,bid
86659.952760,0.000000,bid
86657.777120,0.000000,bid
86647.657400,3.819480,bid
86622.398020,0.506519,bid
86602.947000,0.000000,bid
86281.072040,0.050000,bid
86279.535120,0.000000,bid
86198.118280,0.002876,bid
86763.525200,0.353910,offer
86763.535180,0.000000,offer
86765.431380,0.044737,offer
86766.668900,0.000000,offer
86766.878480,0.039500,offer
86768.515200,0.040000,offer
86771.509200,0.000000,offer
86771.519180,0.000000,offer
86773.924360,0.015019,offer
86773.934340,0.079645,offer
86773.944320,0.000000,offer
86773.954300,0.275040,offer
86775.401400,0.000000,offer
86775.730740,0.020000,offer
86777.038120,0.040000,offer
86777.237720,0.080000,offer
86782.088000,0.000000,offer
86788.165820,0.458036,offer
86792.547040,0.021812,offer
86792.557020,0.000000,offer
86793.165800,0.000000,offer
86793.175780,0.000000,offer
86796.319480,0.267516,offer
86798.145820,0.376171,offer
86803.026040,0.043690,offer
86806.539000,0.737808,offer
86809.223620,0.019229,offer
86810.570920,0.000000,offer
86810.580900,0.000000,offer
86815.361320,0.281872,offer
86844.153620,0.079645,offer
86849.323260,0.092345,offer
86852.826240,3.889007,offer
86856.888100,0.331357,offer
86863.225400,0.047787,offer
86865.860120,0.837510,offer
86870.361100,1.850541,offer
86875.371060,0.099382,offer
86879.562660,0.832200,offer
86884.053660,0.073763,offer
86895.261200,0.000000,offer
86928.714160,0.160243,offer
86958.734000,2.983152,offer
87047.386340,0.320486,offer
87186.946660,0.000000,offer
87187.755040,0.000000,offer
86754.832620,0.118100,bid
86747.886540,0.034077,bid
86746.329660,0.000125,bid
86743.375580,0.000000,bid
86742.307720,0.000000,bid
86725.980440,0.000000,bid
86722.467480,0.000000,bid
86712.776900,0.183578,bid
86711.329800,0.000000,bid
86708.764940,0.140558,bid
86699.912680,0.000000,bid
86687.158240,2.878165,bid
86670.361900,0.040264,bid
86645.940840,0.092030,bid
86632.457860,0.000000,bid
86458.606260,0.000000,bid
86281.072040,0.000000,bid
86256.451380,0.487319,bid
86225.174060,0.000000,bid
86198.118280,0.000000,bid
86763.525200,0.472375,offer
86765.431380,0.023700,offer
86766.878480,0.000000,offer
86771.599020,0.048000,offer
86771.609000,0.080000,offer
86775.730740,0.000000,offer
86788.984180,0.000000,offer
86791.349440,0.000000,offer
86796.309500,0.000166,offer
86799.722660,0.023632,offer
86804.343400,0.544097,offer
86804.503080,0.140403,offer
86839.193560,0.239286,offer
86839.203540,0.280693,offer
86840.640660,0.000000,offer
86853.614660,0.000000,offer
86856.888100,0.082405,offer
86856.898080,0.000000,offer
86863.225400,0.403923,offer
86863.774300,0.603516,offer
86866.608620,0.414875,offer
86873.894020,0.351905,offer
86873.904000,0.420871,offer
86875.371060,0.000000,offer
87043.544040,0.082654,offer
87080.100780,0.034799,offer
87128.064660,0.034764,offer
86754.832620,0.000152,bid
86753.834620,0.002894,bid
86748.235840,0.005482,bid
86748.225860,0.028761,bid
86746.539240,0.000125,bid
86746.529260,0.115048,bid
86746.329660,0.000000,bid
86743.345640,0.058826,bid
86741.649040,0.115054,bid
86741.170000,0.004390,bid
86741.160020,0.000196,bid
86705.940600,0.841453,bid
86705.741000,0.356246,bid
86703.405680,0.000000,bid
86702.048400,0.000000,bid
86700.930640,0.000000,bid
86671.579460,1.216068,bid
86667.357920,0.000000,bid
86289.525100,0.050000,bid
86770.710800,0.139777,offer
86770.720780,0.152962,offer
86771.599020,0.000000,offer
86773.954300,0.538510,offer
86775.910380,0.516417,offer
86780.511160,0.056485,offer
86780.591000,0.151394,offer
86781.080020,0.148989,offer
86798.145820,0.000000,offer
86803.245600,0.376149,offer
86815.361320,0.000000,offer
86817.736560,0.186433,offer
86820.091840,0.281857,offer
86844.143640,1.457394,offer
86850.890120,0.042488,offer
86886.329100,7.580000,offer
86997.326660,0.000000,offer
87170.160300,0.037994,offer
87210.230000,0.030237,offer
86748.245820,0.000125,bid
86748.235840,0.045566,bid
86748.225860,0.000000,bid
86746.559200,0.329173,bid
86746.549220,0.228326,bid
86746.539240,0.000000,bid
86746.319680,0.000000,bid
86746.279760,0.000000,bid
86733.804760,0.342658,bid
86731.649080,0.034524,bid
86725.980440,0.123003,bid
86707.247980,1.305622,bid
86703.794900,0.999109,bid
86703.784920,0.565980,bid
86698.854800,0.000000,bid
86690.850840,1.912324,bid
86672.617380,0.746178,bid
86672.337940,0.000000,bid
86668.914800,0.381958,bid
86659.952760,0.056106,bid
86657.487700,0.019011,bid
86641.589560,0.046783,bid
86638.156440,0.126966,bid
86629.314160,0.222120,bid
86621.300220,0.000000,bid
86203.647200,0.002876,bid
86763.525200,0.472500,offer
86765.431380,0.041752,offer
86768.145940,0.034524,offer
86770.710800,0.048000,offer
86770.720780,0.000000,offer
86777.337520,0.020000,offer
86779.034120,0.726835,offer
86779.044100,0.887818,offer
86780.591000,0.000000,offer
86782.706760,0.114814,offer
86796.319480,0.047787,offer
86801.738620,0.556393,offer
86809.223620,1.004430,offer
86809.413240,1.646007,offer
86754.842600,0.100622,bid
86754.832620,0.118100,bid
86753.854580,0.000000,bid
86749.263780,0.026192,bid
86749.253800,0.000000,bid
86748.245820,0.000000,bid
86748.235840,0.005482,bid
86747.896520,0.000000,bid
86746.589140,0.000125,bid
86746.579160,0.329173,bid
86746.569180,0.000000,bid
86746.559200,0.000000,bid
86746.549220,0.000000,bid
86743.784760,0.115051,bid
86743.365600,0.912802,bid
86741.649040,0.000000,bid
86739.613120,0.575285,bid
86738.485380,0.766370,bid
86735.162040,1.150629,bid
86705.760960,0.356246,bid
86705.741000,0.000000,bid
86289.525100,0.000000,bid
86779.024140,0.114814,offer
86782.706760,0.000000,offer
86754.842600,0.029729,bid
86754.832620,0.000000,bid
86748.235840,0.000000,bid
86747.896520,0.005608,bid
86746.589140,0.000000,bid
86738.415520,0.032518,bid
86738.086180,0.056485,bid
86717.467500,0.190647,bid
86717.277880,0.000000,bid
86671.589440,1.216068,bid
86671.579460,0.000000,bid
86289.525100,0.050000,bid
75918.079560,0.005233,bid
86763.525200,0.472500,offer
86771.489240,0.039500,offer
86803.235620,0.376149,offer
86803.245600,0.000000,offer
86763.515220,0.059863,bid
86747.906500,0.000125,bid
86747.896520,0.005482,bid
86735.431500,0.119128,bid
86734.663040,0.000000,bid
86734.653060,0.000000,bid
86717.936560,0.000000,bid
86765.431380,0.023700,offer
86768.145940,0.000000,offer
86879.562660,0.000000,offer
86935.979600,0.000000,offer
87128.972840,0.000000,offer
86705.770940,0.356246,bid
86705.760960,0.000000,bid
86671.599420,1.216068,bid
86671.589440,0.000000,bid
86775.341520,0.050000,offer
86857.417040,0.012011,offer
86860.101660,0.050000,offer
87201.407680,0.000000,offer
87364.800240,0.000000,offer
87531.945280,0.098372,offer
86749.283740,0.000125,bid
86749.273760,0.005482,bid
86749.263780,0.040174,bid
86748.944420,0.028761,bid
86747.906500,0.000000,bid
86747.896520,0.000000,bid
86682.387800,4.943781,bid
86682.377820,7.580000,bid
86681.789000,0.000000,bid
87157.196280,0.097428,offer
87201.407680,0.086228,offer
87229.651080,0.090328,offer
87409.520620,0.000000,offer
87479.520340,0.000000,offer
87484.111140,0.111405,offer
86763.515220,0.059820,bid
86754.832620,0.118100,bid
86746.589140,0.228326,bid
86746.529260,0.000000,bid
86745.301720,0.115049,bid
86743.934460,0.008684,bid
86705.780920,0.356246,bid
86705.770940,0.000000,bid
86703.794900,0.454220,bid
86702.687120,0.000000,bid
86671.609400,1.216068,bid
86671.599420,0.000000,bid
86779.034120,0.194144,offer
86779.044100,0.000000,offer
86787.317520,0.008845,offer
86803.225640,0.376149,offer
86803.235620,0.000000,offer
86809.223620,0.019229,offer
86809.413240,0.000000,offer
87030.719740,0.097428,offer
87157.196280,0.000000,offer
87229.651080,0.201734,offer
87308.283500,0.098351,offer
87484.111140,0.000000,offer
87507.833600,0.105508,offer
87531.945280,0.000021,offer
86750.760780,0.028761,bid
86749.283740,0.000000,bid
86748.944420,0.000000,bid
86748.116080,0.005608,bid
86748.106100,0.115046,bid
86746.579160,0.000000,bid
86743.784760,0.000000,bid
86743.365600,0.625895,bid
86739.613120,0.000000,bid
86289.525100,0.000000,bid
86763.525200,0.118590,offer
86765.431380,0.051038,offer
86768.505220,0.050000,offer
86771.489240,0.000000,offer
86772.058100,0.039500,offer
87229.651080,0.111405,offer
87581.336300,0.073939,offer
86754.852580,1.100000,bid
86750.760780,0.000000,bid
86749.273760,0.000000,bid
86748.116080,0.005482,bid
86746.599120,0.000125,bid
86743.844640,0.115051,bid
86719.792840,0.887020,bid
86705.810860,0.356246,bid
86705.780920,0.000000,bid
86672.278060,0.000000,bid
86817.746540,0.000000,offer
87581.336300,0.152112,offer
86763.515220,0.111815,bid
86754.862560,0.760528,bid
86754.842600,0.000058,bid
86749.912480,0.000000,bid
86749.263780,0.090122,bid
86746.609100,0.000125,bid
86746.599120,0.197389,bid
86746.589140,0.000000,bid
86745.311700,0.000000,bid
86743.894540,0.017773,bid
86743.844640,0.000000,bid
86743.375580,0.228326,bid
86738.405540,0.000000,bid
86721.768880,0.559811,bid
86706.878720,0.841444,bid
86705.940600,0.000000,bid
86704.743000,0.565974,bid
86703.794900,0.114632,bid
86703.784920,0.000000,bid
86671.619380,1.216068,bid
86671.609400,0.000000,bid
86763.525200,0.000125,offer
86765.112020,0.000017,offer
86765.421400,0.050000,offer
86765.431380,0.098335,offer
86768.495240,0.000000,offer
86769.213800,0.034524,offer
86772.058100,0.000000,offer
86775.341520,0.000000,offer
86801.738620,0.347989,offer
86803.225640,0.000000,offer
86804.343400,0.803244,offer
86805.710660,0.376138,offer
86754.862560,0.760682,bid
86754.842600,0.000000,bid
86749.523260,0.095143,bid
86749.513280,0.115044,bid
86749.263780,0.000000,bid
86748.106100,0.000000,bid
86741.170000,0.000000,bid
86733.804760,0.485580,bid
86730.770840,0.275067,bid
86712.776900,0.000000,bid
86712.637180,0.000000,bid
86706.768940,0.356242,bid
86705.810860,0.000000,bid
86704.453580,0.023636,bid
86690.850840,2.675846,bid
86689.443660,1.626789,bid
86765.112020,0.008938,offer
86779.034120,0.710563,offer
86779.503180,0.901144,offer
86791.209720,0.023016,offer
86809.223620,1.001422,offer
86809.882300,1.640994,offer
86828.085820,0.031629,offer
87031.667840,7.170000,offer
86763.515220,0.081415,bid
86754.862560,0.100591,bid
86754.852580,0.000000,bid
86749.533240,0.000125,bid
86746.609100,0.000000,bid
86712.776900,0.051249,bid
86672.567480,1.216054,bid
86671.619380,0.000000,bid
86659.972720,0.120659,bid
86659.962740,0.088577,bid
86659.952760,0.000000,bid
86644.833060,0.000000,bid
86629.314160,0.000000,bid
86622.398020,0.000000,bid
86518.675880,0.000000,bid
86860.101660,0.000000,offer
87031.667840,0.000000,offer
86763.515220,0.190748,bid
86754.862560,0.174315,bid
86753.155980,0.034077,bid
86753.146000,0.115039,bid
86750.890520,0.091852,bid
86750.880540,0.115042,bid
86749.533240,0.000000,bid
86749.523260,0.000000,bid
86749.513280,0.000000,bid
86748.116080,0.000000,bid
86747.886540,0.000000,bid
86746.609100,0.000125,bid
86746.599120,0.142312,bid
86745.301720,0.000000,bid
86743.944440,0.005482,bid
86743.365600,1.255337,bid
86739.802740,1.150567,bid
86729.633120,0.059787,bid
86729.623140,0.000000,bid
86725.980440,1.833812,bid
86723.016380,2.876975,bid
86717.467500,0.142647,bid
86716.828780,0.000000,bid
86706.778920,0.356242,bid
86706.768940,0.000000,bid
86703.794900,1.826922,bid
86701.250000,2.877698,bid
86698.774960,0.143794,bid
86690.351840,0.000000,bid
86203.647200,0.000000,bid
86765.112020,0.000017,offer
86765.401440,0.000000,offer
86765.411420,0.000000,offer
86765.431380,0.000000,offer
86768.495240,0.000000,offer
86768.515200,0.000000,offer
86769.213800,0.000000,offer
86770.710800,0.000000,offer
86771.609000,0.000000,offer
86773.934340,0.000000,offer
86773.944320,0.011907,offer
86773.954300,0.275040,offer
86776.040120,0.000000,offer
86777.038120,0.000000,offer
86777.237720,0.000000,offer
86777.337520,0.000000,offer
86779.024140,0.000000,offer
86779.034120,0.194144,offer
86779.503180,0.000000,offer
86780.511160,0.000000,offer
86782.706760,0.114814,offer
86787.317520,0.000000,offer
86792.547040,0.000000,offer
86793.185760,0.000000,offer
86801.658780,0.036353,offer
86801.738620,0.556391,offer
86804.173740,0.376145,offer
86805.710660,0.000000,offer
86837.696560,0.058795,offer
86837.706540,0.000000,offer
86879.562660,0.059923,offer
86754.862560,0.100591,bid
86753.146000,0.000000,bid
86751.239820,0.000125,bid
86751.229840,0.377358,bid
86751.219860,0.509921,bid
86750.890520,0.000000,bid
86750.880540,0.000000,bid
86746.609100,0.000000,bid
86746.599120,0.265702,bid
86743.894540,0.000000,bid
86743.684960,0.235298,bid
86741.998340,0.000000,bid
86738.485380,0.086849,bid
86735.162040,0.000000,bid
86734.852660,0.005752,bid
86730.671040,0.000000,bid
86724.164080,0.000000,bid
86703.794900,0.114632,bid
86701.250000,0.000000,bid
86672.577460,1.216054,bid
86672.567480,0.000000,bid
86206.551380,0.002876,bid
86763.525200,0.053463,offer
86765.112020,0.000000,offer
86773.924360,0.000000,offer
86775.521160,0.079645,offer
86777.996200,0.000000,offer
86783.914340,0.000000,offer
86785.082000,0.000000,offer
86796.289540,0.090716,offer
86796.299520,0.040262,offer
86796.309500,0.000000,offer
86796.319480,0.000000,offer
86797.217680,0.007489,offer
86799.712680,0.000000,offer
86849.303300,0.173054,offer
86849.313280,0.092027,offer
86849.323260,0.000000,offer
86850.890120,0.000000,offer
86856.878120,0.042488,offer
87186.747060,0.000000,offer
87218.493440,0.400608,offer
86754.862560,0.100591,bid
86754.762760,0.000000,bid
86750.990320,0.000000,bid
86743.694940,0.005482,bid
86712.776900,0.131109,bid
86708.984500,0.143778,bid
86698.774960,0.000000,bid
86695.072380,0.023552,bid
86680.301980,0.038985,bid
86666.519600,0.157616,bid
86656.110460,0.047787,bid
86655.361960,0.000000,bid
86647.657400,1.179707,bid
86641.589560,0.000000,bid
86641.579580,0.000000,bid
86639.723300,0.155942,bid
86638.795160,1.150528,bid
86614.793260,0.000000,bid
86605.671540,0.000000,bid
86775.531140,0.000000,offer
86781.229720,0.020000,offer
86781.329520,0.120000,offer
86782.726720,0.000000,offer
86783.295580,0.000000,offer
86785.980200,0.056485,offer
86788.355440,0.039500,offer
86802.996100,0.289007,offer
86804.163760,0.376145,offer
86804.173740,0.000000,offer
86804.333420,0.000166,offer
86865.860120,0.396712,offer
86865.870100,0.000000,offer
86879.562660,0.000000,offer
86879.572640,0.000000,offer
86884.053660,0.514124,offer
86895.600520,1.401000,offer
86755.850580,0.028759,bid
86743.944440,0.000000,bid
86738.485380,0.196146,bid
86735.112140,0.140000,bid
86732.796780,0.120000,bid
86763.525200,0.053463,offer
86773.585040,0.013578,offer
86773.595020,0.024000,offer
86773.605000,0.040000,offer
86773.944320,0.000000,offer
86775.401400,0.080000,offer
86782.726720,0.254472,offer
86788.654840,0.914915,offer
86814.572900,0.248562,offer
86755.850580,0.000000,bid
86754.862560,0.100533,bid
86754.842600,0.028759,bid
86750.391520,0.175000,bid
86743.944440,0.005482,bid
86743.694940,0.000000,bid
86731.010360,0.000000,bid
86765.421400,0.000000,offer
86768.505220,0.000000,offer
86785.960240,0.032951,offer
86799.722660,0.000000,offer
86803.215660,0.376149,offer
86804.163760,0.000000,offer
86808.944180,0.023632,offer
86754.862560,0.194764,bid
86754.842600,0.000000,bid
86753.495300,0.028760,bid
86752.537220,0.115040,bid
86751.239820,0.000125,bid
86738.485380,0.878174,bid
86737.038280,1.150604,bid
86716.220000,0.000024,bid
86695.072380,0.000000,bid
86689.274000,0.000000,bid
86768.086060,0.000000,offer
86771.459300,0.012839,offer
86771.469280,0.239326,offer
86771.479260,0.172522,offer
86773.165880,0.000000,offer
86773.175860,0.000000,offer
86773.185840,0.172519,offer
86773.565080,0.000000,offer
86773.575060,0.000000,offer
86773.585040,0.000000,offer
86773.595020,0.000000,offer
86773.954300,0.474978,offer
86779.034120,0.194144,offer
86782.726720,0.932430,offer
86782.976220,1.149995,offer
86788.165820,1.663014,offer
86788.515120,1.149922,offer
86794.213700,1.724769,offer
86794.223680,2.874615,offer
86806.040000,0.000024,offer
86817.517000,1.894236,offer
86817.526980,2.873844,offer
86817.736560,0.000000,offer
86837.696560,1.775348,offer
86837.866220,2.873171,offer
86744.303720,0.005482,bid
86765.072100,0.172535,offer
86771.469280,0.148227,offer
86772.387440,0.034523,offer
86773.185840,0.000000,offer
86849.303300,0.126076,offer
86850.900100,0.000000,offer
86852.826240,0.294799,offer
86858.205460,0.000000,offer
87224.012380,0.040596,offer
86743.944440,0.000000,bid
86765.072100,0.000000,offer
86769.902420,0.172525,offer
86773.605000,0.000000,offer
86870.361100,0.000000,offer
86873.894020,0.000000,offer
86876.059680,0.000000,offer
86884.053660,0.000000,offer
86922.376860,0.000000,offer
86956.388700,0.000000,offer
86971.428560,0.000000,offer
86754.872540,0.000125,bid
86754.862560,0.100592,bid
86753.495300,0.000000,bid
86752.537220,0.000000,bid
86752.387520,0.028760,bid
86751.239820,0.000000,bid
86749.902500,0.115043,bid
86743.694940,0.000000,bid
86733.804760,0.342658,bid
86731.649080,0.000000,bid
86576.509980,1.897951,bid
86764.143960,0.172537,offer
86769.892440,0.009864,offer
86771.459300,0.000000,offer
86803.205680,0.376149,offer
86803.215660,0.000000,offer
86944.752020,0.006620,offer
86969.412600,0.040815,offer
87035.061040,0.000000,offer
87043.544040,0.041839,offer
87091.468000,0.000000,offer
87224.012380,0.071502,offer
87434.271020,0.050782,offer
86763.515220,1.290748,bid
86754.872540,0.000000,bid
86753.365560,0.028760,bid
86752.387520,0.000000,bid
86751.639020,0.000125,bid
86751.629040,0.115041,bid
86751.239820,0.000000,bid
86712.776900,0.051249,bid
86708.984500,0.000000,bid
86704.752980,0.143784,bid
83725.543340,0.014304,bid
86764.133980,0.008921,offer
86768.365500,0.172528,offer
86771.469280,0.103513,offer
86772.387440,0.000000,offer
86852.826240,0.339512,offer
86943.524480,0.058805,offer
86999.572160,0.047057,offer
87007.077120,7.170000,offer
87043.544040,0.000000,offer
87080.100780,0.000000,offer
87128.064660,0.000000,offer
87170.160300,0.000000,offer
87385.878000,0.101857,offer
75918.079560,0.001308,bid
86769.892440,0.059864,offer
86774.603000,0.040000,offer
86775.341520,0.050000,offer
86779.034120,0.288874,offer
86781.070040,0.114814,offer
86782.706760,0.000000,offer
86854.223440,0.573388,offer
86960.250960,0.041839,offer
86998.155000,0.034799,offer
87028.783620,0.034764,offer
87061.298460,0.037994,offer
87210.230000,0.068064,offer
86763.515220,1.301483,bid
86735.431500,0.118357,bid
83291.054060,0.000000,bid
86769.892440,0.050000,offer
86773.944320,0.013917,offer
86667.327980,0.088571,bid
86659.972720,0.067513,bid
86659.962740,0.000000,bid
86769.892440,0.000000,offer
86778.165860,0.039500,offer
86788.355440,0.000000,offer
86778.165860,0.000000,offer
86736.000360,0.034523,bid
86442.768000,0.001154,bid
86772.497220,0.034523,offer
86803.195700,0.376149,offer
86803.205680,0.000000,offer
86754.473340,0.028759,bid
86753.365560,0.000000,bid
86746.599120,0.653791,bid
86746.229860,0.000000,bid
86745.401520,0.575247,bid
86743.694940,0.228326,bid
86743.375580,0.000000,bid
86769.902420,0.000000,offer
86773.944320,0.000000,offer
86773.954300,0.745508,offer
86775.331540,0.014943,offer
86775.461280,0.575047,offer
86780.591000,0.114814,offer
86781.070040,0.000000,offer
86754.862560,0.194763,bid
86753.235820,0.115039,bid
86739.942460,0.032518,bid
86738.415520,0.000000,bid
86717.467500,0.442831,bid
86715.890660,0.570000,bid
86695.741040,0.149140,bid
86691.898740,0.000000,bid
86689.982580,0.511000,bid
86668.914800,0.148378,bid
86665.990660,0.000000,bid
86763.525200,0.045463,offer
86771.459300,0.009429,offer
86771.469280,0.214799,offer
86773.315580,0.172518,offer
86774.603000,0.000000,offer
86775.331540,0.000000,offer
86775.341520,0.000000,offer
86778.165860,0.039500,offer
86786.509140,0.455000,offer
86788.175800,0.000000,offer
86791.818500,0.000000,offer
86812.417220,0.512000,offer
86813.405240,0.252962,offer
86814.083880,0.000000,offer
86854.223440,0.000000,offer
86772.497220,0.000000,offer
86775.601000,0.040000,offer
87584.070820,0.002471,offer
87762.443360,0.000000,offer
86803.185720,0.376149,offer
86803.195700,0.000000,offer
86856.878120,0.000000,offer
86858.564740,0.042488,offer
86865.860120,0.000000,offer
87756.375520,0.000000,offer
87759.569120,0.000000,offer
87760.118020,0.000000,offer
87815.706620,0.000000,offer
86751.639020,0.000000,bid
86751.629040,0.000000,bid
86751.239820,0.000125,bid
86748.395520,0.115045,bid
86712.776900,1.771239,bid
86712.407640,2.877327,bid
86736.000360,0.000000,bid
86776.648900,0.050000,offer
86861.808240,0.050000,offer
86755.631020,0.000000,bid
86754.862560,0.194608,bid
86754.473340,0.000000,bid
86751.649000,0.000125,bid
86751.639020,0.115041,bid
86751.239820,0.000000,bid
86748.395520,0.000000,bid
86764.133980,0.000000,offer
86764.143960,0.000000,offer
86765.321600,0.008921,offer
86765.331580,0.000000,offer
86768.355520,0.000000,offer
86768.365500,0.000000,offer
86771.449320,0.000000,offer
86773.115980,0.034522,offer
86774.583040,0.000000,offer
86763.515220,1.192151,bid
86755.631020,0.000160,bid
86754.862560,0.100437,bid
86753.235820,0.000000,bid
86751.748800,0.000000,bid
86751.649000,0.000000,bid
86751.639020,0.000000,bid
86751.239820,0.000125,bid
86749.902500,0.000000,bid
86746.599120,0.409822,bid
86745.401520,0.000000,bid
86743.944440,0.000000,bid
86743.365600,0.318164,bid
86739.802740,0.000000,bid
86733.804760,1.001811,bid
86732.916540,1.150659,bid
82842.393180,0.019275,bid
86764.383480,0.008921,offer
86764.393460,0.172536,offer
86765.321600,0.000000,offer
86769.223780,0.079645,offer
86769.233760,0.050000,offer
86769.243740,0.172527,offer
86771.449320,0.012734,offer
86771.459300,0.000000,offer
86776.648900,0.000000,offer
86777.477240,0.000000,offer
86778.165860,0.000000,offer
86861.808240,0.050000,offer
86744.303720,0.000000,bid
86743.944440,0.005482,bid
86736.619120,0.034522,bid
86704.752980,0.000000,bid
86703.794900,0.186578,bid
86701.299900,0.143791,bid
86769.213800,0.009457,offer
86771.449320,0.000000,offer
86779.024140,0.114814,offer
86780.591000,0.000000,offer
86755.631020,0.000000,bid
86754.862560,0.100598,bid
86763.525200,0.032241,offer
86855.750380,0.573378,offer
86763.525200,0.032251,offer
86797.207700,0.000166,offer
86804.333420,0.000000,offer
86751.509280,0.000125,bid
86751.499300,0.079645,bid
86751.239820,0.000000,bid
86647.857000,0.000000,bid
86647.657400,0.000000,bid
75918.079560,0.005233,bid
86797.207700,0.000000,offer
86800.580940,0.000166,offer
86763.515220,0.092409,bid
86754.882520,0.000125,bid
86754.872540,0.001884,bid
86751.509280,0.000000,bid
86743.944440,0.000000,bid
86735.431500,0.118100,bid
84283.165860,0.000000,bid
86763.525200,0.141786,offer
86764.383480,0.000000,offer
86803.175740,0.376149,offer
86803.185720,0.000000,offer
86580.182620,1.898022,bid
86576.509980,0.000000,bid
86749.922460,0.028761,bid
86748.185940,0.115046,bid
86743.365600,0.623551,bid
86742.966400,0.575263,bid
86668.914800,0.059471,bid
86667.327980,0.000000,bid
86665.232180,0.088574,bid
86651.230240,0.000000,bid
86638.156440,0.000000,bid
86580.182620,0.000000,bid
86576.509980,1.898011,bid
86772.068080,0.039500,offer
86803.165760,0.376149,offer
86803.175740,0.000000,offer
86772.068080,0.000000,offer
86749.922460,0.000000,bid
86748.185940,0.000000,bid
86743.365600,0.318164,bid
86742.966400,0.000000,bid
86738.485380,0.196146,bid
86737.038280,0.000000,bid
86712.776900,0.051249,bid
86712.407640,0.000000,bid
86763.515220,0.077665,bid
86748.136040,0.028761,bid
86746.738840,0.115048,bid
86772.068080,0.039500,offer
86777.996200,0.057664,offer
86749.513280,0.028761,bid
86748.136040,0.000000,bid
86754.912460,0.000125,bid
86754.902480,0.782185,bid
86754.892500,1.100000,bid
86754.882520,0.000000,bid
86754.862560,0.000099,bid
86748.395520,0.115045,bid
86745.022280,0.115050,bid
86668.914800,0.087801,bid
86650.182340,0.070964,bid
86645.352020,1.168265,bid
86803.155780,0.376149,offer
86803.165760,0.000000,offer
86763.515220,0.066044,bid
86754.902480,0.782248,bid
86754.862560,0.000000,bid
86754.902480,0.782350,bid
86777.996200,0.000000,offer
86749.513280,0.000000,bid
86748.714880,0.000000,bid
86748.395520,0.000000,bid
86739.912520,0.575283,bid
86729.862660,1.150699,bid
86721.768880,0.000000,bid
86719.792840,0.000000,bid
86701.210080,2.877699,bid
86689.443660,0.000000,bid
86788.165820,0.458036,offer
86788.654840,0.000000,offer
86809.223620,0.324026,offer
86809.882300,0.000000,offer
86750.052200,0.028761,bid
86748.315680,0.115045,bid
86769.213800,0.000000,offer
86771.459300,0.012677,offer
86852.826240,1.945405,offer
86880.141500,0.041467,offer
86920.161300,0.000000,offer
87136.976800,0.000000,offer
87036.857440,0.066645,offer
86727.427540,0.941352,bid
86695.920680,1.695005,bid
75918.079560,0.001308,bid
86782.726720,1.688151,offer
86785.421320,0.945777,offer
86803.145800,0.376149,offer
86803.155780,0.000000,offer
86816.948140,1.722475,offer
84226.140140,0.000000,bid
83898.746240,0.000000,bid
83766.141980,0.000000,bid
83725.313800,0.000000,bid
83546.941260,0.000000,bid
83126.503820,0.000000,bid
82778.102020,0.000000,bid
82322.574900,0.000000,bid
86739.912520,0.000000,bid
86769.213800,0.009238,offer
86771.459300,0.000000,offer
86665.232180,0.000000,bid
86663.236180,0.088575,bid
86803.135820,0.384158,offer
86803.145800,0.000000,offer
86751.020260,0.028760,bid
86750.052200,0.000000,bid
86737.766820,1.150594,bid
86729.862660,0.000000,bid
86769.213800,0.000000,offer
86771.459300,0.012803,offer
86772.068080,0.000000,offer
86772.387440,0.039500,offer
86779.024140,0.000000,offer
86781.070040,0.114814,offer
86754.912460,0.000125,bid
86754.902480,0.122178,bid
86754.892500,0.000000,bid
86754.882520,0.000000,bid
86749.772760,0.115044,bid
86748.315680,0.000000,bid
86742.377580,0.575267,bid
86772.387440,0.000000,offer
86780.591000,0.114814,offer
86781.070040,0.000000,offer
86695.661200,0.445968,bid
86643.665400,0.741000,bid
86528.087020,0.006001,bid
86769.213800,0.011007,offer
86771.459300,0.000000,offer
87774.090020,0.014501,offer
87863.910020,0.000000,offer
86738.485380,0.878754,bid
86703.794900,1.904204,bid
86645.352020,0.000000,bid
86803.125840,0.384158,offer
86803.135820,0.000000,offer
86863.225400,0.047787,offer
87584.070820,0.000000,offer
87775.078040,0.001458,offer
86751.020260,0.000000,bid
83291.163840,0.016775,bid
86763.515220,0.202666,bid
86754.942400,0.000125,bid
86754.932420,0.122187,bid
86754.922440,0.000000,bid
86754.912460,0.000000,bid
86754.902480,0.000165,bid
86752.008280,0.000000,bid
86751.569160,0.115041,bid
86748.076160,0.000000,bid
86746.599120,0.700455,bid
86745.072180,0.575249,bid
86745.022280,0.000000,bid
86742.377580,0.000000,bid
86763.525200,0.032376,offer
86764.383480,0.008921,offer
86769.213800,0.000000,offer
86769.223780,0.000000,offer
86771.459300,0.013733,offer
86775.630940,0.039500,offer
86752.447400,0.000000,bid
86751.569160,0.000000,bid
86749.772760,0.000000,bid
84283.455280,0.011841,bid
86769.223780,0.009487,offer
86771.459300,0.000000,offer
86779.024140,0.114814,offer
86780.591000,0.000000,offer
86754.932420,0.122292,bid
86754.902480,0.000000,bid
86746.599120,0.409822,bid
86745.162000,0.115050,bid
86745.072180,0.000000,bid
86754.932420,0.122357,bid
86751.768760,0.028760,bid
86750.032240,0.115043,bid
86746.738840,0.000000,bid
86663.236180,0.000000,bid
86752.157980,0.028760,bid
86751.768760,0.000000,bid
86748.445420,0.115045,bid
86745.162000,0.000000,bid
86709.124220,0.367725,bid
86708.705060,0.841426,bid
86706.878720,0.000000,bid
86706.778920,0.000000,bid
86706.619240,0.565962,bid
86704.743000,0.000000,bid
86674.713180,1.189580,bid
86672.617380,0.000000,bid
86672.577460,0.000000,bid
86668.914800,0.137404,bid
86666.529580,0.088574,bid
75918.079560,0.005233,bid
86764.383480,0.000000,offer
86764.393460,0.000000,offer
86766.648940,0.058921,offer
86766.658920,0.172532,offer
86769.213800,0.030000,offer
86769.223780,0.050000,offer
86769.233760,0.000000,offer
86769.243740,0.000000,offer
86771.459300,0.013658,offer
86771.469280,0.214799,offer
86771.479260,0.000000,offer
86771.499220,0.172522,offer
86773.954300,0.453551,offer
86775.032140,0.172515,offer
86775.461280,0.000000,offer
86776.648900,0.050000,offer
86779.024140,0.000000,offer
86779.034120,0.553156,offer
86779.662860,0.575020,offer
86780.591000,0.114814,offer
86782.706760,0.000000,offer
86788.165820,0.765165,offer
86803.125840,0.000000,offer
86805.970140,0.384145,offer
86813.405240,1.269659,offer
86820.091840,0.000000,offer
86822.976060,0.281848,offer
86852.826240,0.079645,offer
86861.808240,0.000000,offer
86709.124220,0.000000,bid
86708.705060,0.000000,bid
86706.279920,0.367738,bid
86705.850780,0.841454,bid
83766.421420,0.014297,bid
82778.371480,0.019290,bid
86763.525200,0.204914,offer
86766.648940,0.000000,offer
86766.658920,0.000000,offer
86769.213800,0.129766,offer
86769.223780,0.000000,offer
86769.383460,0.172526,offer
86775.032140,0.000000,offer
86779.034120,0.313142,offer
86779.662860,0.000000,offer
86803.115860,0.384158,offer
86805.970140,0.000000,offer
86820.131760,0.281857,offer
86822.976060,0.000000,offer
86861.808240,0.050000,offer
86856.878120,0.042488,offer
86858.564740,0.000000,offer
86706.309860,0.367737,bid
86706.279920,0.000000,bid
86769.203820,0.009813,offer
86771.459300,0.000000,offer
86773.115980,0.000000,offer
86803.105880,0.384158,offer
86803.115860,0.000000,offer
86763.515220,0.203194,bid
86754.972340,0.000125,bid
86754.962360,0.122115,bid
86754.952380,0.000000,bid
86754.942400,0.000000,bid
86754.932420,0.000170,bid
86754.932420,0.000000,bid
86754.962360,0.122288,bid
86752.157980,0.000000,bid
86750.950400,0.028760,bid
86750.032240,0.000000,bid
86746.599120,0.769486,bid
86745.990340,0.115049,bid
86744.443440,0.575253,bid
86706.329820,0.367737,bid
86706.309860,0.000000,bid
86700.032440,0.000000,bid
86782.327520,0.022474,offer
86750.950400,0.000000,bid
86750.730840,0.028761,bid
86749.872560,0.115043,bid
86748.445420,0.000000,bid
86746.599120,0.409822,bid
86744.443440,0.000000,bid
86668.914800,0.000000,bid
86666.529580,0.000000,bid
86665.232180,0.088573,bid
86773.115980,0.034522,offer
86773.954300,0.748185,offer
86775.630940,0.000000,offer
86775.870460,0.575045,offer
87775.078040,0.000000,offer
87821.465080,0.001200,offer
86754.872540,0.000000,bid
86750.730840,0.000000,bid
86747.337640,0.115047,bid
86745.990340,0.000000,bid
86745.790740,0.005482,bid
86706.349780,0.367737,bid
86706.329820,0.000000,bid
86776.928340,0.000000,offer
86763.515220,0.202600,bid
86751.509280,0.005482,bid
86749.872560,0.000000,bid
86749.603100,0.000000,bid
86748.754800,0.115045,bid
86747.676960,0.022865,bid
86745.790740,0.000000,bid
86706.359760,0.367737,bid
86706.349780,0.000000,bid
86769.373480,0.079645,offer
86773.115980,0.000000,offer
86803.095900,0.384158,offer
86803.105880,0.000000,offer
86747.337640,0.000000,bid
86782.327520,0.079705,offer
86792.008120,0.008510,offer
86793.824480,0.039500,offer
86763.515220,0.164821,bid
86754.992300,0.121062,bid
86754.982320,0.000000,bid
86754.962360,0.000172,bid
86729.633120,0.605125,bid
86706.379720,0.367737,bid
86706.359760,0.000000,bid
86755.002280,0.000125,bid
86754.992300,0.121236,bid
86754.972340,0.000000,bid
86754.962360,0.000000,bid
86696.269980,2.592003,bid
86681.030520,0.662789,bid
86644.613500,0.000000,bid
86706.389700,0.367737,bid
86706.379720,0.000000,bid
86776.060080,0.039500,offer
86793.824480,0.000000,offer
75918.079560,0.001308,bid
86773.115980,0.034522,offer
86803.085920,0.384158,offer
86803.095900,0.000000,offer
83725.543340,0.000000,bid
86747.676960,0.000000,bid
86706.419640,0.367737,bid
86706.389700,0.000000,bid
86752.138020,0.028760,bid
86750.401500,0.115043,bid
86748.754800,0.000000,bid
86747.417480,0.115047,bid
86746.599120,0.769486,bid
86744.912500,0.115050,bid
86744.732860,0.575251,bid
86773.115980,0.000000,offer
84226.419580,0.011849,bid
83725.593240,0.014304,bid
86775.900400,0.151919,offer
86754.992300,0.121062,bid
86744.912500,0.000000,bid
86706.429620,0.367737,bid
86706.419640,0.000000,bid
86763.515220,0.216428,bid
86755.022240,0.780958,bid
86755.012260,1.100000,bid
86755.002280,0.000000,bid
86754.992300,0.000000,bid
86752.138020,0.000000,bid
86751.309680,0.028760,bid
86729.633120,0.059787,bid
86727.427540,0.000000,bid
86763.525200,0.204789,offer
86775.900400,0.000000,offer
86755.032220,0.000125,bid
86755.022240,0.780958,bid
86696.269980,1.800000,bid
86695.920680,0.000000,bid
86763.525200,0.204914,offer
86769.373480,0.000000,offer
86782.726720,1.237239,offer
86785.421320,0.000000,offer
86803.075940,0.384158,offer
86803.085920,0.000000,offer
86813.405240,0.252962,offer
86816.948140,0.000000,offer
86706.439600,0.367737,bid
86706.429620,0.000000,bid
86774.952300,0.039500,offer
86776.060080,0.000000,offer
86773.115980,0.034522,offer
86706.459560,0.367737,bid
86706.439600,0.000000,bid
83899.025680,0.013085,bid
83126.783260,0.016808,bid
86727.237920,0.924684,bid
86695.731060,1.687124,bid
86785.261640,0.924984,offer
86813.405240,1.208518,offer
86816.788460,1.620573,offer
86773.115980,0.000000,offer
86706.479520,0.367737,bid
86706.459560,0.000000,bid
87774.090020,0.000000,offer
87777.473240,0.006600,offer
86763.515220,0.094285,bid
86706.489500,0.367737,bid
86706.479520,0.000000,bid
83730.194020,0.014303,bid
86803.065960,0.384158,offer
86803.075940,0.000000,offer
86852.826240,0.221201,offer
87821.465080,0.000000,offer
86729.633120,0.595124,bid
86695.741040,1.410352,bid
86682.387800,0.000000,bid
86675.321960,0.000000,bid
86665.232180,0.000000,bid
86665.222200,0.000000,bid
86663.236180,0.088576,bid
86665.222200,0.461520,bid
86773.115980,0.034522,offer
86706.519440,0.367737,bid
86706.489500,0.000000,bid
87780.786600,0.015769,offer
87902.832020,0.000000,offer
86743.345640,0.081856,bid
75918.079560,0.005233,bid
86803.055980,0.384158,offer
86803.065960,0.000000,offer
86706.529420,0.367736,bid
86706.519440,0.000000,bid
82842.393180,0.000000,bid
86773.115980,0.000000,offer
86706.559360,0.367736,bid
86706.529420,0.000000,bid
86773.115980,0.034522,offer
86706.589300,0.367736,bid
86706.559360,0.000000,bid
86773.115980,0.000000,offer
86803.046000,0.384158,offer
86803.055980,0.000000,offer
83548.997140,0.015529,bid
82324.600840,0.021821,bid
86755.032220,0.000125,bid
86755.022240,0.120883,bid
86755.012260,0.000000,bid
86754.842600,0.000000,bid
86752.237820,0.000000,bid
86751.309680,0.000000,bid
86745.601120,0.115049,bid
86706.599280,0.367736,bid
86706.589300,0.000000,bid
86774.952300,0.000000,offer
86776.399400,0.039500,offer
86706.619240,0.933698,bid
86706.599280,0.000000,bid
86638.805140,0.817283,bid
86773.115980,0.034522,offer
86803.036020,0.384158,offer
86803.046000,0.000000,offer
86665.232180,0.088575,bid
86663.236180,0.000000,bid
86721.699020,0.031383,bid
86706.649180,0.367736,bid
86706.619240,0.565962,bid
83291.163840,0.000000,bid
75918.079560,0.000654,bid
86755.062160,0.000125,bid
86755.052180,0.782894,bid
86755.042200,1.100000,bid
86755.032220,0.000000,bid
86755.022240,0.000000,bid
86751.509280,0.000000,bid
86803.026040,0.427848,offer
86803.036020,0.000000,offer
86755.072140,0.000125,bid
86755.062160,0.001935,bid
86755.052180,0.780958,bid
86755.072140,0.000125,bid
86755.052180,0.120883,bid
86755.042200,0.000000,bid
86754.842600,0.000000,bid
86751.509280,0.005482,bid
86706.679120,0.367736,bid
86706.649180,0.000000,bid
86706.619240,0.000000,bid
86703.715060,0.534294,bid
83292.960240,0.016775,bid
86755.072140,0.000000,bid
86755.062160,0.000125,bid
86750.401500,0.000000,bid
86749.353600,0.028761,bid
86746.599120,0.409822,bid
86744.732860,0.000000,bid
86743.215900,0.115052,bid
86741.170000,0.575275,bid
86751.189920,0.028760,bid
86749.463380,0.115044,bid
86749.353600,0.000000,bid
86743.215900,0.000000,bid
86706.689100,0.367736,bid
86706.679120,0.000000,bid
86695.741040,0.149140,bid
86695.731060,0.000000,bid
86638.805140,0.000000,bid
86785.261640,0.000000,offer
86816.788460,0.000000,offer
86755.092100,0.000125,bid
86755.082120,0.780958,bid
86755.072140,1.100000,bid
86755.062160,0.000000,bid
86755.052180,0.000000,bid
86751.509280,0.000000,bid
86741.170000,0.000000,bid
86729.633120,0.059787,bid
86727.237920,0.000000,bid
86706.739000,0.367736,bid
86706.689100,0.000000,bid
86682.387800,5.364845,bid
86803.016060,0.384158,offer
86803.026040,0.043690,offer
86813.405240,0.252962,offer
86755.102080,0.000125,bid
86755.092100,0.001935,bid
86752.247800,0.028760,bid
86751.189920,0.000000,bid
86776.399400,0.000000,offer
86750.980340,0.115042,bid
86746.599120,0.700461,bid
86745.601120,0.000000,bid
86743.585160,0.575259,bid
86727.108180,0.920720,bid
86706.748980,0.367736,bid
86706.739000,0.000000,bid
86776.599000,0.039500,offer
86803.006080,0.384158,offer
86803.016060,0.000000,offer
86695.611300,1.695898,bid
84283.455280,0.000000,bid
83766.421420,0.000000,bid
82778.371480,0.000000,bid
86776.599000,0.000000,offer
86785.181800,0.940178,offer
86813.405240,1.270339,offer
86816.708620,1.723607,offer
86755.102080,0.000000,bid
86755.092100,0.000125,bid
86755.082120,0.138139,bid
86755.072140,0.000000,bid
86754.842600,0.000000,bid
86751.509280,0.005482,bid
86749.463380,0.000000,bid
86746.169980,0.115048,bid
86729.633120,0.592746,bid
86706.758960,0.367735,bid
86706.748980,0.000000,bid
75918.079560,0.005887,bid
86706.798880,0.367735,bid
86706.758960,0.000000,bid
86206.551380,0.000000,bid
86205.633220,0.002876,bid
86802.996100,0.673165,offer
86803.006080,0.000000,offer
86752.247800,0.000000,bid
86751.469360,0.028760,bid
86706.808860,0.367735,bid
86706.798880,0.000000,bid
86774.952300,0.039500,offer
86763.515220,0.088847,bid
86755.132020,0.000125,bid
86755.122040,0.001935,bid
86755.112060,0.780958,bid
86755.102080,1.100000,bid
86755.092100,0.000000,bid
86755.082120,0.000000,bid
86751.509280,0.000000,bid
86706.818840,0.367735,bid
86706.808860,0.000000,bid
82853.820280,0.019273,bid
86774.952300,0.000000,offer
86776.399400,0.039500,offer
86706.848780,0.367735,bid
86706.818840,0.000000,bid
86665.222200,0.000000,bid
86774.952300,0.039500,offer
86776.399400,0.000000,offer
86802.986120,0.384158,offer
86802.996100,0.289007,offer
86855.740400,0.042488,offer
86856.878120,0.000000,offer
86755.112060,0.120883,bid
86755.102080,0.000000,bid
86751.509280,0.005482,bid
86750.980340,0.000000,bid
86749.523260,0.115044,bid
86706.878720,0.367735,bid
86706.848780,0.000000,bid
86682.387800,0.000000,bid
86682.377820,0.000000,bid
84226.419580,0.000000,bid
83899.025680,0.000000,bid
83725.593240,0.000000,bid
83126.783260,0.000000,bid
86769.193840,0.079645,offer
86755.132020,0.000000,bid
86755.122040,0.000125,bid
86769.183860,0.012042,offer
86769.203820,0.000000,offer
86779.024140,0.114814,offer
86780.591000,0.000000,offer
86706.898680,0.367735,bid
86706.878720,0.000000,bid
75918.079560,0.000654,bid
86802.976140,0.384158,offer
86802.986120,0.000000,offer
86863.754340,0.622114,offer
86863.774300,0.000000,offer
86775.900400,0.153905,offer
39922.994000,0.000375,bid
86706.908660,0.367735,bid
86706.898680,0.000000,bid
86863.744360,0.622114,offer
86863.754340,0.000000,offer
86706.918640,0.367735,bid
86706.908660,0.000000,bid
86695.741040,1.415617,bid
86665.222200,0.408375,bid
86638.805140,0.817283,bid
86528.087020,0.000000,bid
86802.966160,0.384158,offer
86802.976140,0.000000,offer
86863.734380,0.622114,offer
86863.744360,0.000000,offer
86729.633120,0.000000,bid
86727.956480,1.100000,bid
86660.322020,7.580000,bid
86739.942460,0.032375,bid
86729.633120,1.186126,bid
86774.952300,0.036392,offer
86706.938600,0.367735,bid
86706.918640,0.000000,bid
86863.714420,0.622114,offer
86863.734380,0.000000,offer
87255.968340,0.000000,offer
87287.864420,0.828414,offer
86701.299900,0.000000,bid
86698.774960,0.143792,bid
83730.194020,0.000000,bid
83548.997140,0.000000,bid
82324.600840,0.000000,bid
86802.956180,0.384158,offer
86802.966160,0.000000,offer
86863.674500,0.622114,offer
86863.714420,0.000000,offer
86706.988500,0.367735,bid
86706.938600,0.000000,bid
86763.525200,0.204273,offer
86707.008460,0.367734,bid
86706.988500,0.000000,bid
75918.079560,0.005887,bid
86863.654540,0.622115,offer
86863.674500,0.000000,offer
86763.515220,0.088920,bid
86729.633120,0.000000,bid
86727.108180,0.000000,bid
86707.018440,0.367734,bid
86707.008460,0.000000,bid
86695.741040,0.149140,bid
86695.611300,0.000000,bid
84285.261660,0.011841,bid
86802.946200,0.384158,offer
86802.956180,0.000000,offer
86813.405240,0.252962,offer
86816.708620,0.000000,offer
86852.826240,1.176757,offer
86863.644560,0.622115,offer
86863.654540,0.000000,offer
86866.598640,0.406939,offer
86866.608620,0.000000,offer
86785.181800,0.000000,offer
86734.663040,0.001142,bid
86707.028420,0.367734,bid
86707.018440,0.000000,bid
86775.900400,0.000000,offer
86863.634580,0.622115,offer
86863.644560,0.000000,offer
86726.958480,0.943315,bid
86695.451620,1.673479,bid
86785.072020,0.947769,offer
86813.405240,1.247396,offer
86816.588860,1.685369,offer
86802.936220,0.384158,offer
86802.946200,0.000000,offer
86852.826240,0.221201,offer
86863.604640,0.622115,offer
86863.634580,0.000000,offer
86899.083540,1.149539,offer
86707.058360,0.367734,bid
86707.028420,0.000000,bid
86707.078320,0.367734,bid
86707.058360,0.000000,bid
83731.880640,0.014303,bid
86863.594660,0.622115,offer
86863.604640,0.000000,offer
86707.098280,0.367734,bid
86707.078320,0.000000,bid
83292.960240,0.000000,bid
86863.584680,0.622115,offer
86863.594660,0.000000,offer
86727.956480,1.100016,bid
86707.118240,0.367734,bid
86707.098280,0.000000,bid
75918.079560,0.000654,bid
86774.952300,0.000000,offer
86776.539120,0.036392,offer
86802.926240,0.384159,offer
86802.936220,0.000000,offer
86863.564720,0.622115,offer
86863.584680,0.000000,offer
86727.966460,1.273786,bid
86727.966460,1.273801,bid
86727.956480,1.100000,bid
86763.525200,0.201426,offer
86776.539120,0.000000,offer
86863.554740,0.622115,offer
86863.564720,0.000000,offer
86707.128220,0.367734,bid
86707.118240,0.000000,bid
86755.132020,0.000125,bid
86755.122040,0.001876,bid
86752.397500,0.028760,bid
86751.509280,0.000000,bid
86751.469360,0.000000,bid
86776.539120,0.036392,offer
86727.966460,0.000016,bid
86727.956480,0.000000,bid
86707.138200,0.367734,bid
86707.128220,0.000000,bid
86763.525200,0.201216,offer
86863.544760,0.635189,offer
86863.554740,0.000000,offer
86727.966460,0.000000,bid
86727.916560,0.079661,bid
86802.916260,0.384159,offer
86802.926240,0.000000,offer
86707.158160,0.367734,bid
86707.138200,0.000000,bid
86487.179000,8.291000,bid
86439.774000,0.000000,bid
86863.524800,0.635189,offer
86863.544760,0.000000,offer
86755.132020,0.000000,bid
86755.122040,0.000125,bid
86752.397500,0.000000,bid
86751.619060,0.028760,bid
86751.509280,0.005482,bid
86707.168140,0.367734,bid
86707.158160,0.000000,bid
86774.952300,0.036392,offer
86776.539120,0.000000,offer
86863.514820,0.635189,offer
86863.524800,0.000000,offer
86755.151980,0.002212,bid
86755.142000,0.780958,bid
86755.132020,1.100000,bid
86755.122040,0.000000,bid
86755.112060,0.000000,bid
86751.629040,0.005482,bid
86751.509280,0.000000,bid
86707.188100,0.367734,bid
86707.168140,0.000000,bid
86695.741040,1.402165,bid
86666.529580,0.094570,bid
86660.322020,0.000000,bid
86802.906280,0.384159,offer
86802.916260,0.000000,offer
86863.494860,0.635189,offer
86863.514820,0.000000,offer
86755.161960,0.000125,bid
86755.151980,0.002087,bid
86751.629040,0.000000,bid
82853.820280,0.000000,bid
86707.198080,0.367734,bid
86707.188100,0.000000,bid
86863.484880,0.635189,offer
86863.494860,0.000000,offer
87780.786600,0.015787,offer
86763.515220,0.088360,bid
86707.208060,0.367734,bid
86707.198080,0.000000,bid
86639.733280,0.093565,bid
86863.474900,0.635189,offer
86863.484880,0.000000,offer
75918.079560,0.005887,bid
86726.968460,0.565989,bid
86707.228020,0.367734,bid
86707.208060,0.000000,bid
83550.673780,0.015528,bid
82326.247540,0.021820,bid
86863.454940,0.635189,offer
86863.474900,0.000000,offer
86707.238000,1.367733,bid
86707.228020,0.000000,bid
86676.799000,7.580000,bid
86769.193840,0.000000,offer
86802.896300,0.384159,offer
86802.906280,0.000000,offer
86863.444960,0.635189,offer
86863.454940,0.000000,offer
86533.735700,0.006001,bid
86769.183860,0.000000,offer
86769.203820,0.006590,offer
86779.024140,0.000000,offer
86781.070040,0.114814,offer
86707.247980,1.673355,bid
86707.238000,1.000000,bid
86763.525200,0.200801,offer
86863.434980,0.635189,offer
86863.444960,0.000000,offer
86707.267940,0.367733,bid
86707.247980,1.305622,bid
83902.498720,0.013084,bid
83130.226360,0.016807,bid
86763.525200,0.200699,offer
86863.425000,0.635189,offer
86863.434980,0.000000,offer
86866.588660,0.406939,offer
86866.598640,0.000000,offer
86756.878520,0.004043,bid
86756.868540,0.047787,bid
86756.858560,0.079645,bid
86755.151980,0.000000,bid
86743.944440,0.228326,bid
86743.694940,0.000000,bid
86726.968460,0.000000,bid
86726.958480,0.000000,bid
86707.277920,0.367733,bid
86707.267940,0.000000,bid
86695.741040,0.149140,bid
86695.451620,0.000000,bid
86656.110460,0.000000,bid
86656.100480,0.000000,bid
86785.072020,0.000000,offer
86802.886320,0.384159,offer
86802.896300,0.000000,offer
86813.405240,0.252962,offer
86816.588860,0.000000,offer
86863.415020,0.635190,offer
86863.425000,0.000000,offer
86755.161960,0.000000,bid
86755.151980,0.000125,bid
86763.515220,0.194312,bid
86775.401400,0.000000,offer
86775.601000,0.000000,offer
86855.750380,0.000000,offer
86763.515220,0.312412,bid
86756.878520,0.000125,bid
86755.621040,0.028759,bid
86755.161960,0.000000,bid
86755.151980,0.004043,bid
86752.896500,0.115039,bid
86751.619060,0.000000,bid
86751.189920,0.115042,bid
86747.417480,0.000000,bid
86746.599120,0.700449,bid
86746.439440,0.575240,bid
86746.169980,0.000000,bid
86745.092140,0.228326,bid
86743.944440,0.000000,bid
86743.585160,0.000000,bid
86742.816700,0.000000,bid
86742.437460,1.150532,bid
86739.942460,0.000000,bid
86736.619120,0.000000,bid
86733.804760,0.342658,bid
86733.355660,0.000000,bid
86732.916540,0.000000,bid
86726.938520,0.922820,bid
86708.545380,0.805416,bid
86707.297880,0.367733,bid
86707.277920,0.000000,bid
86707.247980,0.670860,bid
86706.459560,0.534277,bid
86706.100280,0.143783,bid
86705.850780,0.000000,bid
86703.715060,0.000000,bid
86698.774960,0.000000,bid
86695.431660,1.662123,bid
86686.180200,0.043749,bid
86675.252100,1.241877,bid
86674.803000,0.000000,bid
86674.713180,0.000000,bid
86493.336660,0.000000,bid
86763.525200,0.028161,offer
86769.193840,0.000000,offer
86769.203820,0.000000,offer
86769.213800,0.000000,offer
86769.383460,0.000000,offer
86769.573080,0.008921,offer
86769.583060,0.129581,offer
86769.593040,0.172526,offer
86771.449320,0.000000,offer
86771.459300,0.000000,offer
86771.469280,0.000000,offer
86771.499220,0.000000,offer
86773.115980,0.000000,offer
86773.315580,0.000000,offer
86773.944320,0.012117,offer
86773.954300,0.526406,offer
86774.952300,0.000000,offer
86775.521160,0.000000,offer
86775.571060,0.172514,offer
86775.870460,0.000000,offer
86775.900400,0.079645,offer
86776.648900,0.000000,offer
86777.726740,0.172510,offer
86778.165860,0.000000,offer
86779.034120,0.492303,offer
86781.070040,0.000000,offer
86781.080020,0.000000,offer
86782.207760,0.575003,offer
86782.327520,0.022474,offer
86782.726720,1.079525,offer
86782.976220,0.000000,offer
86785.271620,0.935757,offer
86785.980200,0.000000,offer
86786.499160,0.000000,offer
86792.227680,1.149873,offer
86802.886320,0.000000,offer
86803.026040,0.000000,offer
86805.730620,0.384146,offer
86816.798440,1.717367,offer
86817.317400,0.043683,offer
86820.131760,0.000000,offer
86823.095820,0.225289,offer
86823.105800,0.275481,offer
86825.990020,0.000000,offer
86852.826240,1.176757,offer
86857.417040,0.000000,offer
86861.808240,0.000000,offer
86863.395060,0.635190,offer
86863.415020,0.000000,offer
86755.621040,0.000000,bid
86754.782720,0.028759,bid
86745.261800,0.030524,bid
86745.092140,0.000000,bid
86721.299820,0.140537,bid
86708.764940,0.000000,bid
86686.589380,0.562386,bid
86666.539560,0.088573,bid
86665.232180,0.000000,bid
86665.222200,0.000000,bid
86665.212220,0.000000,bid
86651.888920,0.843911,bid
86622.388040,0.000000,bid
86576.509980,0.000000,bid
86767.297640,0.000000,offer
86767.307620,0.000000,offer
86769.573080,0.008921,offer
86769.583060,0.129581,offer
86769.593040,0.000000,offer
86773.525160,0.012653,offer
86773.535140,0.172518,offer
86773.944320,0.000000,offer
86777.726740,0.000000,offer
86779.034120,0.168344,offer
86782.058060,0.050000,offer
86782.207760,0.000000,offer
86782.726720,1.629857,offer
86783.575020,1.149987,offer
86792.227680,0.000000,offer
86800.580940,0.000000,offer
86804.333420,0.000166,offer
86855.740400,0.000000,offer
86856.878120,0.042488,offer
86867.596640,0.050000,offer
86756.878520,0.004168,bid
86755.740800,0.028759,bid
86754.782720,0.000000,bid
86751.189920,0.000000,bid
86710.691080,0.805396,bid
86710.341780,0.367227,bid
86708.605260,0.534264,bid
86708.545380,0.000000,bid
86707.297880,0.000000,bid
86706.459560,0.000000,bid
86677.407780,1.241846,bid
86675.252100,0.000000,bid
86768.565100,0.008921,offer
86768.575080,0.172528,offer
86769.573080,0.000000,offer
86769.583060,0.000000,offer
86773.485240,0.011965,offer
86773.495220,0.037592,offer
86773.505200,0.000000,offer
86773.515180,0.050000,offer
86773.525160,0.000000,offer
86773.535140,0.000000,offer
86773.944320,0.000000,offer
86773.954300,0.340065,offer
86775.571060,0.000000,offer
86775.900400,0.000000,offer
86778.894400,0.270344,offer
86778.904380,0.120000,offer
86779.034120,0.000000,offer
86782.726720,1.074805,offer
86783.575020,0.000000,offer
86791.289560,0.038987,offer
86791.299540,0.056468,offer
86794.213700,0.000000,offer
86794.223680,0.000000,offer
86802.696700,2.874335,offer
86805.730620,0.000000,offer
86807.876320,0.352258,offer
86822.796420,0.275482,offer
86823.095820,0.000000,offer
86823.105800,0.000000,offer
86863.395060,0.000000,offer
86867.596640,0.000000,offer
86868.385060,0.635153,offer
86756.908460,0.000125,bid
86756.898480,0.034077,bid
86756.888500,0.000000,bid
86756.878520,0.004043,bid
86755.740800,0.000000,bid
86755.151980,0.000000,bid
86754.752780,0.028759,bid
86753.155980,0.000000,bid
86738.944460,0.028161,bid
86766.229780,0.008921,offer
86766.239760,0.172533,offer
86768.565100,0.000000,offer
86768.575080,0.000000,offer
86771.030160,0.110693,offer
86771.040140,0.172523,offer
86773.495220,0.000000,offer
86773.515180,0.000000,offer
86774.902400,0.028161,offer
86778.894400,0.198344,offer
86778.904380,0.000000,offer
86782.058060,0.000000,offer
86886.319120,2.645506,offer
86746.609100,0.228326,bid
86745.092140,0.000000,bid
86710.691080,0.000000,bid
86708.605260,0.000000,bid
86707.048380,0.805430,bid
86704.972540,0.534287,bid
75918.079560,0.000654,bid
86782.706760,0.114814,offer
86804.243600,0.352273,offer
86807.876320,0.000000,offer
86821.628760,0.275486,offer
86822.796420,0.000000,offer
86864.732380,0.635180,offer
86868.385060,0.000000,offer
86756.918440,0.000125,bid
86756.908460,0.004043,bid
86756.878520,0.000000,bid
86747.996320,0.115046,bid
86747.776760,0.032375,bid
86727.916560,0.079675,bid
83769.884480,0.014296,bid
82781.794620,0.019289,bid
86778.904380,0.120000,offer
86781.469240,0.036392,offer
86763.515220,0.194312,bid
86754.752780,0.000000,bid
86753.824640,0.028760,bid
86743.365600,0.963020,bid
86738.944460,0.000000,bid
86710.341780,0.000000,bid
86707.327820,0.367240,bid
86763.525200,0.200699,offer
86766.229780,0.000000,offer
86766.239760,0.000000,offer
86768.335560,0.172528,offer
86771.020180,0.006001,offer
86773.485240,0.000000,offer
86774.902400,0.000000,offer
86802.876340,0.352278,offer
86804.243600,0.000000,offer
86820.271480,0.275490,offer
86821.628760,0.000000,offer
86863.365120,0.635190,offer
86864.732380,0.000000,offer
86763.525200,0.198790,offer
86707.347780,0.367240,bid
86707.327820,0.000000,bid
86707.247980,1.491284,bid
86681.040500,0.816845,bid
86645.352020,3.904212,bid
86580.182620,1.897966,bid
86771.020180,0.000000,offer
86773.944320,0.011920,offer
86784.483200,0.000000,offer
86863.345160,0.635190,offer
86863.365120,0.000000,offer
86870.031760,0.000000,offer
86739.593160,0.034521,bid
86708.096280,0.805420,bid
86707.357760,0.367240,bid
86707.347780,0.000000,bid
86707.247980,0.670860,bid
86707.048380,0.000000,bid
86706.010460,0.534280,bid
86704.972540,0.000000,bid
86763.525200,0.026252,offer
86765.002240,0.172535,offer
86768.335560,0.000000,offer
86771.020180,0.008921,offer
86772.058100,0.172521,offer
86773.375460,0.172518,offer
86774.782640,0.575052,offer
86776.090020,0.034521,offer
86782.507160,1.150001,offer
86802.876340,0.000000,offer
86805.281520,0.352268,offer
86820.271480,0.000000,offer
86824.033940,0.275478,offer
86763.515220,0.200490,bid
86756.918440,0.000000,bid
86756.908460,0.000125,bid
86755.151980,0.004998,bid
86764.992260,0.008921,offer
86771.020180,0.006485,offer
86771.030160,0.286389,offer
86773.944320,0.000000,offer
86773.954300,0.633300,offer
86778.894400,0.927387,offer
86782.317540,0.114814,offer
86782.497180,0.000000,offer
86782.706760,0.000000,offer
86866.498840,0.012009,offer
86756.918440,0.000125,bid
86756.908460,0.004830,bid
86755.151980,0.000000,bid
86764.992260,0.000000,offer
86765.002240,0.000000,offer
86766.519200,0.008921,offer
86766.529180,0.172532,offer
86771.020180,0.000000,offer
86771.030160,0.207025,offer
86772.058100,0.000000,offer
86773.365480,0.012983,offer
86773.954300,0.340065,offer
86774.782640,0.000000,offer
86775.740720,0.172514,offer
86708.874720,0.367233,bid
86707.357760,0.000000,bid
86771.020180,0.008343,offer
86773.365480,0.000000,offer
86776.090020,0.000000,offer
86804.373340,0.352272,offer
86805.281520,0.000000,offer
86821.778460,0.275485,offer
86824.033940,0.000000,offer
86709.433600,0.805407,bid
86708.096280,0.000000,bid
86707.357760,0.534272,bid
86706.010460,0.000000,bid
86764.104040,0.172537,offer
86766.519200,0.000000,offer
86766.529180,0.000000,offer
86768.904420,0.172527,offer
86775.740720,0.000000,offer
86784.483200,0.050000,offer
86870.031760,0.050000,offer
86708.984500,0.022757,bid
86704.453580,0.000000,bid
86764.094060,0.008921,offer
86791.209720,0.000000,offer
86795.750620,0.022757,offer
86763.515220,0.318590,bid
86756.918440,0.000000,bid
86756.908460,0.000125,bid
86755.151980,0.004998,bid
86710.082300,0.367228,bid
86708.874720,0.000000,bid
86764.094060,0.000000,offer
86764.104040,0.000000,offer
86765.521200,0.008921,offer
86765.531180,0.172534,offer
86768.904420,0.000000,offer
86804.373340,0.000000,offer
86806.618840,0.352263,offer
86821.279460,0.275487,offer
86821.778460,0.000000,offer
86711.150160,0.367224,bid
86710.082300,0.000000,bid
86709.433600,0.000000,bid
86707.357760,0.000000,bid
86706.020440,0.805439,bid
86703.934620,0.534293,bid
84285.261660,0.000000,bid
86764.183880,0.008921,offer
86764.193860,0.172537,offer
86765.521200,0.000000,offer
86765.531180,0.000000,offer
86768.994240,0.172527,offer
86771.000220,0.010254,offer
86771.010200,0.000000,offer
86771.020180,0.000000,offer
86803.195700,0.352277,offer
86806.618840,0.000000,offer
86820.620780,0.275489,offer
86821.279460,0.000000,offer
86863.584680,0.573326,offer
87581.326320,0.002471,offer
87777.473240,0.000000,offer
87780.786600,0.000749,offer
86775.900400,0.079645,offer
86776.090020,0.034521,offer
86856.878120,0.000000,offer
86858.564740,0.042488,offer
86711.150160,0.000000,bid
86707.746980,0.367238,bid
86771.000220,0.000000,offer
86771.020180,0.010486,offer
86781.459260,0.114814,offer
86782.317540,0.000000,offer
86886.319120,0.000000,offer
87780.786600,0.000731,offer
75918.079560,0.005887,bid
86763.525200,0.024004,offer
86776.090020,0.000000,offer
86763.515220,0.318590,bid
86726.948500,0.553692,bid
86707.776920,0.367238,bid
86707.746980,0.000000,bid
86764.193860,0.000000,offer
86803.185720,0.352277,offer
86803.195700,0.000000,offer
87039.292560,0.000000,offer
87071.208600,0.828392,offer
86754.802680,0.028759,bid
86753.824640,0.000000,bid
86750.840620,0.115042,bid
86749.523260,0.000000,bid
86708.405660,0.805417,bid
86706.329820,0.534278,bid
86706.020440,0.000000,bid
86703.934620,0.000000,bid
86764.183880,0.000000,offer
86765.601040,0.008921,offer
86765.611020,0.172534,offer
86768.994240,0.000000,offer
86771.000220,0.011683,offer
86771.010200,0.000000,offer
86771.020180,0.000000,offer
86773.954300,0.763882,offer
86774.792620,0.172516,offer
86775.361480,0.575048,offer
86820.620780,0.000000,offer
86824.043920,0.275478,offer
86709.204060,0.367232,bid
86707.776920,0.000000,bid
86765.601040,0.000000,offer
86765.611020,0.000000,offer
86767.018200,0.000000,offer
86767.028180,0.000000,offer
86769.263700,0.008921,offer
86769.273680,0.172527,offer
86771.000220,0.000000,offer
86771.020180,0.010269,offer
86773.954300,0.340065,offer
86774.792620,0.000000,offer
86775.361480,0.000000,offer
86776.090020,0.034521,offer
86803.185720,0.000000,offer
86806.608860,0.352263,offer
86769.273680,0.000000,offer
86709.723020,0.367230,bid
86709.423620,0.805407,bid
86709.204060,0.000000,bid
86708.405660,0.000000,bid
86707.337800,0.534272,bid
86706.329820,0.000000,bid
86768.036160,0.008921,offer
86768.046140,0.172529,offer
86769.263700,0.000000,offer
86771.010200,0.000000,offer
86771.020180,0.000000,offer
86771.030160,0.103511,offer
86771.040140,0.000000,offer
86773.365480,0.013080,offer
86822.556900,0.275483,offer
86824.043920,0.000000,offer
86763.515220,0.312412,bid
86754.802680,0.000000,bid
86739.593160,0.000000,bid
86805.111860,0.352269,offer
86806.608860,0.000000,offer
86753.984320,0.028759,bid
86765.581080,0.008921,offer
86765.591060,0.172534,offer
86768.036160,0.000000,offer
86768.046140,0.000000,offer
86770.361500,0.214873,offer
86770.371480,0.172524,offer
86771.030160,0.000000,offer
86776.090020,0.000000,offer
86821.329360,0.275487,offer
86822.556900,0.000000,offer
86739.593160,0.034521,bid
82855.466980,0.019272,bid
86770.351520,0.006738,offer
86773.365480,0.000000,offer
86776.090020,0.034521,offer
86801.738620,2.387809,offer
86803.874340,0.352274,offer
86805.111860,0.000000,offer
83731.880640,0.000000,bid
86763.515220,0.318590,bid
86776.090020,0.000000,offer
86763.515220,0.318447,bid
75918.079560,0.005233,bid
75918.079560,0.000654,bid
86803.864360,0.352274,offer
86803.874340,0.000000,offer
86785.271620,0.000000,offer
86727.926540,0.047805,bid
86726.948500,0.000000,bid
86726.938520,0.000000,bid
86695.741040,0.398078,bid
86695.431660,0.000000,bid
86776.090020,0.034521,offer
86782.726720,0.543351,offer
86816.798440,0.000000,offer
86727.926540,0.047831,bid
86727.916560,0.079645,bid
86727.926540,0.047850,bid
86667.337960,0.148378,bid
86667.327980,0.088572,bid
86666.539560,0.000000,bid
86666.529580,0.000000,bid
86763.525200,0.022367,offer
86763.515220,0.435001,bid
86753.984320,0.000000,bid
86727.936520,0.942602,bid
86710.970520,0.367224,bid
86709.723020,0.000000,bid
86696.429660,1.699308,bid
86764.553140,0.000000,offer
86765.581080,0.000000,offer
86765.591060,0.000000,offer
86770.361500,0.000000,offer
86770.371480,0.000000,offer
86771.319580,0.172522,offer
86773.954300,0.000000,offer
86776.090020,0.000000,offer
86776.808580,0.575038,offer
86789.722700,0.000000,offer
86803.864360,0.000000,offer
86806.249580,0.352264,offer
86821.249520,0.000000,offer
86763.515220,0.814811,bid
86756.918440,0.000125,bid
86756.908460,0.005098,bid
86755.431420,0.000000,bid
86755.151980,0.000000,bid
86754.453380,0.115037,bid
86753.834620,0.000000,bid
86753.605080,0.023004,bid
86747.996320,0.000000,bid
86709.423620,0.000000,bid
86707.337800,0.000000,bid
86706.170140,0.805438,bid
86704.084320,0.534292,bid
86677.457680,1.241846,bid
86677.407780,0.000000,bid
83294.547060,0.016774,bid
86770.341540,0.000000,offer
86770.351520,0.000000,offer
86770.361500,0.000000,offer
86771.319580,0.000000,offer
86773.365480,0.012778,offer
86773.375460,0.000000,offer
86775.511180,0.153722,offer
86775.521160,0.172514,offer
86775.900400,0.000000,offer
86775.910380,0.000000,offer
86776.808580,0.000000,offer
86778.894400,0.292790,offer
86781.459260,0.036392,offer
86781.469240,0.000000,offer
86782.327520,0.000000,offer
86782.507160,0.000000,offer
86788.155840,0.114814,offer
86791.289560,0.724040,offer
86791.838460,1.149878,offer
86801.658780,0.000000,offer
86810.261540,0.036353,offer
86820.820380,0.275488,offer
86821.329360,0.000000,offer
86852.826240,2.794386,offer
86863.345160,0.000000,offer
86866.588660,0.000000,offer
86868.095640,0.635155,offer
86872.596620,0.406911,offer
86763.515220,0.696711,bid
86756.908460,0.000000,bid
86755.151980,0.005482,bid
86754.453380,0.000000,bid
86754.303680,0.028759,bid
86752.896500,0.000000,bid
86749.533240,0.115044,bid
86768.036160,0.000000,offer
86772.607000,0.111178,offer
86772.616980,0.172520,offer
86775.511180,0.103722,offer
86781.459260,0.000000,offer
86782.706760,0.114814,offer
86782.726720,1.165422,offer
86783.844480,1.149984,offer
86788.155840,0.000000,offer
86790.990160,0.057725,offer
86791.289560,0.038987,offer
86791.838460,0.000000,offer
86756.918440,0.000000,bid
86756.908460,0.000125,bid
86727.936520,0.942629,bid
86727.926540,0.047805,bid
86712.098260,0.367219,bid
86710.970520,0.000000,bid
86710.192080,0.805400,bid
86706.170140,0.000000,bid
86705.820840,0.534281,bid
86704.084320,0.000000,bid
86772.597020,0.009758,offer
86773.365480,0.000000,offer
86786.788580,0.534420,offer
86805.081920,0.352269,offer
86806.249580,0.000000,offer
86820.820380,0.000000,offer
86824.852300,0.275476,offer
86867.706420,0.635158,offer
86868.095640,0.000000,offer
86870.031760,0.000000,offer
86755.291700,0.000000,bid
86754.303680,0.000000,bid
86752.637020,0.115040,bid
86750.840620,0.000000,bid
86739.593160,0.000000,bid
86727.936520,0.942648,bid
86766.628980,0.000000,offer
86771.199820,0.212880,offer
86771.209800,0.172523,offer
86772.607000,0.000000,offer
86775.511180,0.000000,offer
86775.521160,0.000000,offer
86780.620940,0.000000,offer
86858.564740,0.000000,offer
86863.215420,0.042488,offer
86871.139540,0.406918,offer
86872.596620,0.000000,offer
86763.515220,0.814811,bid
86755.301680,0.005482,bid
86755.151980,0.000000,bid
86750.970360,0.115042,bid
86707.397680,0.534272,bid
86705.820840,0.000000,bid
86771.189840,0.009835,offer
86772.597020,0.000000,offer
86788.165820,1.315143,offer
86789.722700,0.945905,offer
86821.249520,1.660407,offer
86824.153700,0.275478,offer
86824.852300,0.000000,offer
86870.031760,0.050000,offer
86763.515220,0.814811,bid
86755.880520,0.028759,bid
86750.970360,0.000000,bid
86742.297740,0.000000,bid
86712.128200,0.367219,bid
86712.098260,0.000000,bid
86710.202060,0.805400,bid
86710.192080,0.000000,bid
86569.543940,5.751199,bid
86545.452220,0.000000,bid
86768.904420,0.008921,offer
86768.914400,0.172527,offer
86771.179860,0.000000,offer
86771.189840,0.000000,offer
86771.199820,0.103512,offer
86771.209800,0.000000,offer
86776.129940,0.020927,offer
86776.139920,0.034521,offer
86778.884420,0.015019,offer
86805.081920,0.000000,offer
86807.367340,0.352260,offer
86852.826240,0.079645,offer
86866.987860,0.635163,offer
86867.706420,0.000000,offer
86870.430960,0.406921,offer
86871.139540,0.000000,offer
86739.643060,0.034521,bid
86823.015980,0.275481,offer
86824.153700,0.000000,offer
86755.880520,0.000000,bid
86755.301680,0.000000,bid
86755.151980,0.005482,bid
86754.972340,0.028759,bid
86754.223840,0.000000,bid
86747.786740,0.228326,bid
86746.609100,0.000000,bid
83902.498720,0.000000,bid
83550.673780,0.000000,bid
83130.226360,0.000000,bid
82326.247540,0.000000,bid
86767.247740,0.000000,offer
86768.904420,0.000000,offer
86768.914400,0.000000,offer
86770.441340,0.008921,offer
86770.451320,0.172524,offer
86775.131940,0.124436,offer
86775.141920,0.172515,offer
86776.129940,0.000000,offer
86804.682720,0.352271,offer
86807.367340,0.000000,offer
86823.006000,0.225289,offer
86866.977880,0.635163,offer
86866.987860,0.000000,offer
86868.454920,0.406930,offer
86870.430960,0.000000,offer
86763.515220,0.435001,bid
83769.884480,0.000000,bid
82781.794620,0.000000,bid
86770.421380,0.008921,offer
86770.431360,0.004302,offer
86770.441340,0.000000,offer
86778.884420,0.000000,offer
86763.515220,0.428823,bid
86751.150000,0.115042,bid
86712.128200,0.000000,bid
86710.202060,0.000000,bid
86708.375720,0.367235,bid
86707.397680,0.000000,bid
86706.429620,0.805435,bid
86704.333820,0.534291,bid
83771.471300,0.014296,bid
82783.361480,0.019289,bid
86765.062120,0.008921,offer
86765.072100,0.172535,offer
86770.401420,0.000000,offer
86770.411400,0.009868,offer
86770.421380,0.000000,offer
86770.431360,0.000000,offer
86775.131940,0.453905,offer
86776.688820,0.079645,offer
86776.698800,0.575039,offer
86780.620940,0.036392,offer
86803.594900,0.352275,offer
86804.682720,0.000000,offer
86821.089840,0.275488,offer
86823.006000,0.000000,offer
86823.015980,0.000000,offer
86866.598640,0.635166,offer
86866.977880,0.000000,offer
86867.367100,0.406935,offer
86868.454920,0.000000,offer
87786.654840,0.021456,offer
86739.643060,0.000000,bid
86776.139920,0.000000,offer
86765.062120,0.000000,offer
86765.072100,0.000000,offer
86766.379480,0.008921,offer
86766.389460,0.172532,offer
86770.411400,0.000000,offer
86770.441340,0.010605,offer
86866.588660,0.635166,offer
86866.598640,0.000000,offer
86880.131520,0.024880,offer
86763.515220,0.546923,bid
86755.980320,0.028759,bid
86754.972340,0.000000,bid
86754.054180,0.115038,bid
86751.150000,0.000000,bid
86709.054360,0.367232,bid
86708.375720,0.000000,bid
86707.078320,0.805429,bid
86706.429620,0.000000,bid
86704.982520,0.534287,bid
86704.333820,0.000000,bid
75918.079560,0.005887,bid
86766.379480,0.000000,offer
86766.389460,0.000000,offer
86768.854520,0.008921,offer
86768.864500,0.172527,offer
86770.431360,0.000000,offer
86770.451320,0.000000,offer
86775.131940,0.239463,offer
86776.269660,0.172513,offer
86776.698800,0.000000,offer
86780.620940,0.000000,offer
86803.594900,0.000000,offer
86806.279520,0.352264,offer
86821.089840,0.000000,offer
86824.163680,0.275478,offer
86739.643060,0.034521,bid
86776.139920,0.034521,offer
86865.790260,0.635172,offer
86866.588660,0.000000,offer
86763.515220,0.546923,bid
86755.980320,0.000000,bid
86755.261760,0.005319,bid
86755.251780,0.000000,bid
86755.151980,0.000000,bid
86754.054180,0.000000,bid
86751.489320,0.115041,bid
86748.595120,0.000000,bid
86727.946500,0.613376,bid
86727.926540,0.000000,bid
86711.459540,0.367222,bid
86709.483500,0.805407,bid
86709.054360,0.000000,bid
86707.387700,0.534272,bid
86707.078320,0.000000,bid
86704.982520,0.000000,bid
86765.511220,0.000000,offer
86768.854520,0.000000,offer
86768.864500,0.000000,offer
86770.441340,0.000000,offer
86771.080060,0.008921,offer
86771.090040,0.008186,offer
86771.100020,0.103512,offer
86771.110000,0.000000,offer
86771.199820,0.000000,offer
86775.121960,0.000000,offer
86775.131940,0.172223,offer
86776.269660,0.000000,offer
86803.804480,0.352274,offer
86806.279520,0.000000,offer
86824.123760,0.275478,offer
86824.163680,0.000000,offer
86727.936520,0.942602,bid
86755.261760,0.000000,bid
86755.151980,0.005482,bid
86754.503280,0.028759,bid
86727.946500,0.613425,bid
86711.459540,0.000000,bid
86709.483500,0.000000,bid
86708.545380,0.367235,bid
86707.387700,0.000000,bid
86706.559360,0.805434,bid
86704.463560,0.534290,bid
86765.341560,0.008921,offer
86765.351540,0.172534,offer
86771.080060,0.000000,offer
86775.121960,0.014438,offer
86781.469240,0.036392,offer
86803.724640,0.352275,offer
86803.804480,0.000000,offer
86804.333420,0.000000,offer
86808.934200,0.000166,offer
86821.239540,0.275487,offer
86824.123760,0.000000,offer
86864.013820,0.635185,offer
86865.790260,0.000000,offer
86763.515220,0.546923,bid
86760.361540,0.150325,bid
86755.720840,0.028759,bid
86754.503280,0.000000,bid
86754.074140,0.115038,bid
86752.637020,0.000000,bid
86750.002300,0.154086,bid
86739.643060,0.000000,bid
86765.341560,0.000000,offer
86765.351540,0.000000,offer
86766.788660,0.008921,offer
86766.798640,0.172531,offer
86771.090040,0.000000,offer
86771.100020,0.000000,offer
86771.299620,0.207025,offer
86771.309600,0.172522,offer
86776.139920,0.000000,offer
86784.533100,0.148655,offer
86794.892340,0.146745,offer
86858.564740,0.000000,offer
86863.215420,0.042488,offer
86760.371520,0.158504,bid
86756.868540,0.000000,bid
86751.229840,0.527641,bid
86791.289560,0.122160,offer
86763.515220,0.553101,bid
86709.283900,0.367231,bid
86708.545380,0.000000,bid
86707.277920,0.805427,bid
86706.559360,0.000000,bid
86705.182120,0.534285,bid
86704.463560,0.000000,bid
86766.788660,0.000000,offer
86766.798640,0.000000,offer
86768.375480,0.000000,offer
86771.289640,0.006783,offer
86771.299620,0.103512,offer
86771.309600,0.000000,offer
86775.121960,0.000000,offer
86777.137920,0.000000,offer
86781.469240,0.000000,offer
86803.724640,0.000000,offer
86806.698680,0.352263,offer
86821.239540,0.000000,offer
86824.223560,0.275478,offer
86763.515220,0.435001,bid
86760.381500,0.000125,bid
86756.908460,0.000000,bid
86755.720840,0.000000,bid
86754.074140,0.000000,bid
86753.984320,0.028759,bid
86748.076160,0.115046,bid
86764.543160,0.172536,offer
86769.054120,0.172527,offer
86771.289640,0.000000,offer
86772.607000,0.011621,offer
86775.131940,0.387030,offer
86775.141920,0.000000,offer
86775.301600,0.575048,offer
86794.343440,2.874611,offer
86801.738620,0.000000,offer
86802.696700,0.000000,offer
86863.594660,0.635188,offer
86864.013820,0.000000,offer
86867.097640,0.406937,offer
86867.367100,0.000000,offer
86763.515220,0.553101,bid
86755.142000,0.809717,bid
86753.984320,0.000000,bid
86753.485320,0.115039,bid
86748.076160,0.000000,bid
86710.421620,0.367227,bid
86709.283900,0.000000,bid
86708.405660,0.805417,bid
86707.277920,0.000000,bid
86706.309860,0.534278,bid
86705.182120,0.000000,bid
83733.477440,0.014303,bid
86764.543160,0.000000,offer
86769.054120,0.000000,offer
86775.301600,0.000000,offer
86805.570940,0.352267,offer
86806.698680,0.000000,offer
86823.095820,0.275481,offer
86824.223560,0.000000,offer
86760.381500,0.000000,bid
86755.161960,0.000125,bid
86739.643060,0.034521,bid
86768.026180,0.172529,offer
86772.607000,0.000000,offer
86775.131940,0.048001,offer
86776.139920,0.034521,offer
86778.884420,0.015019,offer
86781.469240,0.036392,offer
86711.549360,0.367222,bid
86710.421620,0.000000,bid
86709.533400,0.805406,bid
86708.405660,0.000000,bid
86707.427620,0.534271,bid
86706.309860,0.000000,bid
86765.980280,0.172533,offer
86768.026180,0.000000,offer
86770.491240,0.172524,offer
86763.515220,0.435001,bid
86760.381500,0.000125,bid
86755.161960,0.000000,bid
86765.980280,0.000000,offer
86770.491240,0.000000,offer
86781.469240,0.000000,offer
86763.515220,0.535847,bid
86756.030220,0.028759,bid
86755.142000,0.780958,bid
86711.569320,0.367222,bid
86711.549360,0.000000,bid
86711.439580,0.805389,bid
86709.533400,0.000000,bid
86709.343780,0.534260,bid
86707.427620,0.000000,bid
86678.405780,1.321477,bid
86677.457680,0.000000,bid
86766.858520,0.000000,offer
86766.868500,0.000000,offer
86770.161900,0.000000,offer
86771.299620,0.000000,offer
86772.616980,0.000000,offer
86774.333540,0.172224,offer
86774.343520,0.172516,offer
86775.131940,0.000000,offer
86776.129940,0.014930,offer
86778.884420,0.000000,offer
86801.738620,0.521393,offer
86805.570940,0.000000,offer
86808.604860,0.352255,offer
86823.095820,0.000000,offer
86826.129740,0.739088,offer
86826.139720,0.275472,offer
86827.676640,0.000000,offer
86852.826240,3.066574,offer
86863.594660,0.000000,offer
86868.864100,0.635150,offer
87581.326320,0.000000,offer
87841.854220,0.002400,offer
86760.381500,0.000000,bid
86756.908460,0.000125,bid
86774.323560,0.008921,offer
86711.569320,0.000000,bid
86711.439580,0.000000,bid
86709.343780,0.000000,bid
86708.804860,0.367233,bid
86706.748980,0.805432,bid
86704.653180,0.534289,bid
86765.740760,0.008921,offer
86765.750740,0.172534,offer
86770.261700,0.172525,offer
86774.323560,0.000000,offer
86784.483200,0.050000,offer
86803.914260,0.352274,offer
86808.604860,0.000000,offer
86821.449120,0.275486,offer
86826.139720,0.000000,offer
86864.163520,0.635184,offer
86868.864100,0.000000,offer
86870.031760,0.050000,offer
86763.515220,0.417747,bid
86760.381500,0.000125,bid
86756.908460,0.000000,bid
86756.030220,0.000000,bid
86754.992300,0.028759,bid
86779.902380,0.036392,offer
86863.215420,0.042488,offer
86708.814840,0.367233,bid
86708.804860,0.000000,bid
86696.439640,2.819585,bid
86696.269980,0.000000,bid
86672.986640,0.083641,bid
86645.352020,0.000000,bid
84231.509380,0.011848,bid
83730.643120,0.014303,bid
86774.323560,0.012509,offer
86776.129940,0.000000,offer
86803.904280,0.352274,offer
86803.914260,0.000000,offer
86864.153540,0.635184,offer
86864.163520,0.000000,offer
86763.515220,0.535847,bid
86760.381500,0.000000,bid
86756.908460,0.000125,bid
86755.890500,0.028759,bid
86755.161960,0.000000,bid
86754.992300,0.000000,bid
86749.543220,0.228326,bid
86747.786740,0.000000,bid
86709.004460,0.805411,bid
86706.898680,0.530267,bid
86706.748980,0.000000,bid
86704.653180,0.000000,bid
75918.079560,0.000654,bid
86765.740760,0.000000,offer
86765.750740,0.000000,offer
86768.335560,0.008921,offer
86768.345540,0.172528,offer
86770.261700,0.000000,offer
86772.497220,0.103512,offer
86772.507200,0.172520,offer
86778.894400,0.535275,offer
86779.103980,0.575023,offer
86779.902380,0.000000,offer
86821.449120,0.000000,offer
86825.750500,0.273894,offer
86772.487240,0.012559,offer
86774.323560,0.000000,offer
86779.902380,0.036392,offer
86712.198060,0.367219,bid
86710.122220,0.805401,bid
86709.004460,0.000000,bid
86708.814840,0.000000,bid
86708.016440,0.530260,bid
86706.898680,0.000000,bid
86765.441360,0.008921,offer
86765.451340,0.172534,offer
86768.335560,0.000000,offer
86768.345540,0.000000,offer
86769.962300,0.172525,offer
86778.894400,0.292790,offer
86779.103980,0.000000,offer
86779.902380,0.000000,offer
86803.904280,0.000000,offer
86807.277520,0.352260,offer
86821.309400,0.273908,offer
86825.750500,0.000000,offer
86863.993860,0.635185,offer
86864.153540,0.000000,offer
86763.515220,0.417747,bid
86760.381500,0.000125,bid
86756.908460,0.000000,bid
86755.890500,0.000000,bid
86754.762760,0.028759,bid
86749.543220,0.000000,bid
86747.786740,0.228326,bid
86739.643060,0.000000,bid
86776.139920,0.000000,offer
86763.515220,0.535847,bid
86760.381500,0.000000,bid
86756.908460,0.000125,bid
86755.940400,0.028759,bid
86754.762760,0.000000,bid
86765.441360,0.000000,offer
86765.451340,0.000000,offer
86768.445340,0.008921,offer
86768.455320,0.172528,offer
86769.962300,0.000000,offer
86772.467280,0.012078,offer
86772.477260,0.000000,offer
86772.487240,0.000000,offer
86777.187820,0.172511,offer
86806.010060,0.352265,offer
86807.277520,0.000000,offer
86763.525200,0.022090,offer
86768.455320,0.000000,offer
86777.187820,0.000000,offer
86858.564740,0.042488,offer
86863.215420,0.000000,offer
86763.515220,0.529441,bid
86712.776900,0.051249,bid
86712.218020,0.367219,bid
86712.198060,0.000000,bid
86710.122220,0.000000,bid
86708.016440,0.000000,bid
86706.739000,0.805432,bid
86704.633220,0.530281,bid
86765.730780,0.008921,offer
86765.740760,0.172534,offer
86768.445340,0.000000,offer
86770.231760,0.172525,offer
86772.467280,0.000000,offer
86772.487240,0.012226,offer
86803.894300,0.279833,offer
86806.010060,0.000000,offer
86821.309400,0.000000,offer
86824.832340,0.273897,offer
86858.564740,0.000000,offer
86863.215420,0.042488,offer
86739.643060,0.034521,bid
86712.218020,0.000000,bid
86708.854760,0.372985,bid
86765.740760,0.000000,offer
86772.497220,0.000000,offer
86772.507200,0.000000,offer
86776.139920,0.034521,offer
86821.459100,0.273908,offer
86824.832340,0.000000,offer
86708.984500,0.890284,bid
86706.878720,0.530267,bid
86706.739000,0.000000,bid
86704.633220,0.000000,bid
86206.531420,0.002876,bid
86205.633220,0.000000,bid
86765.730780,0.000000,offer
86769.253720,0.008921,offer
86769.263700,0.000000,offer
86770.221780,0.000000,offer
86770.231760,0.000000,offer
86772.487240,0.000000,offer
86774.323560,0.013768,offer
86774.333540,0.254203,offer
86776.349500,0.172512,offer
86781.469240,0.036392,offer
86803.894300,0.000000,offer
86806.139800,0.279833,offer
86763.515220,0.411341,bid
86713.156140,0.367215,bid
86708.854760,0.005752,bid
86768.285660,0.000000,offer
86768.295640,0.000000,offer
86769.253720,0.000000,offer
86772.776660,0.000000,offer
86772.786640,0.000000,offer
86774.313580,0.008921,offer
86774.333540,0.603219,offer
86777.666860,0.575033,offer
86760.381500,0.000125,bid
86756.908460,0.000000,bid
86755.940400,0.000000,bid
86755.002280,0.028759,bid
86711.030400,0.867506,bid
86708.984500,0.022757,bid
86708.924620,0.530255,bid
86706.878720,0.000000,bid
86765.920400,0.008921,offer
86765.930380,0.172533,offer
86774.303600,0.014762,offer
86774.313580,0.000000,offer
86774.323560,0.000000,offer
86774.333540,0.588975,offer
86776.349500,0.000000,offer
86781.469240,0.000000,offer
86786.658840,0.023396,offer
86806.139800,0.000000,offer
86808.185700,0.279833,offer
86821.459100,0.000000,offer
86825.760480,0.273894,offer
86767.357520,0.030630,bid
86767.307620,0.095000,bid
86767.297640,0.001469,bid
86767.287660,0.118100,bid
86766.369500,0.036133,bid
86766.349540,0.042937,bid
86766.339560,0.000000,bid
86765.930380,0.031190,bid
86765.920400,0.457869,bid
86765.910420,0.782400,bid
86765.700840,0.000000,bid
86763.525200,0.104614,bid
86763.515220,0.174356,bid
86760.381500,0.000000,bid
86755.161960,0.000125,bid
86755.002280,0.000000,bid
86753.844600,0.000000,bid
86753.605080,0.000000,bid
86753.485320,0.000000,bid
86751.489320,0.000000,bid
86749.533240,0.000000,bid
86747.806700,0.228326,bid
86747.796720,0.307277,bid
86747.786740,0.000000,bid
86746.599120,0.000000,bid
86746.439440,0.000000,bid
86743.355620,0.000000,bid
86741.489360,0.000000,bid
86741.179980,0.000000,bid
86739.643060,0.000000,bid
86738.675000,0.000017,bid
86738.485380,0.108202,bid
86737.766820,0.000000,bid
86735.112140,0.000000,bid
86727.946500,0.000049,bid
86727.936520,0.000000,bid
86727.926540,0.047787,bid
86725.980440,0.123003,bid
86723.016380,0.000000,bid
86721.699020,0.111782,bid
86717.467500,0.625637,bid
86712.776900,0.897153,bid
86708.984500,0.000000,bid
86706.100280,0.000000,bid
86703.794900,0.000000,bid
86703.405680,0.114632,bid
86701.210080,0.000000,bid
86699.134240,0.023552,bid
86696.439640,1.800000,bid
86696.429660,0.000000,bid
86681.040500,1.459832,bid
86679.244100,1.241820,bid
86678.405780,0.079645,bid
86672.976660,0.000000,bid
86667.337960,0.100591,bid
86666.519600,0.077971,bid
86645.342040,0.000000,bid
86206.531420,0.000000,bid
84288.555060,0.011840,bid
86763.525200,0.000000,offer
86765.920400,0.000000,offer
86765.930380,0.000000,offer
86774.303600,0.000000,offer
86774.333540,0.000000,offer
86774.343520,0.000000,offer
86776.139920,0.000000,offer
86776.688820,0.000000,offer
86777.666860,0.000000,offer
86778.894400,0.013852,offer
86780.600980,0.000000,offer
86780.620940,0.036392,offer
86781.229720,0.000000,offer
86781.329520,0.000000,offer
86782.706760,0.000000,offer
86782.716740,0.000000,offer
86782.726720,0.543351,offer
86783.844480,0.000000,offer
86784.483200,0.000000,offer
86784.533100,0.000000,offer
86785.091980,0.000000,offer
86786.658840,0.000000,offer
86788.165820,0.000000,offer
86788.515120,0.000000,offer
86789.722700,0.000000,offer
86791.289560,0.038987,offer
86791.299540,0.000000,offer
86792.008120,0.000000,offer
86794.343440,0.000000,offer
86795.740640,0.114814,offer
86795.750620,0.000000,offer
86797.217680,0.000000,offer
86813.055940,0.149104,offer
86817.517000,0.000000,offer
86817.526980,0.000000,offer
86821.249520,0.000000,offer
86827.946100,0.031629,offer
86828.085820,0.000000,offer
86837.696560,0.058795,offer
86837.866220,0.000000,offer
86844.143640,0.000000,offer
86844.163600,0.000000,offer
86852.826240,0.079645,offer
86852.836220,0.000000,offer
86863.993860,0.000000,offer
86867.097640,0.000000,offer
86869.592640,0.635144,offer
86870.031760,0.000000,offer
86873.195420,0.432234,offer
86873.405000,0.000000,offer
86886.329100,0.000000,offer
86887.077600,1.775664,offer
86926.199200,2.255680,offer
87048.883340,0.118100,offer
86777.896400,0.079689,bid
86772.696820,0.047787,bid
86772.686840,0.079645,bid
86767.846540,0.041709,bid
86767.826580,0.320250,bid
86767.816600,0.118100,bid
86767.666900,0.034522,bid
86767.607020,0.002341,bid
86767.597040,0.095000,bid
86767.457320,0.027283,bid
86767.367500,0.003121,bid
86767.357520,0.033083,bid
86767.327580,0.118100,bid
86767.317600,0.000000,bid
86767.307620,0.000000,bid
86767.297640,0.000000,bid
86767.287660,0.000000,bid
86766.369500,0.000000,bid
86766.349540,0.000000,bid
86765.930380,0.000000,bid
86765.920400,0.000000,bid
86765.910420,0.093772,bid
86764.882480,0.000000,bid
86763.535180,0.034077,bid
86763.525200,0.166034,bid
86763.515220,0.174179,bid
86763.225800,0.115026,bid
86760.391480,0.000125,bid
86760.381500,0.228326,bid
86760.371520,0.474673,bid
86760.181900,0.521466,bid
86756.978320,0.000000,bid
86756.968340,0.000000,bid
86756.898480,0.000000,bid
86755.161960,0.000000,bid
86755.151980,0.000000,bid
86753.864560,0.000000,bid
86751.239820,0.000000,bid
86751.229840,1.130101,bid
86751.219860,0.000000,bid
86750.431440,0.162750,bid
86748.445420,1.150453,bid
86747.876560,0.000000,bid
86747.806700,0.000000,bid
86746.309700,0.000000,bid
86745.780760,0.000000,bid
86745.082160,0.118100,bid
86744.293740,0.000000,bid
86743.365600,0.152304,bid
86742.437460,0.000000,bid
86741.509320,0.000000,bid
86741.160020,0.000000,bid
86733.804760,2.017525,bid
86732.796780,0.000000,bid
86732.197980,2.876671,bid
86727.946500,0.000000,bid
86718.006420,0.023222,bid
86717.467500,1.123253,bid
86717.337760,0.367197,bid
86715.231980,0.867464,bid
86713.156140,0.000000,bid
86713.126200,0.530229,bid
86712.786880,0.143770,bid
86712.776900,1.777644,bid
86712.447560,2.877326,bid
86711.030400,0.000000,bid
86708.924620,0.000000,bid
86686.599360,0.502652,bid
86684.413740,0.000000,bid
86680.890800,0.040259,bid
86678.405780,0.000000,bid
86676.808980,3.199860,bid
86672.986640,0.000000,bid
86671.030560,0.011696,bid
86670.361900,0.000000,bid
86669.673280,0.318344,bid
86669.663300,5.757493,bid
86667.337960,0.000000,bid
86663.236180,0.070860,bid
86645.940840,0.000000,bid
86211.451560,0.002876,bid
85971.592240,0.000000,bid
86778.894400,0.050000,offer
86778.904380,0.000000,offer
86780.620940,0.000000,offer
86782.716740,0.050000,offer
86786.050060,0.000000,offer
86787.716720,0.172490,offer
86789.323500,0.000000,offer
86789.802540,0.172486,offer
86795.740640,0.000000,offer
86797.696720,0.000000,offer
86800.401300,0.114814,offer
86800.411280,0.007489,offer
86800.580940,0.000000,offer
86804.782520,0.023906,offer
86808.185700,0.000000,offer
86808.934200,0.000000,offer
86811.429200,2.874046,offer
86812.397260,0.352239,offer
86813.395260,0.000166,offer
86825.760480,0.000000,offer
86826.788420,2.873537,offer
86827.946100,0.000000,offer
86829.972040,0.273881,offer
86835.770420,0.031629,offer
86846.478960,2.872886,offer
86869.582660,0.079645,offer
86877.157480,5.743743,offer
86925.999600,0.000000,offer
86943.524480,0.000000,offer
87201.946600,0.000000,offer
87271.826560,0.000000,offer
87404.271140,0.000000,offer
86767.826580,0.178820,bid
86767.816600,0.000232,bid
86767.327580,0.000000,bid
86766.718800,0.000000,bid
86669.673280,0.459775,bid
86654.872940,0.092020,bid
86638.805140,0.000000,bid
86536.909340,0.000000,bid
86211.451560,0.000000,bid
86008.468340,0.584782,bid
86777.906380,0.000125,offer
86778.884420,0.000000,offer
86779.493200,0.000000,offer
86779.503180,0.000000,offer
86779.513160,0.000000,offer
86787.706740,0.105506,offer
86787.716720,0.000000,offer
86789.802540,0.000000,offer
86791.289560,0.773073,offer
86795.191740,0.114814,offer
86795.201720,1.149833,offer
86800.401300,0.000000,offer
86801.738620,0.173404,offer
86801.748600,0.000000,offer
86809.223620,2.243509,offer
86813.045960,0.383566,offer
86813.405240,0.000000,offer
86826.129740,2.350893,offer
86833.245480,0.347911,offer
86833.255460,0.579852,offer
86846.468980,1.723732,offer
86877.147500,3.446246,offer
86880.241300,0.023360,offer
86887.067620,0.955575,offer
86897.486740,0.058805,offer
86999.572160,0.000000,offer
87065.639760,0.061460,offer
87086.847260,0.027811,offer
87122.056700,0.062106,offer
87194.960600,0.025750,offer
87327.465060,0.000000,offer
87396.796120,0.048163,offer
87440.608320,0.480729,offer
86763.525200,0.227953,bid
86761.379500,0.115028,bid
86759.094080,0.115031,bid
86741.199940,0.140000,bid
86725.980440,0.324481,bid
86722.637140,0.367175,bid
86721.699020,0.913980,bid
86720.481460,0.867411,bid
86718.385660,0.530197,bid
86717.467500,0.497617,bid
86717.337760,0.000000,bid
86715.231980,0.000000,bid
86713.126200,0.000000,bid
86696.479560,0.019493,bid
86687.507540,1.241702,bid
86681.040500,0.816845,bid
86679.244100,0.000000,bid
86671.030560,0.000000,bid
86671.020580,0.000000,bid
86669.673280,0.851060,bid
86594.963000,0.194927,bid
86569.533960,0.000000,bid
75918.079560,0.000000,bid
86778.884420,0.030000,offer
86782.706760,0.009830,offer
86786.778600,0.079645,offer
86787.706740,0.110012,offer
86788.824500,0.020000,offer
86789.722700,0.120000,offer
86790.990160,0.000000,offer
86795.191740,0.114814,offer
86800.401300,0.000000,offer
86800.580940,0.000000,offer
86800.590920,0.000000,offer
86809.233600,0.000000,offer
86812.397260,0.000000,offer
86817.646740,0.212146,offer
86817.656720,0.352218,offer
86825.990020,0.060000,offer
86827.437120,0.000000,offer
86828.185620,0.016024,offer
86829.972040,0.000000,offer
86835.231500,0.242091,offer
86835.241480,0.273864,offer
86836.828300,0.032049,offer
86837.696560,0.000000,offer
86852.816260,0.080272,offer
86855.051780,0.064097,offer
86863.225400,0.385809,offer
86866.688460,0.070870,offer
86867.157520,0.000000,offer
86869.582660,0.079645,offer
86869.592640,0.000000,offer
86870.361100,0.497133,offer
86873.195420,0.000000,offer
86877.147500,3.509604,offer
86877.856080,0.635084,offer
86881.468840,0.432193,offer
86887.067620,0.000000,offer
86894.512700,0.128194,offer
87036.857440,0.000000,offer
87385.878000,0.000000,offer
87507.833600,0.000000,offer
86777.896400,0.000044,bid
86772.736740,0.071927,bid
86772.726760,0.040000,bid
86772.716780,0.000000,bid
86772.706800,0.000000,bid
86772.696820,0.000233,bid
86767.816600,0.000000,bid
86766.010220,0.000000,bid
86763.515220,0.122675,bid
86760.760740,0.000125,bid
86760.750760,0.175000,bid
86760.391480,0.000000,bid
86750.391520,0.000000,bid
86743.365600,0.251180,bid
86742.577180,0.120000,bid
86730.850680,0.923979,bid
86699.353800,3.028578,bid
86699.343820,1.657241,bid
86696.439640,0.000000,bid
86676.818960,0.088564,bid
86667.327980,0.000000,bid
86298.616880,0.050000,bid
86212.519420,0.002876,bid
86778.834520,0.120000,offer
86778.844500,0.050000,offer
86778.854480,0.000000,offer
86778.864460,0.050000,offer
86778.874440,0.050000,offer
86778.884420,0.050000,offer
86778.894400,0.000000,offer
86780.231720,0.000000,offer
86780.241700,0.000000,offer
86782.696780,0.011228,offer
86782.706760,0.000000,offer
86782.716740,0.000000,offer
86782.726720,0.748389,offer
86783.046080,0.000000,offer
86786.888380,0.040000,offer
86787.706740,0.189119,offer
86788.784580,0.080000,offer
86791.279580,0.000000,offer
86791.289560,1.288340,offer
86793.734660,0.896898,offer
86794.882360,0.114814,offer
86795.191740,0.000000,offer
86796.299520,0.096725,offer
86806.509060,0.043688,offer
86817.317400,0.000000,offer
86825.251500,1.051176,offer
86825.261480,1.651960,offer
86825.990020,0.000000,offer
86837.726500,0.000000,offer
86863.215420,0.000000,offer
86867.147540,0.042488,offer
86877.147500,0.888350,offer
86908.903860,0.041839,offer
86960.250960,0.000000,offer
86968.534360,0.061460,offer
86969.412600,0.000000,offer
87026.108980,0.062106,offer
87065.639760,0.000000,offer
87122.056700,0.000000,offer
87148.942820,0.054621,offer
87211.497460,0.047236,offer
87224.012380,0.099269,offer
87322.744520,0.105508,offer
87370.189440,0.055036,offer
86772.796620,0.071927,bid
86772.786640,0.040000,bid
86772.776660,0.000000,bid
86772.766680,0.000000,bid
86772.756700,0.000000,bid
86772.746720,0.000000,bid
86772.736740,0.000000,bid
86772.726760,0.000000,bid
86764.992260,0.028756,bid
86763.545160,0.000125,bid
86761.389480,0.000000,bid
86760.760740,0.000000,bid
86726.200000,0.005752,bid
86725.980440,0.123003,bid
86722.637140,0.000000,bid
86717.836760,0.367195,bid
86708.854760,0.000000,bid
86696.759000,0.043743,bid
86686.180200,0.000000,bid
86298.616880,0.000000,bid
86777.906380,0.009046,offer
86778.804580,0.050000,offer
86778.814560,0.156003,offer
86778.824540,0.000000,offer
86778.834520,0.000000,offer
86778.844500,0.000000,offer
86778.874440,0.000000,offer
86780.411360,0.172504,offer
86784.742680,0.172496,offer
86789.712720,0.114814,offer
86791.279580,0.000000,offer
86794.882360,0.000000,offer
86815.550940,0.352227,offer
86817.646740,0.000000,offer
86817.656720,0.000000,offer
86832.377220,0.273873,offer
86835.231500,0.085994,offer
86835.241480,0.000000,offer
86877.317160,0.635088,offer
86877.856080,0.000000,offer
86879.073640,0.432205,offer
86881.468840,0.000000,offer
86998.155000,0.000000,offer
87148.942820,0.000000,offer
87195.399720,0.055036,offer
87370.189440,0.000000,offer
87408.841980,0.044414,offer
87428.632320,0.049251,offer
86772.836540,0.071787,bid
86772.826560,0.040000,bid
86772.816580,0.000000,bid
86772.806600,0.000000,bid
86772.796620,0.000000,bid
86772.786640,0.000000,bid
86772.696820,0.000000,bid
86676.828940,0.124688,bid
86676.808980,0.000000,bid
86676.799000,0.000000,bid
86777.976240,0.100000,offer
86777.986220,0.172509,offer
86778.794600,0.030000,offer
86778.814560,0.000000,offer
86778.864460,0.000000,offer
86778.884420,0.000000,offer
86780.411360,0.000000,offer
86782.616940,0.172500,offer
86782.716740,0.011438,offer
86789.712720,0.000000,offer
86791.279580,0.114814,offer
86806.509060,0.000000,offer
86813.045960,0.546957,offer
86815.670700,0.043683,offer
86877.147500,1.160591,offer
86948.434640,0.034764,offer
86983.823720,0.037994,offer
87028.783620,0.000000,offer
87043.194740,0.037827,offer
87061.298460,0.000000,offer
87075.709580,0.030237,offer
87086.847260,0.000000,offer
87098.434040,0.027767,offer
87184.571420,0.049253,offer
87210.230000,0.000000,offer
87218.283860,0.050000,offer
87224.012380,0.071502,offer
86772.816580,0.000234,bid
86782.696780,0.000000,offer
86789.712720,0.114814,offer
86791.279580,0.000000,offer
86815.171700,0.352228,offer
86815.550940,0.000000,offer
86831.978020,0.273875,offer
86832.377220,0.000000,offer
86876.927940,0.635091,offer
86877.317160,0.000000,offer
86878.694400,0.432207,offer
86879.073640,0.000000,offer
87195.399720,0.103199,offer
87218.283860,0.000000,offer
87238.443460,0.063622,offer
87244.611100,0.044414,offer
87389.361020,0.046649,offer
87396.796120,0.000000,offer
87408.841980,0.000000,offer
86772.846520,0.040000,bid
86772.826560,0.000000,bid
86772.816580,0.000092,bid
86765.910420,0.079645,bid
86669.673280,2.599695,bid
75930.664340,0.005887,bid
86778.794600,0.000000,offer
86780.870440,0.034519,offer
86782.606960,0.011277,offer
86782.716740,0.000000,offer
86796.299520,0.040262,offer
86813.395260,0.000000,offer
86772.896420,0.071787,bid
86772.886440,0.040000,bid
86772.876460,0.000000,bid
86772.866480,0.000000,bid
86772.856500,0.000000,bid
86772.846520,0.000000,bid
86772.836540,0.000234,bid
86772.816580,0.000000,bid
86745.341640,0.005752,bid
86744.363600,0.034519,bid
86734.852660,0.000000,bid
86298.616880,0.000000,bid
86778.804580,0.000000,offer
86785.960240,0.000000,offer
86786.788580,0.000000,offer
86789.712720,0.000000,offer
86791.279580,0.114814,offer
86817.137760,0.000166,offer
86777.896400,0.014907,bid
86772.916380,0.071928,bid
86772.906400,0.040000,bid
86772.896420,0.000000,bid
86772.886440,0.000000,bid
86766.050140,0.028755,bid
86764.992260,0.000000,bid
86764.882480,0.115023,bid
86760.760740,0.228326,bid
86760.381500,0.000000,bid
86759.094080,0.000000,bid
82855.466980,0.000000,bid
86777.986220,0.000000,offer
86779.802580,0.172506,offer
86782.606960,0.000000,offer
86782.616940,0.000000,offer
86782.716740,0.010144,offer
86787.257640,0.306670,offer
86787.267620,0.172491,offer
86787.706740,0.000000,offer
86791.209720,0.574943,offer
86791.279580,0.000000,offer
86795.191740,0.114814,offer
86777.896400,0.466550,bid
86772.916380,0.024140,bid
86772.836540,0.000000,bid
86772.686840,0.079645,bid
86766.050140,0.000000,bid
86764.892460,0.235447,bid
86764.882480,0.000000,bid
86763.545160,0.000000,bid
86763.525200,0.005482,bid
86763.225800,0.000000,bid
86762.996260,0.000000,bid
86761.399460,0.000000,bid
86761.389480,0.000125,bid
86761.379500,0.000000,bid
86760.371520,0.474673,bid
86760.002260,0.000000,bid
86757.497280,0.056463,bid
86756.788700,0.000000,bid
86755.142000,1.323476,bid
86752.896500,1.150394,bid
86751.229840,0.000000,bid
86748.545220,0.316465,bid
86748.445420,0.000000,bid
86741.199940,0.000000,bid
86738.485380,0.070860,bid
86738.086180,0.000000,bid
86733.804760,0.000000,bid
86732.197980,0.000000,bid
86730.770840,0.000000,bid
86720.002420,0.367186,bid
86717.836760,0.000000,bid
86690.850840,0.000000,bid
86687.158240,0.000000,bid
86659.972720,0.000000,bid
86650.182340,0.000104,bid
86639.733280,0.000000,bid
86629.304180,0.000000,bid
86298.616880,0.000000,bid
86777.906380,0.000125,offer
86777.966260,0.008921,offer
86777.976240,0.000000,offer
86779.802580,0.000000,offer
86782.726720,0.000000,offer
86782.736700,0.000000,offer
86784.742680,0.000000,offer
86786.888380,0.000000,offer
86787.257640,0.000000,offer
86787.267620,0.000000,offer
86788.784580,0.000000,offer
86788.824500,0.000000,offer
86789.712720,0.000000,offer
86789.722700,0.080000,offer
86791.199740,0.000000,offer
86791.209720,0.000000,offer
86791.289560,0.000000,offer
86793.724680,0.000000,offer
86795.191740,0.114814,offer
86795.201720,0.000000,offer
86795.321480,0.000000,offer
86796.289540,0.458832,offer
86798.944220,0.607250,offer
86799.463180,0.000000,offer
86813.045960,0.383566,offer
86815.171700,0.000000,offer
86817.686660,0.212146,offer
86817.696640,0.352218,offer
86863.225400,0.047787,offer
86863.584680,0.000000,offer
86867.117600,0.573303,offer
86911.159340,7.580000,offer
86777.896400,0.136010,bid
86772.936340,0.140938,bid
86772.926360,0.079645,bid
86772.916380,0.000234,bid
86772.686840,0.000000,bid
86769.632960,0.115017,bid
86767.856520,0.000125,bid
86767.367500,0.000000,bid
86764.892460,0.097416,bid
86763.545160,0.000000,bid
86763.525200,0.000000,bid
86761.389480,0.000000,bid
86760.770720,0.005482,bid
86751.309680,0.000000,bid
86751.229840,0.379980,bid
86747.776760,0.000000,bid
86744.363600,0.000000,bid
86733.804760,0.608869,bid
86725.980440,0.624615,bid
86722.557300,0.143756,bid
86721.808800,0.867398,bid
86721.699020,0.613845,bid
86720.481460,0.000000,bid
86719.643140,0.530189,bid
86718.385660,0.000000,bid
86718.006420,0.000000,bid
86712.786880,0.000000,bid
86690.850840,1.177235,bid
86688.266020,1.241691,bid
86687.507540,0.000000,bid
86659.952760,0.073119,bid
86658.485700,0.009345,bid
86654.882920,0.055212,bid
86651.898900,0.577269,bid
86643.675380,0.444600,bid
86603.925040,0.000000,bid
86562.019020,7.170000,bid
86533.735700,0.000000,bid
86441.201140,0.000000,bid
86217.599240,0.002875,bid
86212.519420,0.000000,bid
86777.966260,0.000000,offer
86780.870440,0.000000,offer
86782.696780,0.000000,offer
86782.706760,0.000000,offer
86782.716740,0.000000,offer
86782.726720,0.000000,offer
86786.509140,0.000000,offer
86786.718720,0.008921,offer
86786.768620,0.060566,offer
86787.257640,0.187336,offer
86789.273600,0.036392,offer
86789.722700,0.000000,offer
86791.249640,0.172483,offer
86791.289560,0.695074,offer
86795.191740,0.000000,offer
86796.119880,0.031964,offer
86802.986120,0.114814,offer
86804.333420,0.000000,offer
86804.782520,0.000000,offer
86809.223620,0.324026,offer
86811.429200,0.000000,offer
86815.670700,0.000000,offer
86817.137760,0.000000,offer
86821.379260,0.000166,offer
86826.798400,0.043678,offer
86827.686620,0.000000,offer
86831.978020,0.000000,offer
86835.231500,0.535366,offer
86835.770420,0.000000,offer
86835.960040,0.273862,offer
86838.325300,0.525000,offer
86844.143640,0.047920,offer
86844.193540,0.031629,offer
86846.468980,0.000000,offer
86846.478960,0.000000,offer
86849.303300,0.070860,offer
86849.313280,0.000000,offer
86863.205440,0.102996,offer
86863.215420,0.092015,offer
86863.225400,0.000000,offer
86866.229380,0.501172,offer
86866.239360,0.662673,offer
86866.498840,0.000000,offer
86866.688460,0.000000,offer
86867.117600,0.000000,offer
86876.927940,0.000000,offer
86877.147500,3.242580,offer
86878.694400,0.000000,offer
86880.131520,0.416820,offer
86881.808160,0.635055,offer
86885.620520,0.432172,offer
86772.936340,0.071928,bid
86772.916380,0.000000,bid
86769.632960,0.000000,bid
86767.866500,0.034077,bid
86763.535180,0.000000,bid
86755.142000,0.780958,bid
86755.132020,0.000000,bid
86725.980440,0.868467,bid
86724.403600,0.367167,bid
86721.699020,0.000000,bid
86720.002420,0.000000,bid
86664.114420,0.046825,bid
86654.353980,0.014323,bid
86641.150440,1.400000,bid
86621.669480,0.000000,bid
86604.104680,0.000000,bid
86584.354260,0.000000,bid
86576.050900,0.000000,bid
86469.115200,0.389855,bid
86217.599240,0.000000,bid
83904.095520,0.013084,bid
83552.260600,0.015528,bid
83131.813180,0.016807,bid
82327.814400,0.021820,bid
86784.942280,0.055830,offer
86784.952260,0.000000,offer
86786.698760,0.000000,offer
86786.708740,0.012945,offer
86786.718720,0.000000,offer
86786.768620,0.000000,offer
86789.273600,0.000000,offer
86800.411280,0.000000,offer
86803.375340,0.056463,offer
86804.932220,0.007489,offer
86808.365340,0.233666,offer
86808.944180,0.000000,offer
86810.261540,0.000000,offer
86817.686660,0.036906,offer
86817.696640,0.000000,offer
86817.956120,0.023632,offer
86819.103820,0.036353,offer
86822.087840,0.352200,offer
86884.053660,0.333066,offer
86887.067620,1.088949,offer
86892.227280,0.327727,offer
86895.600520,0.000000,offer
86908.983700,1.400000,offer
86909.841980,0.000000,offer
86944.602320,4.192000,offer
86944.752020,0.000000,offer
86777.896400,0.178839,bid
86772.936340,0.072163,bid
86767.876480,0.000125,bid
86767.856520,0.000000,bid
86747.597120,0.140000,bid
86723.844720,0.867378,bid
86721.808800,0.000000,bid
86721.689040,0.442970,bid
86721.679060,0.530177,bid
86719.643140,0.000000,bid
86689.383780,1.241675,bid
86688.266020,0.000000,bid
86657.487700,0.066548,bid
86647.088540,0.045868,bid
86628.086620,0.058401,bid
86596.460000,0.000000,bid
86545.302520,0.000000,bid
86488.037280,0.000000,bid
86784.932300,0.008921,offer
86787.257640,0.323325,offer
86787.676800,0.172490,offer
86791.239660,0.114814,offer
86791.588960,0.120000,offer
86793.714700,0.140000,offer
86796.289540,1.068810,offer
86799.004100,1.149783,offer
86801.738620,0.254495,offer
86802.986120,0.000000,offer
86867.147540,0.000000,offer
86873.894020,0.042488,offer
86884.702360,0.432177,offer
86885.620520,0.000000,offer
86892.227280,0.000000,offer
86928.714160,0.000000,offer
86954.871740,0.160243,offer
86769.094040,0.028754,bid
86751.229840,1.022739,bid
86750.401500,1.150427,bid
86745.261800,0.000000,bid
86436.819920,0.000000,bid
86395.283160,0.000000,bid
86089.755440,0.000000,bid
86029.945300,0.053554,bid
86782.986200,0.008921,offer
86782.996180,0.172499,offer
86784.932300,0.000000,offer
86777.896400,0.057736,bid
86772.936340,0.024235,bid
86772.926360,0.000000,bid
86769.094040,0.000000,bid
86767.327580,0.000000,bid
86755.142000,0.070860,bid
86752.896500,0.000000,bid
86724.403600,0.000000,bid
86721.689040,0.610769,bid
86721.379660,0.367180,bid
86699.353800,4.402913,bid
86699.114280,2.877769,bid
86695.741040,4.914961,bid
86693.066400,7.580000,bid
86689.393760,1.241675,bid
86689.383780,0.000000,bid
86542.418300,0.047057,bid
86492.398540,0.066645,bid
86335.722520,0.000000,bid
86308.127820,0.050000,bid
86271.381460,0.062106,bid
86218.786860,0.002875,bid
86029.945300,0.000000,bid
86780.650880,0.000000,offer
86782.966240,0.008921,offer
86782.976220,0.007857,offer
86782.986200,0.000000,offer
86782.996180,0.000000,offer
86784.852460,0.095000,offer
86784.932300,0.013432,offer
86784.942280,0.144581,offer
86785.341480,0.172495,offer
86786.708740,0.000000,offer
86791.249640,0.000000,offer
86817.686660,0.243617,offer
86820.201620,0.352208,offer
86822.087840,0.000000,offer
86835.850260,0.273862,offer
86835.960040,0.000000,offer
86880.730320,0.635063,offer
86881.808160,0.000000,offer
86883.714340,0.333072,offer
86883.724320,0.432182,offer
86884.053660,0.000000,offer
86884.702360,0.000000,offer
86765.990260,0.000000,bid
86763.525200,0.005482,bid
86763.056140,0.000000,bid
86755.970340,0.030524,bid
86733.794780,0.000000,bid
86725.980440,0.205805,bid
86723.844720,0.000000,bid
86721.689040,1.110251,bid
86721.679060,0.000000,bid
86720.661100,0.867409,bid
86718.505420,0.530196,bid
86492.398540,0.128105,bid
86423.137340,0.065428,bid
86262.209840,0.053554,bid
86202.289920,0.000000,bid
86029.945300,0.056332,bid
86778.585020,0.008921,offer
86778.595000,0.172508,offer
86782.966240,0.000000,offer
86782.976220,0.000000,offer
86784.842480,0.000000,offer
86772.936340,0.000235,bid
86772.906400,0.000000,bid
86760.770720,0.000000,bid
86751.629040,0.008921,bid
86725.980440,0.119551,bid
86722.557300,0.000000,bid
86717.477480,0.143765,bid
86244.485360,0.056332,bid
86029.945300,0.000000,bid
86008.667940,0.046301,bid
86777.906380,0.063227,offer
86784.842480,0.221971,offer
86784.942280,0.000000,offer
86785.970220,0.008921,offer
86817.636760,0.248237,offer
86817.646740,0.352218,offer
86817.686660,0.000000,offer
86820.201620,0.000000,offer
86834.473020,0.273867,offer
86835.231500,0.000000,offer
86835.850260,0.000000,offer
86879.333120,0.679257,offer
86879.343100,0.635073,offer
86880.131520,0.627149,offer
86880.730320,0.000000,offer
86881.169440,0.432195,offer
86883.714340,0.000000,offer
86883.724320,0.000000,offer
86764.892460,0.150987,bid
86764.792660,0.028756,bid
86763.096060,0.115026,bid
86783.285600,0.333822,offer
86783.295580,0.172499,offer
86784.832500,0.013918,offer
86784.842480,0.000000,offer
86784.932300,0.000000,offer
86787.257640,0.174364,offer
86791.239660,0.000000,offer
86793.704720,0.114814,offer
86794.044040,0.050000,offer
86796.109900,0.000000,offer
86835.231500,0.382016,offer
86879.592600,0.050000,offer
86880.131520,0.000000,offer
86884.053660,0.073763,offer
86772.936340,0.000000,bid
86767.866500,0.034221,bid
86763.525200,0.000000,bid
86760.770720,0.005482,bid
86308.127820,0.000000,bid
86777.906380,0.063064,offer
86777.896400,0.058596,bid
86767.866500,0.034314,bid
86723.964480,0.022493,bid
86777.906380,0.160071,offer
86778.585020,0.000000,offer
86783.275620,0.010673,offer
86784.832500,0.000000,offer
86810.740580,0.022584,offer
86879.323140,0.635073,offer
86879.333120,0.000000,offer
86879.343100,0.000000,offer
87786.654840,0.012695,offer
83294.547060,0.000000,bid
86873.135540,0.573262,offer
86777.896400,1.158596,bid
86767.207820,0.028755,bid
86765.511220,0.115023,bid
86764.792660,0.000000,bid
86761.279700,0.115028,bid
86759.124020,0.575156,bid
86743.365600,0.000000,bid
86740.920500,2.876381,bid
86784.852460,0.000000,offer
86787.257640,0.497541,offer
86789.682780,0.574953,offer
86804.343400,2.414360,offer
86808.554960,2.874141,offer
86856.888100,1.784217,offer
86857.147580,2.872533,offer
86870.361100,0.778949,offer
86879.303180,0.709257,offer
86879.313160,0.635073,offer
86879.323140,0.000000,offer
86763.525200,0.005482,bid
86760.770720,0.000000,bid
86760.371520,0.770499,bid
86743.365600,1.904650,bid
86740.930480,0.079645,bid
86681.040500,0.000000,bid
86669.673280,0.000000,bid
86657.487700,0.047536,bid
86651.898900,0.000000,bid
86643.675380,0.000000,bid
86580.182620,0.000000,bid
86791.289560,1.484100,offer
86793.964200,1.149850,offer
86817.626780,0.248237,offer
86817.636760,0.352218,offer
86817.646740,0.000000,offer
86877.147500,0.000000,offer
86879.303180,0.000000,offer
86881.159460,0.432195,offer
86881.169440,0.000000,offer
86876.788220,0.012007,offer
86879.303180,0.635073,offer
86879.313160,0.000000,offer
86682.936700,0.088559,bid
86676.828940,0.000000,bid
86676.818960,0.000000,bid
75930.664340,0.000654,bid
86879.273240,0.635074,offer
86879.303180,0.000000,offer
86887.067620,0.000000,offer
87780.786600,0.000000,offer
86792.467200,1.000000,offer
86767.207820,0.000000,bid
86765.511220,0.000000,bid
86765.002240,0.028756,bid
86763.525200,0.000000,bid
86761.289680,0.005482,bid
86758.954360,0.115031,bid
86817.616800,0.248237,offer
86817.626780,0.352218,offer
86817.636760,0.000000,offer
86879.243300,0.635074,offer
86879.273240,0.000000,offer
86881.149480,0.432195,offer
86881.159460,0.000000,offer
86765.062120,0.283941,bid
86765.052140,0.115023,bid
86765.002240,0.000000,bid
86764.892460,0.000000,bid
86758.954360,0.000000,bid
86795.321480,0.023470,offer
86761.289680,0.000000,bid
86760.770720,0.005482,bid
86817.606820,0.248237,offer
86817.616800,0.352218,offer
86817.626780,0.000000,offer
86879.233320,0.635074,offer
86879.243300,0.000000,offer
95677.082360,0.000000,offer
86954.861760,0.006620,offer
86751.629040,0.000000,bid
86594.972980,1.897648,bid
86879.213360,0.635074,offer
86879.233320,0.000000,offer
86881.139500,0.432195,offer
86881.149480,0.000000,offer
86763.096060,0.000000,bid
86785.970220,0.000000,offer
86765.900440,0.028756,bid
86765.062120,0.211636,bid
86761.289680,0.005482,bid
86760.770720,0.000000,bid
86759.852560,0.115030,bid
86747.796720,1.004368,bid
86746.150020,1.150483,bid
86795.321480,0.080131,offer
86879.193400,0.635074,offer
86879.213360,0.000000,offer
87031.518140,0.000000,offer
87057.565940,0.118100,offer
86767.127980,0.028755,bid
86765.900440,0.000000,bid
86763.205840,0.115026,bid
86759.852560,0.000000,bid
86763.525200,0.005482,bid
83771.471300,0.000000,bid
82783.361480,0.000000,bid
86795.321480,0.023470,offer
86817.596840,0.248237,offer
86817.606820,0.352218,offer
86817.616800,0.000000,offer
86879.183420,0.635074,offer
86879.193400,0.000000,offer
86761.289680,0.000000,bid
86753.395500,0.034517,bid
86789.892360,0.034517,offer
86879.173440,0.635074,offer
86879.183420,0.000000,offer
91520.352480,0.000000,offer
86767.866500,0.034077,bid
86777.896400,1.158839,bid
86879.153480,0.635074,offer
86879.173440,0.000000,offer
86881.129520,0.432195,offer
86881.139500,0.000000,offer
86686.599360,0.000000,bid
86659.952760,0.000000,bid
86654.882920,0.000000,bid
86789.892360,0.000000,offer
86817.586860,0.248237,offer
86817.596840,0.352218,offer
86817.606820,0.000000,offer
75930.664340,0.005887,bid
86879.143500,0.635075,offer
86879.153480,0.000000,offer
87617.404020,0.002470,offer
87786.654840,0.000000,offer
87841.714500,0.002400,offer
87841.854220,0.000000,offer
86767.127980,0.000000,bid
86765.191860,0.028756,bid
86765.052140,0.000000,bid
86759.143980,0.115031,bid
86734.683000,0.048472,bid
86733.804760,0.000000,bid
86730.850680,0.000000,bid
86699.343820,0.000000,bid
86793.734660,0.000000,offer
86825.251500,0.060000,offer
86825.261480,0.000000,offer
86767.177880,0.028755,bid
86765.471300,0.115023,bid
86765.191860,0.000000,bid
86759.143980,0.000000,bid
86738.485380,0.151463,bid
86737.437480,0.149101,bid
86698.764980,0.000000,bid
86877.147500,0.685366,offer
86879.113560,0.635075,offer
86879.143500,0.000000,offer
86682.936700,0.000000,bid
86681.040500,0.088556,bid
86789.892360,0.034517,offer
86879.103580,0.635075,offer
86879.113560,0.000000,offer
86881.119540,0.432195,offer
86881.129520,0.000000,offer
86739.762820,0.904376,bid
86712.776900,2.515127,bid
86709.403660,1.605233,bid
86777.906380,0.159559,offer
86798.075960,0.889719,offer
86828.455080,1.607593,offer
86747.796720,0.307277,bid
86746.150020,0.000000,bid
83292.890380,0.016775,bid
86789.892360,0.000000,offer
86817.586860,0.352218,offer
86817.596840,0.000000,offer
86879.093600,0.635075,offer
86879.103580,0.000000,offer
86755.142000,0.772932,bid
86755.022240,1.150366,bid
86690.850840,0.000000,bid
86682.936700,0.000000,bid
86681.040500,0.000000,bid
86681.040500,0.088557,bid
86777.906380,0.159012,offer
86879.063660,0.635075,offer
86879.093600,0.000000,offer
86777.906380,0.158472,offer
84231.509380,0.000000,bid
83733.477440,0.000000,bid
83730.643120,0.000000,bid
86817.576880,0.352218,offer
86817.586860,0.000000,offer
86879.053680,0.635075,offer
86879.063660,0.000000,offer
86881.109560,0.432195,offer
86881.119540,0.000000,offer
86789.902340,0.034517,offer
86768.106020,0.000125,bid
86768.096040,0.028755,bid
86767.876480,0.000000,bid
86767.177880,0.000000,bid
81895.420920,0.000000,bid
86796.289540,1.526394,offer
86879.043700,0.635075,offer
86879.053680,0.000000,offer
86804.503080,0.000000,offer
86777.906380,0.158415,offer
86817.566900,0.352219,offer
86817.576880,0.000000,offer
86879.013760,0.640111,offer
86879.043700,0.000000,offer
86814.562920,0.000166,offer
86821.379260,0.000000,offer
75930.664340,0.000654,bid
86879.003780,0.640111,offer
86879.013760,0.000000,offer
86881.099580,0.432195,offer
86881.109560,0.000000,offer
86765.062120,0.145910,bid
86764.533180,0.115024,bid
86763.525200,0.000000,bid
86761.279700,0.000000,bid
86760.770720,0.005482,bid
86777.906380,0.103205,offer
86544.374380,0.006004,bid
86777.906380,0.102905,offer
86878.993800,0.640111,offer
86879.003780,0.000000,offer
86777.896400,1.158859,bid
86768.106020,0.000000,bid
86768.096040,0.000000,bid
86767.876480,0.000125,bid
86767.038160,0.028755,bid
86764.533180,0.000000,bid
86760.980300,0.115029,bid
86760.990280,0.005482,bid
86760.770720,0.000000,bid
78100.106760,0.000256,bid
86817.556920,0.352219,offer
86817.566900,0.000000,offer
86878.963860,0.640111,offer
86878.993800,0.000000,offer
39923.992000,0.002117,bid
86682.936700,0.088556,bid
86681.040500,0.000000,bid
84288.555060,0.000000,bid
86777.906380,0.097415,offer
86778.585020,0.000000,offer
86878.953880,0.640111,offer
86878.963860,0.000000,offer
86753.395500,0.000000,bid
86777.906380,0.097289,offer
86778.585020,0.000000,offer
86789.902340,0.000000,offer
87849.458980,0.000033,offer
87874.229340,0.000000,offer
86777.906380,0.083578,offer
86767.038160,0.000000,bid
86763.205840,0.000000,bid
86760.980300,0.000000,bid
86759.124020,0.000000,bid
86749.323660,0.034517,bid
86712.447560,0.000000,bid
83904.095520,0.000000,bid
83552.260600,0.000000,bid
83131.813180,0.000000,bid
82327.814400,0.000000,bid
86778.595000,0.000000,offer
86785.830500,0.034517,offer
86770.750720,0.000000,bid
86770.740740,0.000000,bid
86767.996240,0.000125,bid
86767.986260,0.000000,bid
86767.876480,0.280734,bid
86767.826580,0.005207,bid
86766.818600,0.000000,bid
86765.062120,0.409077,bid
86763.704840,0.115025,bid
86761.599060,0.575139,bid
86760.990280,0.000000,bid
86760.770720,0.005482,bid
86760.760740,0.000000,bid
86760.381500,0.228326,bid
86760.371520,0.474673,bid
86755.151980,0.000000,bid
86723.225960,2.876968,bid
86723.126160,0.367173,bid
86722.936540,0.867387,bid
86721.689040,0.022896,bid
86721.379660,0.000000,bid
86720.830760,0.530182,bid
86720.661100,0.000000,bid
86718.505420,0.000000,bid
86712.776900,0.737483,bid
86690.082380,1.129810,bid
86690.072400,1.242304,bid
86689.393760,0.000000,bid
86783.275620,0.000000,offer
86783.285600,0.076961,offer
86783.295580,0.000000,offer
86784.123920,0.000000,offer
86785.341480,0.000000,offer
86785.820520,0.050000,offer
86786.768620,0.013647,offer
86787.257640,0.174360,offer
86787.676800,0.000000,offer
86789.393360,0.000000,offer
86789.682780,0.000000,offer
86791.040060,0.172483,offer
86791.289560,1.219682,offer
86793.175780,0.000000,offer
86793.704720,0.000000,offer
86793.964200,0.000000,offer
86794.044040,0.050000,offer
86795.191740,0.114814,offer
86795.201720,0.000000,offer
86796.279560,0.000000,offer
86805.141800,1.149701,offer
86814.562920,0.000000,offer
86817.556920,0.000000,offer
86819.093840,0.000166,offer
86820.241540,0.352208,offer
86834.473020,0.000000,offer
86838.465020,0.273854,offer
86767.996240,0.000000,bid
86767.886460,0.000125,bid
86492.398540,0.066645,bid
86791.030080,0.114814,offer
86791.040060,0.000000,offer
86791.289560,0.695074,offer
86795.191740,0.000000,offer
87791.704720,0.022377,offer
86768.036160,0.000000,bid
86768.026180,0.000000,bid
86767.886460,0.000000,bid
86765.471300,0.000000,bid
86765.072100,0.005320,bid
86765.062120,0.133008,bid
86761.599060,0.000000,bid
86760.770720,0.000000,bid
86760.381500,0.000000,bid
86755.151980,0.228326,bid
86729.583220,0.140524,bid
86721.299820,0.000000,bid
86659.952760,0.090235,bid
86565.631780,0.061460,bid
86492.398540,0.000000,bid
86778.704780,0.172508,offer
86783.285600,0.200840,offer
86783.405360,0.172498,offer
86785.810540,0.011135,offer
86785.820520,0.000000,offer
86785.830500,0.000000,offer
86786.768620,0.000000,offer
86791.289560,1.491154,offer
86793.964200,1.149850,offer
86794.044040,0.050000,offer
86805.141800,0.000000,offer
86817.946140,0.352217,offer
86820.241540,0.000000,offer
86823.235540,0.140372,offer
86834.892180,0.273865,offer
86838.465020,0.000000,offer
86839.193560,0.000000,offer
86839.203540,0.000000,offer
86879.592600,0.000000,offer
86879.622540,0.050000,offer
86767.886460,0.000125,bid
86755.980320,0.228326,bid
86755.151980,0.000000,bid
86271.381460,0.000000,bid
86029.496200,0.056522,bid
86785.810540,0.000000,offer
86791.020100,0.015019,offer
86799.652800,0.058048,offer
86767.038160,0.028755,bid
86765.331580,0.115023,bid
86765.072100,0.000000,bid
86760.760740,0.005482,bid
86757.507260,0.228326,bid
86756.868540,0.000000,bid
86755.980320,0.000000,bid
86437.588380,0.062106,bid
86279.644900,0.056683,bid
86050.923260,0.047717,bid
86785.960240,0.172493,offer
75930.664340,0.005887,bid
86783.275620,0.005772,offer
86785.870420,0.034517,offer
86791.020100,0.000000,offer
86817.926180,0.248236,offer
86817.936160,0.352217,offer
86817.946140,0.000000,offer
86877.147500,0.916176,offer
86777.906380,0.083704,offer
86777.896400,1.156743,bid
84289.592980,0.011840,bid
78100.106760,0.000000,bid
86817.926180,0.352217,offer
86817.936160,0.000000,offer
86739.762820,0.000000,bid
86712.776900,0.000000,bid
86709.403660,0.000000,bid
86828.455080,0.000000,offer
86778.694800,0.008921,offer
86783.275620,0.000000,offer
86791.020100,0.015019,offer
86798.075960,0.000000,offer
86803.036020,0.008683,offer
86817.916200,0.352217,offer
86817.926180,0.000000,offer
86777.896400,1.156763,bid
83772.509220,0.014296,bid
82784.379440,0.019289,bid
86742.158020,0.908191,bid
86711.798860,1.622730,bid
86801.020060,0.910545,offer
86831.409160,1.671510,offer
86817.906220,0.379347,offer
86817.916200,0.000000,offer
87791.704720,0.021655,offer
75930.664340,0.000654,bid
86801.010080,0.758819,offer
86801.738620,0.000000,offer
86831.399180,1.350817,offer
86833.245480,0.000000,offer
86877.147500,0.230810,offer
84232.537320,0.011848,bid
83731.671060,0.014303,bid
86777.906380,0.083433,offer
86803.036020,0.000000,offer
91520.352480,0.001856,offer
86787.676800,0.172490,offer
86817.896240,0.379347,offer
86817.906220,0.000000,offer
86873.125560,0.042488,offer
86873.894020,0.000000,offer
86765.062120,0.195011,bid
86761.968320,0.115027,bid
86760.371520,0.907500,bid
86757.816640,0.228326,bid
86757.806660,0.575164,bid
86757.507260,0.000000,bid
86783.275620,0.005799,offer
86787.257640,0.575441,offer
86789.792560,0.574952,offer
86791.020100,0.000000,offer
86760.381500,0.228326,bid
86757.816640,0.000000,bid
86873.125560,0.000000,offer
86873.894020,0.042488,offer
86877.147500,0.000000,offer
87430.588400,0.000000,offer
87475.119160,0.496959,offer
86777.896400,1.156743,bid
86767.936360,0.000125,bid
86767.926380,0.028755,bid
86767.886460,0.000000,bid
86767.038160,0.000000,bid
86725.980440,2.585020,bid
86714.124200,0.445968,bid
86695.661200,0.000000,bid
81895.420920,0.001626,bid
86777.906380,0.083395,offer
86766.888460,0.115021,bid
86765.062120,0.133008,bid
86763.704840,0.000000,bid
86760.371520,0.474673,bid
86757.806660,0.000000,bid
86817.886260,0.379347,offer
86817.896240,0.000000,offer
86777.896400,1.155777,bid
86777.906380,0.083000,offer
86769.024180,0.000000,bid
86767.936360,0.000000,bid
86767.926380,0.000000,bid
86767.886460,0.000125,bid
86760.541180,0.966823,bid
86760.531200,0.575146,bid
86760.371520,0.000000,bid
86701.289920,0.000000,bid
86686.599360,0.207769,bid
86541.629880,0.000000,bid
82858.051800,0.019272,bid
86777.906380,0.079423,offer
86796.289540,1.068810,offer
86796.299520,0.000000,offer
86804.932220,0.000000,offer
86806.030020,0.040256,offer
86817.876280,0.379347,offer
86817.886260,0.000000,offer
86901.089520,0.000000,offer
86734.154060,0.248479,bid
86692.697140,0.000000,bid
83553.288540,0.015528,bid
82328.822380,0.021820,bid
75930.664340,0.005887,bid
86777.896400,1.155797,bid
86768.235760,0.028755,bid
86765.331580,0.000000,bid
86765.062120,0.195010,bid
86764.024200,0.115025,bid
86761.978300,0.005482,bid
86760.760740,0.228326,bid
86760.381500,0.000000,bid
86777.896400,0.055797,bid
86768.245740,0.000125,bid
86768.235760,0.000000,bid
86767.886460,0.000000,bid
86766.888460,0.000000,bid
86766.129980,0.028755,bid
86760.770720,0.005482,bid
86760.541180,0.484740,bid
86760.531200,0.000000,bid
86760.122020,0.115030,bid
86757.327620,0.037976,bid
86725.980440,0.119551,bid
86723.126160,0.000000,bid
86722.936540,0.000000,bid
86720.830760,0.000000,bid
86716.160120,0.351376,bid
86715.601240,0.867460,bid
86713.515420,0.530227,bid
86777.906380,0.088344,offer
86778.694800,0.000000,offer
86789.453240,0.038087,offer
86812.866320,0.379369,offer
86817.866300,0.000000,offer
86817.876280,0.000000,offer
86829.912160,0.273881,offer
86834.892180,0.000000,offer
86874.003800,0.486222,offer
86876.438920,0.432218,offer
86878.953880,0.000000,offer
86881.099580,0.000000,offer
86768.245740,0.000000,bid
86767.886460,0.000125,bid
86761.978300,0.000000,bid
86716.180080,0.351376,bid
86716.160120,0.000000,bid
86682.936700,0.000000,bid
86681.040500,0.088555,bid
86654.882920,0.063806,bid
86594.972980,0.000000,bid
86812.856340,0.379369,offer
86812.866320,0.000000,offer
86873.973860,0.486222,offer
86874.003800,0.000000,offer
86876.428940,0.432218,offer
86876.438920,0.000000,offer
86681.040500,0.000000,bid
86676.309980,0.088556,bid
86869.572680,0.042488,offer
86873.894020,0.000000,offer
86766.129980,0.000000,bid
86765.062120,0.133008,bid
86764.503240,0.028756,bid
86764.024200,0.000000,bid
86761.978300,0.005482,bid
86760.770720,0.228326,bid
86760.760740,0.750562,bid
86760.541180,0.000000,bid
86758.495280,0.115032,bid
86758.106060,0.575162,bid
86755.142000,0.070860,bid
86755.022240,0.000000,bid
86746.599120,1.150477,bid
86716.200040,0.351376,bid
86716.180080,0.000000,bid
83292.890380,0.000000,bid
86873.953900,0.640148,offer
86873.973860,0.000000,offer
86876.418960,0.432218,offer
86876.428940,0.000000,offer
86777.896400,0.055777,bid
86716.220000,0.351400,bid
86716.200040,0.000000,bid
86812.846360,0.379369,offer
86812.856340,0.000000,offer
86873.943920,0.640148,offer
86873.953900,0.000000,offer
86748.834640,1.100000,bid
86777.896400,0.054621,bid
86716.229980,0.351376,bid
86716.220000,0.000024,bid
86873.933940,0.640148,offer
86873.943920,0.000000,offer
86751.229840,1.623104,bid
86742.158020,0.000000,bid
86725.980440,1.844284,bid
86716.259920,0.351376,bid
86716.229980,0.000000,bid
86711.798860,0.000000,bid
86681.040500,0.566553,bid
75930.664340,0.003271,bid
86801.010080,0.000000,offer
86801.020060,0.000000,offer
86812.836380,0.379369,offer
86812.846360,0.000000,offer
86831.399180,0.000000,offer
86831.409160,0.000000,offer
86873.894020,0.640149,offer
86873.933940,0.000000,offer
86876.408980,1.064503,offer
86777.896400,0.054601,bid
75930.664340,0.000654,bid
86742.168000,0.922394,bid
86716.289860,0.351376,bid
86716.259920,0.000000,bid
86711.808840,1.664916,bid
86796.289540,1.551469,offer
86798.315480,0.913725,offer
86828.694600,1.667954,offer
86873.874060,0.640149,offer
86873.894020,0.000000,offer
86765.501240,0.028756,bid
86765.062120,0.198300,bid
86764.503240,0.000000,bid
86763.824600,0.115025,bid
86761.978300,0.000000,bid
86760.780700,0.005482,bid
86758.495280,0.000000,bid
86765.501240,0.000000,bid
86765.062120,0.133008,bid
86763.824600,0.000000,bid
86765.062120,0.076895,bid
86764.133980,0.000000,bid
86761.978300,0.005482,bid
86761.968320,0.000000,bid
86760.780700,0.000000,bid
86758.136000,0.115032,bid
86758.106060,0.000000,bid
86754.333620,0.575187,bid
86749.323660,0.000000,bid
86716.299840,0.351376,bid
86716.289860,0.000000,bid
86690.082380,0.000000,bid
86690.072400,0.000000,bid
86681.359860,1.242429,bid
86777.906380,0.206444,offer
86785.870420,0.000000,offer
86812.826400,0.379535,offer
86812.836380,0.000000,offer
86819.093840,0.000000,offer
86822.127760,0.043680,offer
86826.798400,0.000000,offer
86829.522940,0.273882,offer
86829.912160,0.000000,offer
86873.864080,0.640149,offer
86873.874060,0.000000,offer
86876.408980,1.496721,offer
86876.418960,0.000000,offer
86761.978300,0.000000,bid
86760.780700,0.005482,bid
86777.906380,0.394248,offer
86783.275620,0.000000,offer
86785.950260,0.014569,offer
86787.257640,0.894151,offer
86790.081980,0.591675,offer
86798.944220,0.000000,offer
86765.062120,0.133010,bid
86761.619020,0.000000,bid
86761.599060,0.115028,bid
86681.369840,1.242429,bid
86681.359860,0.000000,bid
86778.694800,0.103505,offer
86812.427200,0.379371,offer
86812.826400,0.000166,offer
86873.444920,0.640152,offer
86873.864080,0.000000,offer
86876.009780,0.432220,offer
86876.408980,1.064503,offer
86777.896400,0.054514,bid
86765.062120,0.076895,bid
86761.599060,0.000000,bid
86751.229840,0.000000,bid
86750.401500,0.000000,bid
86743.455420,1.150519,bid
86742.577180,0.120016,bid
86783.275620,0.011785,offer
86785.950260,0.000000,offer
86762.736780,0.028757,bid
86746.010300,0.034517,bid
86681.379820,1.242429,bid
86681.369840,0.000000,bid
86789.223700,0.034517,offer
86812.417220,0.891371,offer
86812.427200,0.000000,offer
86873.434940,0.640152,offer
86873.444920,0.000000,offer
86589.414120,1.897735,bid
86805.291500,0.036353,offer
86819.103820,0.000000,offer
86544.374380,0.000000,bid
86765.062120,0.150264,bid
86763.664920,0.028756,bid
86762.736780,0.000000,bid
86761.998260,0.005482,bid
86761.988280,0.115027,bid
86760.780700,0.000000,bid
86681.389800,1.242429,bid
86681.379820,0.000000,bid
86777.906380,0.393997,offer
86873.414980,0.640152,offer
86873.434940,0.000000,offer
86751.060180,1.150418,bid
86743.455420,0.000000,bid
86789.223700,0.000000,offer
86873.405000,0.640152,offer
86873.414980,0.000000,offer
75930.664340,0.005887,bid
86751.070160,1.730231,bid
86717.467500,1.715478,bid
86689.992560,0.384427,bid
86681.409760,1.242428,bid
86681.389800,0.000000,bid
86777.906380,0.393729,offer
86783.275620,0.000000,offer
86785.950260,0.014347,offer
86789.223700,0.034517,offer
86802.986120,0.207282,offer
86812.407240,0.379371,offer
86812.417220,0.512000,offer
86833.245480,0.347911,offer
86870.361100,1.127813,offer
86873.385040,0.640152,offer
86873.405000,0.000000,offer
83297.760620,0.016774,bid
86875.999800,0.432220,offer
86876.009780,0.000000,offer
86876.408980,0.000000,offer
86681.419740,1.242428,bid
86681.409760,0.000000,bid
86783.275620,0.010688,offer
86785.950260,0.000000,offer
86789.223700,0.000000,offer
86873.375060,0.640152,offer
86873.385040,0.000000,offer
86777.906380,0.275629,offer
86783.275620,0.000000,offer
86785.950260,0.014346,offer
86777.906380,0.393729,offer
86789.712720,0.153925,offer
86873.355100,0.640153,offer
86873.375060,0.000000,offer
86751.070160,0.000000,bid
86748.834640,0.000000,bid
86726.200000,0.005867,bid
86681.429720,1.242428,bid
86681.419740,0.000000,bid
86812.397260,0.379371,offer
86812.407240,0.000000,offer
86777.896400,0.054494,bid
86767.906420,0.000125,bid
86767.896440,0.020000,bid
86767.886460,0.002947,bid
86764.583080,0.028756,bid
86763.664920,0.000000,bid
86761.998260,0.000000,bid
84289.592980,0.000000,bid
84232.537320,0.000000,bid
83772.509220,0.000000,bid
83731.671060,0.000000,bid
82784.379440,0.000000,bid
86783.275620,0.011356,offer
86785.950260,0.000000,offer
86789.223700,0.034517,offer
86873.345120,0.640153,offer
86873.355100,0.000000,offer
86777.896400,0.054240,bid
86767.916400,0.000125,bid
86767.906420,0.002988,bid
86767.896440,0.000000,bid
86767.886460,0.000000,bid
86756.718840,0.575172,bid
86754.333620,0.000000,bid
86746.010300,0.000000,bid
87801.105880,0.000706,offer
87841.714500,0.000000,offer
86767.916400,0.000000,bid
86767.906420,0.000000,bid
86767.876480,0.000125,bid
86767.846540,0.000000,bid
86767.666900,0.000000,bid
86767.597040,0.000000,bid
86767.457320,0.000000,bid
86764.583080,0.000000,bid
86763.335580,0.028756,bid
86760.780700,0.005482,bid
86681.439700,1.242428,bid
86681.429720,0.000000,bid
86613.066720,0.000000,bid
86308.127820,0.050000,bid
86219.864700,0.050000,bid
86777.906380,0.321839,offer
86783.275620,0.000000,offer
86785.950260,0.014690,offer
86812.387280,0.379371,offer
86812.397260,0.000000,offer
86873.325160,0.640153,offer
86873.345120,0.000000,offer
86875.989820,0.432220,offer
86875.999800,0.000000,offer
86767.886460,0.000125,bid
86767.876480,0.092612,bid
86764.243760,0.000000,bid
86763.335580,0.000000,bid
86761.998260,0.005482,bid
86760.780700,0.000000,bid
86681.449680,1.242428,bid
86681.439700,0.000000,bid
86653.695300,0.050000,bid
86308.127820,0.000000,bid
86778.694800,0.103505,offer
86783.275620,0.013406,offer
86785.950260,0.000000,offer
86789.712720,0.000000,offer
86873.305200,0.640153,offer
86873.325160,0.000000,offer
87818.131760,0.000000,offer
86765.062120,0.076895,bid
86761.988280,0.000000,bid
86756.718840,0.000000,bid
87849.458980,0.000000,offer
87870.456900,0.000000,offer
87887.822100,0.000170,offer
86765.062120,0.076895,bid
86763.415420,0.000000,bid
86761.998260,0.000000,bid
86761.728800,0.000000,bid
86760.780700,0.005482,bid
86760.122020,0.000000,bid
86756.808660,0.115034,bid
86751.060180,0.000000,bid
86742.896540,1.150526,bid
86717.477480,0.000000,bid
86714.134180,0.143769,bid
86219.864700,0.000000,bid
86778.684820,0.079645,offer
86777.896400,0.000000,bid
86767.876480,0.000000,bid
86767.826580,0.000000,bid
86767.607020,0.000000,bid
86767.357520,0.002453,bid
86765.910420,0.000000,bid
86765.062120,0.000000,bid
86763.515220,0.004575,bid
86762.746760,0.000000,bid
86760.770720,0.000000,bid
86760.760740,0.000000,bid
86760.361540,0.000000,bid
86760.181900,0.000000,bid
86758.275720,0.023003,bid
86758.145980,0.003451,bid
86758.136000,0.000000,bid
86757.497280,0.000000,bid
86756.808660,0.000000,bid
86755.970340,0.000000,bid
86755.151980,0.228326,bid
86747.597120,0.000000,bid
86746.599120,0.000000,bid
86743.365600,0.000000,bid
86742.896540,0.000000,bid
86742.577180,0.120000,bid
86742.168000,0.000000,bid
86740.920500,0.000000,bid
86711.808840,0.000000,bid
86681.459660,1.242428,bid
86681.449680,0.000000,bid
86308.127820,0.050000,bid
86774.363480,0.274430,offer
86774.662880,0.039828,offer
86774.672860,0.031411,offer
86774.692820,0.000751,offer
86774.702800,0.138100,offer
86776.489220,0.044991,offer
86776.509180,0.172512,offer
86776.529140,0.000795,offer
86776.539120,0.056310,offer
86776.549100,0.053954,offer
86776.569060,0.000892,offer
86776.579040,0.020000,offer
86776.589020,0.118100,offer
86777.816560,0.034101,offer
86777.836520,0.000000,offer
86777.886420,0.000000,offer
86777.896400,0.515917,offer
86777.906380,0.196879,offer
86778.674840,0.047787,offer
86778.694800,0.000000,offer
86778.704780,0.000000,offer
86781.109960,0.575010,offer
86783.275620,0.000000,offer
86783.285600,0.048063,offer
86783.405360,0.000000,offer
86785.960240,0.000000,offer
86786.050060,1.149954,offer
86787.257640,0.538326,offer
86787.676800,0.000000,offer
86789.782580,0.114814,offer
86789.792560,0.000000,offer
86791.030080,0.000000,offer
86793.714700,0.000000,offer
86795.271580,0.227337,offer
86796.289540,0.482659,offer
86799.004100,0.000000,offer
86799.413280,2.874443,offer
86803.036020,0.008831,offer
86804.343400,0.803244,offer
86806.030020,0.000000,offer
86808.365340,0.000000,offer
86808.554960,0.000000,offer
86811.728600,0.379374,offer
86812.387280,0.000000,offer
86828.894200,0.266834,offer
86829.522940,0.000000,offer
86831.309360,0.031629,offer
86836.758440,2.873207,offer
86844.193540,0.000000,offer
86856.888100,0.082405,offer
86857.147580,0.000000,offer
86873.295220,0.640153,offer
86873.305200,0.000000,offer
86875.341120,0.432224,offer
86875.989820,0.000000,offer
86767.886460,0.000000,bid
86767.876480,0.000125,bid
86760.780700,0.000000,bid
86758.275720,0.000000,bid
86757.327620,0.000000,bid
86756.858560,0.000000,bid
86755.151980,0.000000,bid
86754.513260,0.037664,bid
86750.441420,0.005482,bid
86748.555200,0.228326,bid
86745.341640,0.000000,bid
86745.052220,0.000000,bid
86744.902520,0.000000,bid
86743.405520,0.115052,bid
86742.577180,0.000000,bid
86742.567200,0.030524,bid
86734.463440,0.000000,bid
86726.200000,0.011619,bid
86723.964480,0.000000,bid
86719.473480,0.023495,bid
86717.467500,0.497617,bid
86716.299840,0.000000,bid
86715.601240,0.000000,bid
86714.134180,0.000000,bid
86713.515420,0.000000,bid
86713.465520,0.351387,bid
86712.058340,0.867495,bid
86710.461540,0.544417,bid
86707.257960,0.143780,bid
86699.134240,0.000000,bid
86681.958660,2.878338,bid
86218.786860,0.000000,bid
86215.992460,0.002876,bid
86768.465300,0.036397,offer
86768.495240,0.045864,offer
86768.525180,0.000510,offer
86768.535160,0.118100,offer
86768.545140,0.039379,offer
86768.615000,0.000956,offer
86768.624980,0.043979,offer
86768.684860,0.000717,offer
86768.694840,0.043034,offer
86768.734760,0.000769,offer
86768.744740,0.000000,offer
86768.754720,0.061465,offer
86768.774680,0.000000,offer
86768.784660,0.000000,offer
86769.054120,0.000000,offer
86769.064100,0.025354,offer
86769.104020,0.000000,offer
86769.143940,0.000000,offer
86769.153920,0.000000,offer
86771.628960,0.000125,offer
86771.638940,0.000000,offer
86771.648920,0.000000,offer
86771.658900,0.000000,offer
86771.698820,0.051592,offer
86771.708800,0.003603,offer
86771.718780,0.118100,offer
86771.728760,0.000000,offer
86772.597020,0.000000,offer
86772.626960,0.000000,offer
86772.646920,0.003603,offer
86772.666880,0.000000,offer
86772.676860,0.079645,offer
86774.283640,0.000000,offer
86774.323560,0.000000,offer
86774.353500,0.406878,offer
86774.662880,0.000000,offer
86774.672860,0.000000,offer
86774.692820,0.000000,offer
86774.702800,0.000000,offer
86776.489220,0.000000,offer
86776.499200,0.000000,offer
86776.529140,0.000000,offer
86776.539120,0.000000,offer
86776.549100,0.000000,offer
86776.569060,0.000000,offer
86776.579040,0.000000,offer
86776.589020,0.000000,offer
86777.816560,0.000000,offer
86777.896400,0.020000,offer
86778.674840,0.386820,offer
86783.285600,0.732028,offer
86789.213720,0.000000,offer
86789.453240,0.038930,offer
86789.712720,0.148405,offer
86789.782580,0.000000,offer
86791.588960,0.000000,offer
86792.776580,0.000000,offer
86794.044040,0.000000,offer
86796.119880,0.000000,offer
86801.439220,0.031629,offer
86802.976140,0.040257,offer
86804.333420,0.000166,offer
86804.343400,0.000000,offer
86805.291500,0.000000,offer
86806.249580,0.022686,offer
86810.740580,0.000000,offer
86812.826400,0.000000,offer
86818.215600,0.000000,offer
86831.309360,0.000000,offer
86879.622540,0.050000,offer
87227.884620,0.000000,offer
86767.876480,0.000000,bid
86767.866500,1.134078,bid
86761.818620,0.000000,bid
86760.760740,0.000125,bid
86758.145980,0.000000,bid
86755.142000,0.000000,bid
86754.832620,0.000000,bid
86754.513260,0.000000,bid
86751.519260,0.004013,bid
86751.509280,0.003451,bid
86750.441420,0.379980,bid
86748.555200,0.000000,bid
86747.796720,0.568298,bid
86746.948420,0.000000,bid
86744.682960,0.534936,bid
86744.333660,0.034518,bid
86743.415500,0.204320,bid
86743.405520,0.000000,bid
86741.958420,0.050000,bid
86726.200000,0.005867,bid
86708.854760,0.005752,bid
86707.257960,0.000000,bid
86703.415660,0.000000,bid
86699.363780,0.143793,bid
86681.459660,0.000000,bid
86676.589420,1.242498,bid
86569.543940,0.000000,bid
86554.124840,5.751727,bid
86308.127820,0.000000,bid
86215.992460,0.000000,bid
86767.876480,0.278171,offer
86767.926380,0.045966,offer
86767.996240,0.016331,offer
86768.006220,0.000861,offer
86768.016200,0.000801,offer
86768.026180,0.033737,offer
86768.056120,0.017659,offer
86768.096040,0.000000,offer
86768.106020,0.028221,offer
86768.116000,0.041153,offer
86768.125980,0.021054,offer
86768.145940,0.000000,offer
86768.155920,0.030805,offer
86768.225780,0.000000,offer
86768.235760,0.000000,offer
86768.245740,0.172529,offer
86768.455320,0.000000,offer
86768.485260,0.000000,offer
86768.495240,0.000000,offer
86768.505220,0.000000,offer
86768.525180,0.000000,offer
86768.535160,0.000000,offer
86768.545140,0.000000,offer
86768.615000,0.000000,offer
86768.624980,0.000000,offer
86768.684860,0.000000,offer
86768.694840,0.000000,offer
86768.734760,0.000000,offer
86768.754720,0.000000,offer
86769.064100,0.000000,offer
86771.628960,0.000000,offer
86771.698820,0.000000,offer
86771.708800,0.000000,offer
86771.718780,0.000000,offer
86772.636940,0.172520,offer
86772.646920,0.000000,offer
86774.343520,0.000000,offer
86774.353500,0.000000,offer
86774.363480,0.000000,offer
86776.499200,0.000000,offer
86776.828540,0.036353,offer
86777.906380,0.118199,offer
86779.403380,0.508655,offer
86787.257640,0.000000,offer
86789.223700,0.000000,offer
86790.081980,0.000000,offer
86794.044040,0.000000,offer
86807.367340,0.379393,offer
86811.728600,0.000000,offer
86824.532940,0.266847,offer
86828.894200,0.000000,offer
86866.219400,0.042488,offer
86868.405020,0.640189,offer
86869.572680,0.000000,offer
86870.361100,0.000000,offer
86870.979860,0.432245,offer
86873.295220,0.000000,offer
86875.341120,0.000000,offer
87227.884620,0.000000,offer
86760.760740,0.177931,bid
86759.193880,0.003451,bid
86759.183900,0.118100,bid
86751.529240,0.000125,bid
86751.509280,0.000000,bid
86743.415500,0.292780,bid
86741.998340,0.140000,bid
86740.880580,0.120000,bid
86713.465520,0.000000,bid
86710.152160,0.351401,bid
86676.309980,0.000000,bid
86669.673280,0.088572,bid
86651.898900,0.577269,bid
86589.414120,0.000000,bid
86586.689580,1.897966,bid
75930.664340,0.000000,bid
86767.876480,0.105206,offer
86767.926380,0.000000,offer
86767.996240,0.000000,offer
86768.006220,0.000000,offer
86768.016200,0.000000,offer
86768.026180,0.000000,offer
86768.056120,0.000000,offer
86768.106020,0.004768,offer
86768.116000,0.000000,offer
86768.125980,0.000000,offer
86768.155920,0.000000,offer
86768.465300,0.000000,offer
86776.828540,0.000000,offer
86781.459260,0.031964,offer
86788.125900,0.140000,offer
86801.439220,0.000000,offer
86810.391280,0.000000,offer
87195.399720,0.055036,offer
86767.866500,1.100000,bid
86763.525200,0.034077,bid
86760.760740,0.107071,bid
86759.193880,0.000000,bid
86759.183900,0.000000,bid
86751.539220,0.003451,bid
86742.796740,0.000000,bid
86740.880580,0.000000,bid
86737.008340,0.000000,bid
86734.683000,0.191501,bid
86681.968640,2.520216,bid
86681.040500,0.000000,bid
75922.450800,0.006541,bid
86768.235760,0.254816,offer
86774.722760,0.290150,offer
86774.732740,0.172516,offer
86776.499200,0.000000,offer
86778.674840,0.740812,offer
86781.698780,0.120000,offer
86786.559040,0.034077,offer
86788.115920,0.289083,offer
86790.281580,0.036353,offer
86796.289540,2.295184,offer
86823.225560,0.304332,offer
86824.443120,0.266847,offer
86824.532940,0.000000,offer
86825.251500,0.000000,offer
86877.147500,3.265445,offer
87081.228520,0.048163,offer
86751.549200,0.000125,bid
86751.529240,0.000000,bid
86751.519260,0.000000,bid
86750.451400,0.005482,bid
86744.692940,0.228326,bid
86744.333660,0.000000,bid
86743.934460,0.123735,bid
86741.389560,0.115055,bid
86733.944480,0.918888,bid
86710.162140,0.351401,bid
86710.152160,0.000000,bid
86703.585320,1.666112,bid
86213.926600,0.002876,bid
86767.876480,0.159883,offer
86786.040080,0.114814,offer
86811.578900,0.140391,offer
86823.225560,0.000000,offer
86823.235540,0.000000,offer
86846.289340,0.280670,offer
86760.760740,0.000000,bid
86759.183900,0.000000,bid
86751.559180,0.003451,bid
86751.539220,0.000000,bid
86748.265780,0.000000,bid
86747.098120,0.000000,bid
86743.934460,0.008684,bid
86743.415500,0.270320,bid
86743.245840,0.000000,bid
86741.998340,0.060000,bid
86741.958420,0.000000,bid
86741.389560,0.000000,bid
86734.683000,0.724955,bid
86725.980440,0.119551,bid
86723.225960,0.000000,bid
86714.862720,2.877246,bid
86658.485700,0.000000,bid
86653.695300,0.000000,bid
86783.475220,0.038930,offer
86788.066020,0.050000,offer
86789.453240,0.000000,offer
86751.569160,0.000125,bid
86751.549200,0.000000,bid
86751.509280,0.000000,bid
86750.441420,0.190101,bid
86748.545220,0.000000,bid
86747.806700,0.005482,bid
86742.696940,0.028763,bid
86741.998340,0.000000,bid
86737.906540,0.115059,bid
86734.892580,0.040000,bid
86732.896580,0.080000,bid
86714.862720,0.000000,bid
86699.353800,1.374335,bid
86699.114280,0.000000,bid
86693.365800,2.877959,bid
86681.968640,0.000000,bid
86681.958660,0.000000,bid
86669.663300,0.000000,bid
86641.000740,5.759397,bid
86213.926600,0.000000,bid
75922.450800,0.000000,bid
86767.876480,0.501483,offer
86768.106020,0.000000,offer
86777.896400,0.035019,offer
86783.475220,0.000000,offer
86788.115920,0.193725,offer
86788.125900,0.000000,offer
86751.509280,0.237888,bid
86750.451400,0.000000,bid
86750.441420,0.000000,bid
86744.692940,0.000000,bid
86742.696940,0.000000,bid
86741.738860,0.028764,bid
86738.485380,0.277276,bid
86737.906540,0.000000,bid
86735.441480,0.228326,bid
86734.892580,0.000000,bid
86732.896580,0.000000,bid
86729.593200,0.135621,bid
86727.926540,0.000000,bid
86710.172120,0.351400,bid
86710.162140,0.000000,bid
86211.950560,0.002876,bid
86791.289560,0.695074,offer
86792.467200,0.000000,offer
86803.185720,0.023632,offer
86817.956120,0.000000,offer
86745.211900,0.028762,bid
86743.535260,0.115052,bid
86743.415500,0.186005,bid
86742.567200,0.000000,bid
86741.738860,0.000000,bid
86737.447460,0.228326,bid
86736.010340,0.080000,bid
86735.441480,0.000000,bid
86723.645120,0.282321,bid
84290.351460,0.011840,bid
86767.876480,0.501316,offer
86763.525200,0.000000,bid
86760.750760,0.000000,bid
86751.519260,0.004839,bid
86751.509280,0.347022,bid
86751.389520,0.175000,bid
86750.820660,0.056450,bid
86747.806700,0.000000,bid
86745.211900,0.000000,bid
86740.012320,0.228326,bid
86740.002340,0.020000,bid
86738.904540,0.040000,bid
86738.495360,0.000000,bid
86737.447460,0.000000,bid
86710.192080,0.351400,bid
86710.172120,0.000000,bid
86786.129900,0.140000,offer
86751.599100,0.000125,bid
86751.589120,0.005482,bid
86751.579140,0.034077,bid
86751.569160,0.000000,bid
86751.519260,0.000000,bid
86748.475360,0.028761,bid
86744.692940,0.228326,bid
86743.415500,0.186005,bid
86740.940460,0.000000,bid
86740.012320,0.000000,bid
86735.890580,0.120000,bid
86734.223920,1.150641,bid
86733.994380,0.030524,bid
86767.876480,0.383216,offer
86767.866500,1.196485,bid
86759.193880,0.108389,bid
86759.183900,0.118100,bid
86751.599100,0.000000,bid
86751.579140,0.000000,bid
86751.559180,0.000000,bid
86751.519260,0.000125,bid
86749.862580,0.000000,bid
86748.475360,0.000000,bid
86748.185940,0.115046,bid
86710.202060,0.351400,bid
86710.192080,0.000000,bid
86759.203860,0.000000,bid
86759.193880,0.000000,bid
86759.183900,0.000000,bid
86751.599100,0.000125,bid
86751.519260,0.000000,bid
86738.804740,0.034520,bid
86736.010340,0.000000,bid
86733.944480,0.000000,bid
86646.350020,0.050000,bid
83773.257720,0.014296,bid
82858.051800,0.000000,bid
82785.127940,0.019288,bid
86777.896400,0.015019,offer
86767.866500,1.214032,bid
86759.183900,0.118100,bid
86751.629040,0.000125,bid
86751.619060,0.000000,bid
86751.609080,0.000000,bid
86751.599100,0.000000,bid
86751.589120,0.000000,bid
86751.519260,0.005482,bid
86750.491320,0.028761,bid
86703.585320,0.000000,bid
83553.288540,0.000000,bid
82328.822380,0.000000,bid
86798.315480,0.000000,offer
86828.694600,0.000000,offer
86759.193880,0.108389,bid
86751.629040,0.000000,bid
86751.529240,0.000125,bid
86710.212040,0.351400,bid
86710.202060,0.000000,bid
86748.924460,0.037664,bid
86738.904540,0.120000,bid
86738.804740,0.000000,bid
86657.347980,0.018661,bid
86767.876480,0.383159,offer
86782.107960,0.038930,offer
86727.357680,0.882098,bid
86710.241980,0.351400,bid
86710.212040,0.000000,bid
86697.008500,1.583571,bid
86784.712740,0.114814,offer
86784.722720,0.916044,offer
86786.040080,0.000000,offer
86815.091860,1.650513,offer
86759.203860,0.000000,bid
86759.193880,0.000000,bid
86759.183900,0.000000,bid
86751.569160,0.000125,bid
86751.559180,0.034077,bid
86751.549200,0.005482,bid
86751.539220,0.003451,bid
86751.529240,0.000000,bid
86751.519260,0.000000,bid
86750.491320,0.000000,bid
86748.185940,0.000000,bid
86747.796720,0.790016,bid
86746.160000,0.000000,bid
86745.800720,0.115049,bid
86743.415500,0.312820,bid
86742.277780,0.115053,bid
86740.162020,0.000000,bid
86738.146060,0.575295,bid
86767.876480,0.383159,offer
86750.690920,0.028761,bid
86743.535260,0.000000,bid
86743.415500,0.186005,bid
86742.277780,0.000000,bid
86738.146060,0.000000,bid
86767.866500,1.214043,bid
86759.193880,0.108389,bid
86759.183900,0.118100,bid
86751.569160,0.000000,bid
86751.559180,0.000125,bid
86751.539220,0.000000,bid
86751.519260,0.005482,bid
86750.690920,0.000000,bid
86710.251960,0.351400,bid
86710.241980,0.000000,bid
86767.876480,0.383079,offer
86783.285600,1.369494,offer
86825.421160,0.031629,offer
86751.559180,0.000000,bid
86751.549200,0.000000,bid
86751.529240,0.000125,bid
86751.389520,0.000000,bid
86802.497100,0.043690,offer
86822.127760,0.000000,offer
86738.485380,0.311796,bid
86710.261940,0.351400,bid
86710.251960,0.000000,bid
86752.287720,0.000000,bid
86752.277740,0.000000,bid
86750.601100,0.000000,bid
86747.257800,0.000000,bid
86743.415500,0.865099,bid
86739.323700,1.150574,bid
86738.904540,0.040000,bid
86586.689580,0.000000,bid
86759.213840,0.000000,bid
86759.203860,0.000000,bid
86759.193880,0.000000,bid
86759.183900,0.000000,bid
86751.549200,0.005608,bid
86751.539220,0.037529,bid
86751.529240,0.000000,bid
86751.519260,0.000000,bid
86750.910480,0.000000,bid
86745.800720,0.000000,bid
86744.912500,0.115050,bid
86743.415500,0.186005,bid
86739.323700,0.000000,bid
86738.485380,0.194840,bid
86735.890580,0.000000,bid
86729.593200,0.647928,bid
86728.994400,1.150711,bid
86710.281900,0.351400,bid
86710.261940,0.000000,bid
86699.353800,2.735215,bid
86669.683260,0.000000,bid
86669.673280,0.000000,bid
86667.327980,0.088575,bid
86641.010720,3.549204,bid
75921.891920,0.003925,bid
86782.846480,0.114814,offer
86782.856460,2.060997,offer
86782.866440,1.000000,offer
86783.285600,0.000000,offer
86784.712740,0.000000,offer
86786.559040,0.000000,offer
86806.529020,0.718108,offer
86835.231500,2.058189,offer
86877.147500,1.325958,offer
86751.559180,0.000125,bid
86751.549200,0.005482,bid
86748.684940,0.028761,bid
86759.193880,0.108389,bid
86759.183900,0.118100,bid
86751.539220,0.000000,bid
86748.684940,0.000000,bid
86746.998320,0.115047,bid
86739.303740,0.080000,bid
86710.291880,0.351400,bid
86710.281900,0.000000,bid
86767.876480,0.377194,offer
86759.203860,0.000000,bid
86759.193880,0.108389,bid
86759.183900,0.118100,bid
86751.559180,0.000000,bid
86751.549200,0.000000,bid
86751.539220,0.000000,bid
86751.529240,0.000125,bid
86751.519260,0.005482,bid
86750.042220,0.000000,bid
86735.890580,0.120000,bid
86725.221960,2.876902,bid
86703.635220,2.877618,bid
86767.876480,0.377194,offer
86911.159340,0.000000,offer
87801.105880,0.000000,offer
86767.876480,0.377274,offer
86751.189920,0.028760,bid
86749.732840,0.115044,bid
86743.415500,0.567916,bid
86742.028280,0.575269,bid
86710.321820,0.351400,bid
86710.291880,0.000000,bid
86767.876480,0.376939,offer
86751.189920,0.000000,bid
86744.912500,0.000000,bid
86743.415500,0.186005,bid
86742.028280,0.000000,bid
86728.994400,0.000000,bid
86751.798700,0.000125,bid
86751.788720,0.028760,bid
86751.529240,0.000000,bid
86745.780760,0.115049,bid
86710.331800,0.351400,bid
86710.321820,0.000000,bid
86781.698780,0.154520,offer
86752.936420,0.028760,bid
86751.798700,0.000000,bid
86751.788720,0.000000,bid
86751.529240,0.000125,bid
86751.249800,0.115042,bid
86745.780760,0.000000,bid
86739.892560,1.150566,bid
86752.946400,0.017256,bid
86745.092140,0.228326,bid
86744.692940,0.000000,bid
86743.415500,0.913094,bid
86710.341780,0.351400,bid
86710.331800,0.000000,bid
86781.698780,0.120000,offer
86752.936420,0.000000,bid
86767.866500,0.114043,bid
86753.964360,0.000000,bid
86753.255780,0.000125,bid
86753.245800,0.069023,bid
86753.235820,0.115039,bid
86752.946400,0.000000,bid
86751.529240,0.000000,bid
86749.732840,0.000000,bid
86746.998320,0.000000,bid
86710.351760,0.351400,bid
86710.341780,0.000000,bid
84233.285820,0.011848,bid
83732.409580,0.014303,bid
86759.213840,0.000125,bid
86759.203860,0.079645,bid
86755.710860,0.000000,bid
86755.181920,0.152481,bid
86753.255780,0.005015,bid
86751.529240,0.228326,bid
86751.519260,0.103920,bid
86751.249800,0.000000,bid
86749.972360,0.037664,bid
86748.924460,0.000000,bid
86747.088140,0.023006,bid
86745.092140,0.000000,bid
86734.683000,0.000000,bid
86734.223920,0.000000,bid
86666.060520,5.757733,bid
86641.010720,0.000000,bid
86641.000740,0.000000,bid
86767.876480,0.278303,offer
86772.676860,0.000000,offer
86896.319080,7.580000,offer
86760.191880,0.000000,bid
86760.181900,0.000000,bid
86759.213840,0.000125,bid
86757.507260,0.115033,bid
86710.371720,0.351400,bid
86710.351760,0.000000,bid
86706.100280,0.143783,bid
86703.635220,0.000000,bid
86699.363780,0.000000,bid
86301.091920,0.000000,bid
86767.876480,0.037125,offer
86768.235760,0.000000,offer
86768.245740,0.000000,offer
86769.203820,0.000000,offer
86769.213800,0.000000,offer
86769.223780,0.000000,offer
86772.636940,0.000000,offer
86772.716780,0.190151,offer
86772.726760,0.172520,offer
86777.896400,0.000000,offer
86778.175840,0.000000,offer
86790.281580,0.000000,offer
86759.223820,0.000125,bid
86759.213840,0.210184,bid
86759.193880,0.037529,bid
86758.335600,0.028758,bid
86757.507260,0.000000,bid
86755.191900,0.163521,bid
86753.255780,0.000000,bid
86753.245800,0.000000,bid
86751.539220,0.005482,bid
86772.696820,0.008921,offer
86772.706800,0.162489,offer
86772.716780,0.079645,offer
86798.564980,0.036353,offer
86751.968360,0.115041,bid
86751.509280,0.596104,bid
86751.169960,0.575208,bid
86710.381700,0.351400,bid
86710.371720,0.000000,bid
86580.182620,1.897886,bid
86768.086060,0.008921,offer
86768.096040,0.172529,offer
86772.696820,0.000000,offer
86781.708760,0.034520,offer
86759.223820,0.000125,bid
86759.213840,0.141164,bid
86758.335600,0.000000,bid
86757.227820,0.028758,bid
86755.331620,0.115036,bid
86755.201880,0.004077,bid
86751.539220,0.000000,bid
86710.391680,0.351400,bid
86710.381700,0.000000,bid
86772.696820,0.006994,offer
86772.706800,0.155495,offer
86782.097980,0.114814,offer
86782.846480,0.000000,offer
75921.891920,0.002617,bid
86755.341600,0.004660,bid
86755.201880,0.000000,bid
86725.980440,2.000141,bid
86710.411640,0.351400,bid
86710.391680,0.000000,bid
86681.040500,0.793213,bid
86643.675380,0.444600,bid
86813.045960,1.299619,offer
86844.143640,0.210332,offer
86870.371080,0.000000,offer
86877.147500,0.000000,offer
86901.558580,0.828242,offer
87617.404020,0.000000,offer
86781.708760,0.000000,offer
86757.227820,0.000000,bid
86755.341600,0.000000,bid
86755.331620,0.000000,bid
86754.313660,0.028759,bid
86751.968360,0.000000,bid
86751.559180,0.005482,bid
86751.549200,0.228326,bid
86751.539220,0.493705,bid
86751.529240,0.000000,bid
86751.509280,0.000000,bid
86751.169960,0.000000,bid
86750.431440,0.277793,bid
86748.315680,0.115045,bid
86736.409540,1.150612,bid
86713.944560,2.877276,bid
86710.431600,0.351399,bid
86710.411640,0.000000,bid
83734.874640,0.014302,bid
86759.213840,0.070304,bid
86759.193880,0.034077,bid
86759.183900,0.000000,bid
86755.690900,0.000000,bid
86755.191900,0.091488,bid
86754.313660,0.000000,bid
86753.235820,0.000000,bid
86751.539220,0.000000,bid
86750.431440,0.162750,bid
86748.315680,0.000000,bid
86739.892560,0.000000,bid
86768.086060,0.259012,offer
86772.706800,0.006994,offer
86781.708760,0.034520,offer
86759.223820,0.000125,bid
86759.213840,0.070304,bid
86755.201880,0.003451,bid
86752.617060,0.028760,bid
86751.559180,0.568212,bid
86751.539220,0.000000,bid
86750.930440,0.115042,bid
86743.415500,0.186005,bid
86742.886560,0.575263,bid
86710.441580,0.351399,bid
86710.431600,0.000000,bid
86768.076080,0.008921,offer
86772.696820,0.000000,offer
86755.341600,0.028759,bid
86752.617060,0.000000,bid
86751.569160,0.233808,bid
86751.559180,0.562730,bid
86751.549200,0.000000,bid
86742.886560,0.000000,bid
86742.377580,1.150533,bid
86772.706800,0.000000,offer
86777.896400,0.015019,offer
86781.688800,0.114814,offer
86782.097980,0.000000,offer
86767.866500,0.096496,bid
86755.351580,0.020000,bid
86751.579140,0.005482,bid
86751.569160,0.228326,bid
86710.461540,0.895816,bid
86710.441580,0.000000,bid
86301.091920,0.050000,bid
83297.760620,0.000000,bid
86759.213840,0.130306,bid
86759.193880,0.037529,bid
86759.183900,0.118100,bid
86755.201880,0.000000,bid
86710.471520,0.351399,bid
86710.461540,0.544417,bid
86301.091920,0.000000,bid
86767.876480,0.086389,offer
86767.866500,1.196496,bid
86755.341600,0.000000,bid
86756.918440,0.028759,bid
86755.241800,0.160510,bid
86755.231820,0.115036,bid
86755.191900,0.000000,bid
86710.491480,0.351399,bid
86710.471520,0.000000,bid
87793.052020,0.021655,offer
86759.223820,0.000125,bid
86759.213840,0.211152,bid
86758.295680,0.028758,bid
86756.918440,0.000000,bid
86756.619040,0.115034,bid
86755.241800,0.091488,bid
86755.231820,0.000000,bid
86767.876480,0.033390,offer
86710.611240,0.351399,bid
86710.491480,0.000000,bid
86863.195460,0.042488,offer
86866.219400,0.000000,offer
86758.295680,0.000000,bid
86757.447380,0.028758,bid
86755.241800,0.149075,bid
86753.654980,0.115038,bid
86750.281740,0.575214,bid
86777.896400,0.000000,offer
86778.664860,0.015019,offer
86767.866500,1.212842,bid
86710.631200,0.351399,bid
86710.611240,0.000000,bid
86781.708760,0.000000,offer
86738.485380,0.160321,bid
86729.593200,0.135621,bid
86727.357680,0.000000,bid
86699.353800,1.374335,bid
86697.008500,0.000000,bid
75921.891920,0.003925,bid
86772.716780,0.000000,offer
86782.856460,1.422036,offer
86784.722720,0.000000,offer
86813.045960,0.383566,offer
86815.091860,0.000000,offer
86825.421160,0.000000,offer
86833.445080,0.031629,offer
86759.223820,0.000125,bid
86759.213840,0.141164,bid
86757.447380,0.000000,bid
86756.619040,0.000000,bid
86755.970340,0.028759,bid
86749.972360,0.152708,bid
86738.485380,0.902648,bid
86712.068320,1.109225,bid
86710.641180,0.351399,bid
86710.631200,0.000000,bid
86686.599360,0.450432,bid
86546.929260,0.006004,bid
83554.037040,0.015528,bid
82329.570880,0.021820,bid
86824.433140,0.220108,offer
86877.147500,0.879932,offer
86759.213840,0.209795,bid
86756.918440,0.028759,bid
86756.549180,0.115035,bid
86755.970340,0.000000,bid
86749.972360,0.037664,bid
86758.245780,0.028758,bid
86756.918440,0.000000,bid
86739.303740,0.114520,bid
86730.311760,0.887571,bid
86710.661140,0.351399,bid
86710.641180,0.000000,bid
86699.962580,1.588241,bid
86782.517140,0.034520,offer
86787.327500,0.717556,offer
86787.337480,0.879405,offer
86788.115920,0.000000,offer
86817.716600,1.617574,offer
86710.681100,0.351398,bid
86710.661140,0.000000,bid
86782.517140,0.000000,offer
87617.404020,0.002470,offer
87793.052020,0.000000,offer
86755.351580,0.000000,bid
85728.200000,0.021756,bid
86759.862540,0.028758,bid
86758.245780,0.000000,bid
86758.175920,0.115032,bid
86755.241800,0.210899,bid
86754.972340,0.000000,bid
86750.930440,0.000000,bid
86747.796720,1.191333,bid
86746.898520,1.150473,bid
86738.485380,0.160321,bid
86736.409540,0.000000,bid
86710.701060,0.351398,bid
86710.681100,0.000000,bid
86759.862540,0.000000,bid
86756.549180,0.000000,bid
86710.711040,0.351398,bid
86710.701060,0.000000,bid
86768.076080,0.000000,offer
86768.086060,0.000000,offer
86772.716780,0.007635,offer
86778.664860,0.000000,offer
86781.688800,0.000000,offer
86782.517140,0.034520,offer
86786.040080,0.114814,offer
86767.866500,1.329072,bid
86759.213840,0.209794,bid
86759.074120,0.000000,bid
86758.175920,0.000000,bid
86756.818640,0.115034,bid
86760.032200,0.000000,bid
86755.251780,0.004191,bid
86755.241800,0.479338,bid
86753.495300,0.575316,bid
86751.579140,0.000000,bid
86744.682960,0.000000,bid
86713.036380,0.351389,bid
86712.627200,0.796400,bid
86712.068320,0.000000,bid
86712.058340,0.000000,bid
86710.711040,0.000000,bid
86710.531400,0.544416,bid
86710.461540,0.000000,bid
86678.625340,1.272568,bid
86676.589420,0.000000,bid
86768.096040,0.000000,offer
86772.716780,0.103512,offer
86774.702800,0.287142,offer
86774.712780,0.172516,offer
86774.722760,0.000000,offer
86774.732740,0.000000,offer
86777.896400,0.014986,offer
86782.846480,0.114814,offer
86786.040080,0.000000,offer
86806.529020,0.000000,offer
86807.367340,0.000000,offer
86809.902260,0.379382,offer
86755.201880,0.115036,bid
86772.706800,0.007635,offer
86777.896400,0.000000,offer
86782.517140,0.000000,offer
86756.818640,0.000000,bid
86584.643680,0.014978,bid
86580.182620,0.000000,bid
86782.726720,0.007489,offer
86934.292980,0.014978,offer
86767.866500,1.212842,bid
86759.213840,0.141164,bid
86757.417440,0.028758,bid
86751.419460,0.115041,bid
86747.796720,0.000000,bid
86746.898520,0.000000,bid
86739.513320,1.150571,bid
86724.603200,0.007489,bid
86713.066320,0.351389,bid
86713.036380,0.000000,bid
86678.645300,1.272568,bid
86678.625340,0.000000,bid
83298.239660,0.016773,bid
86767.876480,0.205919,offer
86809.882300,0.379382,offer
86809.902260,0.000000,offer
86757.417440,0.000000,bid
86767.866500,1.212872,bid
86759.213840,0.209794,bid
86758.615040,0.028758,bid
86756.938400,0.115034,bid
86751.419460,0.000000,bid
75921.891920,0.002617,bid
86807.467140,0.379393,offer
86809.882300,0.000000,offer
86759.213840,0.141164,bid
86758.615040,0.000000,bid
86756.938400,0.000000,bid
86755.511260,0.000000,bid
86755.201880,0.000000,bid
86751.569160,0.000000,bid
86751.559180,0.356709,bid
86751.519260,0.000000,bid
86750.281740,0.000000,bid
86747.517280,0.228326,bid
86747.507300,0.760975,bid
86747.497320,0.575233,bid
86746.289740,0.000000,bid
86746.279760,0.000000,bid
86743.415500,1.624129,bid
86717.467500,2.392406,bid
86681.040500,1.457602,bid
86772.676860,0.007635,offer
86772.686840,0.155880,offer
86772.696820,0.079645,offer
86772.706800,0.000000,offer
86772.716780,0.000000,offer
86782.517140,0.034520,offer
86782.726720,0.122303,offer
86782.846480,0.000000,offer
86806.529020,0.718108,offer
86807.457160,0.379393,offer
86807.467140,0.000000,offer
86840.640660,0.070870,offer
86870.969880,0.443740,offer
86884.053660,0.000000,offer
86758.036200,0.028758,bid
86756.349580,0.115035,bid
86747.507300,0.278840,bid
86747.497320,0.000000,bid
86706.100280,0.000000,bid
86703.415660,0.143784,bid
86758.036200,0.000000,bid
86756.698880,0.000000,bid
86751.489320,0.000000,bid
86750.441420,0.000000,bid
86747.517280,0.228326,bid
86758.854560,0.028758,bid
86754.972340,0.115037,bid
86750.441420,0.228326,bid
86747.517280,0.000000,bid
86782.517140,0.000000,offer
86767.866500,0.000000,bid
86767.357520,0.000000,bid
86764.852540,0.079645,bid
86763.535180,0.000125,bid
86763.525200,0.000000,bid
86759.223820,0.000000,bid
86759.213840,0.000000,bid
86759.193880,0.000000,bid
86759.183900,0.000000,bid
86758.854560,0.000000,bid
86757.327620,0.028758,bid
86756.359560,0.003202,bid
86756.349580,0.000000,bid
86755.251780,0.000000,bid
86755.241800,0.210899,bid
86753.664960,0.003451,bid
86753.495300,0.000000,bid
86750.441420,0.000000,bid
86747.517280,0.228326,bid
86713.066320,0.000000,bid
86712.627200,0.000000,bid
86710.531400,0.000000,bid
86706.369740,0.351416,bid
86705.860760,0.796462,bid
86703.774940,0.544459,bid
86646.350020,0.050000,bid
86301.091920,0.000000,bid
82859.339220,0.019271,bid
86765.102040,0.039732,offer
86765.112020,0.236320,offer
86765.171900,0.000127,offer
86765.181880,0.236490,offer
86765.611020,0.028827,offer
86765.680880,0.000795,offer
86767.277680,0.000892,offer
86767.287660,0.058662,offer
86767.347540,0.000000,offer
86767.357520,0.005995,offer
86767.367500,0.118100,offer
86767.836560,0.033220,offer
86767.866500,0.000000,offer
86767.876480,0.151359,offer
86770.361500,0.172524,offer
86772.676860,0.000000,offer
86772.686840,0.000000,offer
86772.696820,0.000000,offer
86774.493220,0.575054,offer
86774.702800,0.000000,offer
86774.712780,0.000000,offer
86776.509180,0.000000,offer
86778.664860,0.000000,offer
86778.674840,0.000000,offer
86779.433320,1.150042,offer
86781.109960,0.000000,offer
86791.289560,0.000000,offer
86793.964200,0.000000,offer
86803.115860,0.379412,offer
86806.529020,0.000000,offer
86807.457160,0.000000,offer
86816.578880,2.873875,offer
86820.151720,0.266860,offer
86824.433140,0.000000,offer
86824.443120,0.000000,offer
86826.129740,0.000000,offer
86826.788420,0.000000,offer
86864.283280,0.640014,offer
86866.678480,0.425202,offer
86868.405020,0.000000,offer
86870.979860,0.000000,offer
86763.545160,0.034077,bid
86763.535180,0.000000,bid
86759.213840,0.000125,bid
86756.529220,0.020000,bid
86756.519240,0.115035,bid
86756.169940,0.118100,bid
86753.654980,0.000000,bid
86764.862520,0.236480,offer
86765.102040,0.000000,offer
86765.171900,0.000000,offer
86765.181880,0.000000,offer
86765.611020,0.000000,offer
86765.680880,0.000000,offer
86767.277680,0.000000,offer
86767.357520,0.000000,offer
86767.367500,0.000000,offer
86767.876480,0.000000,offer
86770.351520,0.000125,offer
86782.097980,0.114814,offer
86782.726720,0.007489,offer
86802.497100,0.000000,offer
86820.041940,0.043681,offer
86764.852540,0.000000,bid
86763.555140,0.000125,bid
86759.213840,0.000000,bid
86759.203860,0.000000,bid
86757.327620,0.000000,bid
86756.529220,0.000000,bid
86756.519240,0.000000,bid
86756.359560,0.000000,bid
86756.169940,0.000000,bid
86755.241800,0.000000,bid
86754.972340,0.000000,bid
86751.569160,0.005482,bid
86751.559180,0.000000,bid
86750.820660,0.000000,bid
86750.441420,0.212700,bid
86750.431440,0.000000,bid
86742.377580,0.000000,bid
86742.307720,0.548481,bid
86740.002340,0.000000,bid
86739.303740,0.034520,bid
86738.904540,0.000000,bid
86707.707060,0.351410,bid
86707.178120,0.796450,bid
86706.369740,0.000000,bid
86705.860760,0.000000,bid
86704.433620,0.544455,bid
86703.774940,0.000000,bid
86301.091920,0.050000,bid
84290.351460,0.000000,bid
83773.257720,0.000000,bid
82785.127940,0.000000,bid
86764.852540,0.386599,offer
86765.102040,0.000000,offer
86767.287660,0.000000,offer
86767.836560,0.000000,offer
86770.351520,0.207152,offer
86772.716780,0.079645,offer
86774.483240,0.430728,offer
86786.129900,0.000000,offer
86763.555140,0.000000,bid
86763.545160,0.000000,bid
86755.181920,0.000000,bid
86753.674940,0.000125,bid
86751.569160,0.000000,bid
86751.519260,0.034077,bid
86751.509280,0.005374,bid
86750.441420,0.115050,bid
86749.972360,0.000000,bid
86749.523260,0.037664,bid
86743.415500,0.512555,bid
86739.972400,0.000000,bid
86739.513320,0.000000,bid
86739.303740,0.000000,bid
86737.098160,0.115060,bid
86735.890580,0.000000,bid
86734.683000,0.215874,bid
86730.301780,0.162450,bid
86725.980440,0.119551,bid
86725.221960,0.000000,bid
86719.473480,0.000000,bid
86712.397660,0.024102,bid
86703.415660,0.000000,bid
86699.972560,0.143791,bid
86681.200180,2.878363,bid
86681.040500,0.793213,bid
86678.645300,0.000000,bid
86672.597420,1.272656,bid
86301.091920,0.050000,bid
86211.950560,0.000000,bid
86209.096280,0.002876,bid
75921.891920,0.000000,bid
86763.525200,0.085380,offer
86763.545160,0.000747,offer
86763.555140,0.488739,offer
86763.565120,0.338800,offer
86764.702840,0.000000,offer
86764.712820,0.079645,offer
86764.722800,0.000000,offer
86764.732780,0.118100,offer
86764.792660,0.040019,offer
86764.842560,0.004768,offer
86764.852540,0.000000,offer
86764.862520,0.000000,offer
86765.112020,0.000000,offer
86770.341540,0.000000,offer
86770.351520,0.207026,offer
86774.483240,0.416166,offer
86779.383420,0.114814,offer
86779.393400,1.178643,offer
86781.539100,0.217001,offer
86782.097980,0.000000,offer
86784.573020,0.036353,offer
86795.271580,0.000000,offer
86797.107900,0.379438,offer
86798.564980,0.000000,offer
86799.163780,0.022889,offer
86803.115860,0.000000,offer
86806.249580,0.000000,offer
86806.798480,0.031629,offer
86814.143760,0.266879,offer
86819.183660,0.000000,offer
86820.151720,0.000000,offer
86833.445080,0.000000,offer
86852.806280,0.092024,offer
86858.255360,0.640059,offer
86858.564740,0.000000,offer
86860.660540,0.425232,offer
86863.195460,0.042488,offer
86863.205440,0.000000,offer
86863.215420,0.000000,offer
86864.283280,0.000000,offer
86866.678480,0.000000,offer
86751.529240,0.094057,bid
86751.509280,0.000000,bid
86750.441420,0.000000,bid
86750.002300,0.000000,bid
86747.527260,0.441383,bid
86747.517280,0.000000,bid
86747.507300,0.000000,bid
86747.088140,0.000000,bid
86746.349620,0.056449,bid
86743.694940,0.228326,bid
86737.427500,0.000000,bid
86737.098160,0.000000,bid
86728.385620,1.150719,bid
86707.707060,0.000000,bid
86707.178120,0.000000,bid
86704.433620,0.000000,bid
86700.242020,0.351441,bid
86699.972560,0.000000,bid
86699.872760,0.796517,bid
86697.776960,0.544497,bid
86696.768980,0.143799,bid
86209.096280,0.000000,bid
86763.525200,0.185698,offer
86763.535180,0.004768,offer
86763.565120,0.000000,offer
86764.842560,0.000000,offer
86781.269640,0.034520,offer
86794.882360,0.000166,offer
86804.333420,0.000000,offer
86763.515220,0.000000,bid
86753.664960,0.000000,bid
86751.529240,0.068234,bid
86749.523260,0.000000,bid
86747.537240,0.005482,bid
86747.527260,0.435901,bid
86740.840660,0.000000,bid
86739.303740,0.115057,bid
86738.485380,0.224281,bid
86735.012340,0.140000,bid
86732.816740,0.000000,bid
86728.904580,0.120000,bid
86728.385620,0.000000,bid
86724.603200,0.000000,bid
86672.597420,0.000000,bid
86665.860920,1.272755,bid
86763.515220,0.039761,offer
86763.525200,0.081459,offer
86763.535180,0.000000,offer
86763.555140,0.095867,offer
86764.712820,0.000000,offer
86764.792660,0.000000,offer
86770.341540,0.015019,offer
86770.361500,0.000000,offer
86772.726760,0.000000,offer
86774.493220,0.000000,offer
86781.229720,0.140000,offer
86781.698780,0.000000,offer
86786.050060,0.000000,offer
86814.123800,0.266879,offer
86814.143760,0.000000,offer
86836.758440,0.000000,offer
86877.157480,0.000000,offer
86762.317620,0.079645,bid
86757.088100,0.000125,bid
86757.078120,0.034077,bid
86757.068140,0.079645,bid
86753.684920,0.020000,bid
86753.674940,0.000000,bid
86751.539220,0.003451,bid
86751.529240,0.095000,bid
86751.519260,0.000000,bid
86749.154000,0.000000,bid
86747.547220,0.000000,bid
86743.944440,0.000000,bid
86739.303740,0.000000,bid
86738.205940,0.004603,bid
86734.892580,0.050000,bid
86717.467500,0.497617,bid
86713.944560,0.000000,bid
86712.307840,0.351392,bid
86711.928600,0.796406,bid
86709.822820,0.544421,bid
86700.242020,0.000000,bid
86699.872760,0.000000,bid
86697.776960,0.000000,bid
86693.365800,0.000000,bid
86207.399680,0.002876,bid
86762.327600,0.000125,offer
86763.335580,0.000000,offer
86763.345560,0.000000,offer
86763.415420,0.000000,offer
86763.425400,0.000000,offer
86763.435380,0.000000,offer
86763.505240,0.000000,offer
86763.515220,0.000000,offer
86763.525200,0.000000,offer
86763.545160,0.000000,offer
86763.555140,0.000000,offer
86764.732780,0.000000,offer
86770.341540,0.000000,offer
86770.351520,0.000000,offer
86772.716780,0.000000,offer
86774.483240,0.000000,offer
86775.790620,0.095000,offer
86776.838520,0.015019,offer
86776.848500,0.000000,offer
86776.858480,0.000000,offer
86777.806580,0.050000,offer
86777.816560,0.114814,offer
86777.826540,0.052596,offer
86777.886420,0.038920,offer
86777.896400,0.015019,offer
86778.684820,0.000000,offer
86779.383420,0.000000,offer
86782.856460,0.000000,offer
86782.866440,0.000000,offer
86784.573020,0.000000,offer
86786.968220,0.050000,offer
86787.327500,0.000000,offer
86787.337480,0.000000,offer
86788.066020,0.000000,offer
86796.289540,0.000000,offer
86796.658800,0.036353,offer
86797.087940,0.379438,offer
86797.107900,0.000000,offer
86799.413280,0.000000,offer
86802.976140,0.000000,offer
86806.798480,0.000000,offer
86817.716600,0.000000,offer
86823.854300,0.031629,offer
86835.231500,0.382016,offer
86858.255360,0.000000,offer
86860.630600,0.425232,offer
86860.660540,0.000000,offer
86863.684480,0.640019,offer
86877.147500,0.000000,offer
86879.622540,0.000000,offer
87220.768880,0.000000,offer
86762.317620,0.079070,bid
86757.088100,0.000125,bid
86751.549200,0.005482,bid
86747.537240,0.000000,bid
86744.363600,0.000000,bid
86722.687040,2.876986,bid
86703.934620,2.877609,bid
86677.377840,1.272586,bid
86665.860920,0.000000,bid
86771.708800,0.120000,offer
86772.447320,0.008921,offer
86772.457300,0.095000,offer
86773.495220,0.015047,offer
86773.505200,0.040615,offer
86773.585040,0.000000,offer
86773.595020,0.000000,offer
86774.593020,0.000000,offer
86774.603000,0.031280,offer
86774.642920,0.041971,offer
86774.682840,0.000000,offer
86775.730740,0.000000,offer
86775.740720,0.033183,offer
86775.790620,0.000000,offer
86776.828540,0.000000,offer
86777.826540,0.000000,offer
86777.896400,0.000000,offer
86794.872380,0.040261,offer
86794.882360,0.000000,offer
86799.153800,0.000166,offer
86814.123800,0.000000,offer
86821.938140,0.266855,offer
86762.317620,0.095508,bid
86762.237780,0.034077,bid
86757.108060,0.000000,bid
86757.098080,0.000000,bid
86757.088100,0.000000,bid
86757.078120,0.000000,bid
86752.367560,0.000000,bid
86751.579140,0.000000,bid
86751.559180,0.000125,bid
86301.091920,0.000000,bid
86767.836560,0.008921,offer
86767.846540,0.077248,offer
86767.856520,0.000000,offer
86768.006220,0.000000,offer
86768.016200,0.000000,offer
86768.834560,0.095000,offer
86768.994240,0.039843,offer
86769.064100,0.000000,offer
86769.074080,0.000000,offer
86770.112000,0.000000,offer
86770.121980,0.054464,offer
86770.161900,0.011319,offer
86770.171880,0.163888,offer
86770.181860,0.000000,offer
86770.551120,0.045176,offer
86770.611000,0.017078,offer
86770.630960,0.000000,offer
86770.640940,0.000000,offer
86770.700820,0.000000,offer
86770.710800,0.000000,offer
86770.720780,0.000000,offer
86771.529160,0.000000,offer
86771.638940,0.026120,offer
86771.678860,0.000000,offer
86771.698820,0.000000,offer
86772.447320,0.000000,offer
86772.457300,0.000000,offer
86773.505200,0.000000,offer
86774.642920,0.000000,offer
86775.730740,0.222295,offer
86777.796600,0.114814,offer
86777.806580,0.000000,offer
86777.816560,0.000000,offer
86777.886420,0.000000,offer
86779.393400,0.582642,offer
86779.433320,0.000000,offer
86797.087940,0.000000,offer
86803.505080,0.379410,offer
86823.854300,0.000000,offer
86860.630600,0.000000,offer
86867.057720,0.425201,offer
86880.141500,0.000000,offer
86908.903860,0.000000,offer
87075.709580,0.000000,offer
87184.571420,0.000000,offer
87224.012380,0.040596,offer
86757.078120,0.000125,bid
86754.912460,0.029256,bid
86754.902480,0.028759,bid
86751.559180,0.000000,bid
86751.539220,0.177265,bid
86748.904500,0.115045,bid
86738.205940,0.000000,bid
86712.307840,0.000000,bid
86711.928600,0.000000,bid
86709.822820,0.000000,bid
86708.255960,0.351408,bid
86707.876720,0.796443,bid
86705.281920,0.544449,bid
86667.327980,0.000000,bid
86663.246160,0.088575,bid
86767.836560,0.008921,offer
86767.846540,0.029258,offer
86768.834560,0.000000,offer
86872.257300,0.050000,offer
86948.434640,0.000000,offer
86757.088100,0.000125,bid
86757.078120,0.047787,bid
86754.912460,0.094622,bid
86752.946400,0.115039,bid
86719.104220,0.007489,bid
86762.327600,0.000000,offer
86767.766700,0.000000,offer
86767.776680,0.000125,offer
86767.786660,0.029258,offer
86767.796640,0.000000,offer
86767.806620,0.000000,offer
86767.816600,0.000000,offer
86767.826580,0.000000,offer
86767.836560,0.000000,offer
86767.846540,0.000000,offer
86775.730740,0.100055,offer
86777.796600,0.000000,offer
86779.383420,0.114814,offer
86786.768620,0.047787,offer
86789.273600,0.159913,offer
86821.618780,0.266856,offer
86821.938140,0.000000,offer
86833.125720,0.031629,offer
86878.943900,0.015197,offer
86893.295140,0.037827,offer
86932.815940,0.027767,offer
86968.205020,0.040596,offer
86983.823720,0.000000,offer
86996.947420,0.030243,offer
87027.576040,0.033379,offer
87043.194740,0.000000,offer
87060.090880,0.048350,offer
87098.434040,0.000000,offer
87224.012380,0.000000,offer
87238.443460,0.000000,offer
86762.317620,0.088188,bid
86754.912460,0.027756,bid
86754.902480,0.000000,bid
86753.155980,0.028760,bid
86752.946400,0.000000,bid
86708.275920,0.351408,bid
86708.255960,0.000000,bid
86707.966540,0.796442,bid
86707.876720,0.000000,bid
86705.860760,0.544446,bid
86705.281920,0.000000,bid
86767.706820,0.008921,offer
86767.716800,0.000125,offer
86767.726780,0.004768,offer
86767.736760,0.000000,offer
86767.756720,0.000000,offer
86767.766700,0.000000,offer
86767.776680,0.000000,offer
86776.838520,0.000000,offer
87094.491940,0.038258,offer
87106.378120,0.031668,offer
87130.779220,0.037051,offer
87222.804800,0.000000,offer
86754.912460,0.012000,bid
86754.373540,0.000000,bid
86753.155980,0.000000,bid
86751.539220,0.293589,bid
86751.469360,0.115041,bid
86750.491320,0.000000,bid
86641.160420,0.933565,bid
86580.182620,1.898009,bid
86767.597040,0.005578,offer
86767.607020,0.039948,offer
86767.617000,0.060787,offer
86767.626980,0.046326,offer
86767.646940,0.000996,offer
86767.656920,0.000000,offer
86767.666900,0.000000,offer
86767.676880,0.000000,offer
86767.686860,0.000000,offer
86767.696840,0.000000,offer
86767.706820,0.004768,offer
86767.716800,0.000000,offer
86767.726780,0.000000,offer
86767.786660,0.000000,offer
86770.171880,0.106948,offer
86770.551120,0.000000,offer
86783.944280,0.603222,offer
86783.954260,0.925264,offer
86786.768620,0.000000,offer
86814.323400,1.670878,offer
86821.528960,0.266856,offer
86821.618780,0.000000,offer
87195.449620,0.039230,offer
87222.804800,0.040622,offer
86754.912460,0.012000,bid
86753.355580,0.000000,bid
86736.958440,0.034521,bid
75919.416880,0.005233,bid
86767.407420,0.001062,offer
86767.417400,0.000125,offer
86767.427380,0.086376,offer
86767.437360,0.070335,offer
86767.487260,0.000000,offer
86767.497240,0.004768,offer
86767.507220,0.000000,offer
86767.517200,0.000000,offer
86767.527180,0.063029,offer
86767.557120,0.000000,offer
86767.567100,0.000000,offer
86767.587060,0.000000,offer
86767.597040,0.000000,offer
86767.607020,0.000000,offer
86767.617000,0.000000,offer
86767.626980,0.000000,offer
86767.646940,0.000000,offer
86767.706820,0.000000,offer
86768.994240,0.000000,offer
86770.121980,0.000000,offer
86754.912460,0.094810,bid
86754.523240,0.028759,bid
86752.836620,0.115039,bid
86743.415500,1.141361,bid
86740.301740,1.150561,bid
86708.874720,0.351406,bid
86708.545380,0.796437,bid
86708.275920,0.000000,bid
86707.966540,0.000000,bid
86706.449580,0.544442,bid
86705.860760,0.000000,bid
86767.297640,0.000125,offer
86767.387460,0.000000,offer
86767.397440,0.000000,offer
86767.407420,0.000000,offer
86767.417400,0.000000,offer
86767.427380,0.000000,offer
86767.437360,0.000000,offer
86767.487260,0.000000,offer
86767.527180,0.000000,offer
86803.505080,0.000000,offer
86805.820440,0.379400,offer
86752.846600,0.005482,bid
86751.549200,0.000000,bid
86747.537240,0.228326,bid
86747.527260,0.726562,bid
86745.142040,0.575248,bid
86743.694940,0.000000,bid
86725.980440,2.000192,bid
86699.972560,2.996088,bid
86699.353800,0.000000,bid
86666.070500,3.454640,bid
86641.160420,0.000000,bid
86767.297640,0.000000,offer
86767.447340,0.000000,offer
86767.457320,0.000000,offer
86767.467300,0.000000,offer
86767.477280,0.000000,offer
86767.487260,0.000000,offer
86767.497240,0.000000,offer
86769.064100,0.000935,offer
86770.131960,0.039476,offer
86770.141940,0.041752,offer
86770.151920,0.001328,offer
86770.161900,0.000000,offer
86777.896400,0.000000,offer
86805.810460,0.718126,offer
86821.369280,0.266857,offer
86821.528960,0.000000,offer
86863.674500,0.384011,offer
86887.067620,1.088949,offer
86757.088100,0.000125,bid
75919.416880,0.000000,bid
86768.704820,0.059978,offer
86768.724780,0.000651,offer
86768.734760,0.000000,offer
86768.774680,0.000610,offer
86768.784660,0.005636,offer
86768.794640,0.044107,offer
86768.824580,0.000620,offer
86768.864500,0.000736,offer
86768.874480,0.000000,offer
86768.884460,0.000000,offer
86768.894440,0.000000,offer
86768.914400,0.000000,offer
86768.924380,0.000000,offer
86768.934360,0.000000,offer
86768.944340,0.000000,offer
86768.954320,0.000000,offer
86768.964300,0.000000,offer
86768.974280,0.000000,offer
86768.984260,0.000000,offer
86768.994240,0.000000,offer
86769.064100,0.000000,offer
86770.131960,0.000000,offer
86770.141940,0.000000,offer
86770.151920,0.000000,offer
86805.211660,0.379403,offer
86805.810460,0.000000,offer
86805.820440,0.000000,offer
86708.894680,0.351406,bid
86708.874720,0.000000,bid
86768.325580,0.000000,offer
86768.355520,0.000000,offer
86768.365500,0.000000,offer
86768.375480,0.000000,offer
86768.385460,0.000000,offer
86768.395440,0.000000,offer
86768.405420,0.000000,offer
86768.465300,0.000000,offer
86768.585060,0.000000,offer
86768.595040,0.000000,offer
86768.605020,0.000000,offer
86768.615000,0.000000,offer
86768.674880,0.000000,offer
86768.684860,0.000000,offer
86768.694840,0.000000,offer
86768.704820,0.000000,offer
86768.724780,0.000000,offer
86768.774680,0.000125,offer
86768.784660,0.004768,offer
86768.794640,0.000000,offer
86768.824580,0.000000,offer
86768.864500,0.000000,offer
86770.161900,0.038869,offer
86770.611000,0.000000,offer
86872.257300,0.050000,offer
87306.047980,0.000000,offer
87617.404020,0.000000,offer
86720.641140,0.544000,bid
86715.890660,0.000000,bid
86694.733060,0.425000,bid
86689.992560,0.000000,bid
86689.982580,0.000000,bid
86768.345540,0.000000,offer
86768.355520,0.000125,offer
86768.365500,0.079000,offer
86768.505220,0.000000,offer
86768.515200,0.000000,offer
86768.674880,0.038869,offer
86768.774680,0.000000,offer
86768.784660,0.000000,offer
86770.161900,0.000000,offer
86777.896400,0.015019,offer
86786.778600,0.000000,offer
86791.070000,0.446000,offer
86804.932220,0.379404,offer
86805.211660,0.000000,offer
86809.223620,0.000000,offer
86812.417220,0.000000,offer
86816.978080,0.526000,offer
86835.231500,0.000000,offer
86838.325300,0.000000,offer
86768.305620,0.000125,offer
86768.315600,0.063712,offer
86768.325580,0.038869,offer
86768.335560,0.000000,offer
86768.345540,0.000000,offer
86768.355520,0.066000,offer
86768.365500,0.000000,offer
86768.674880,0.000000,offer
86762.337580,0.000000,bid
86762.327600,1.100000,bid
86762.317620,0.088199,bid
86757.088100,0.000000,bid
86755.191900,0.187488,bid
86755.181920,0.148555,bid
86754.912460,0.000000,bid
86752.856580,0.000000,bid
86752.846600,0.000125,bid
86751.549200,0.005482,bid
86744.822680,0.153037,bid
86768.265700,0.000125,offer
86768.275680,0.047912,offer
86768.285660,0.000000,offer
86768.295640,0.000000,offer
86768.305620,0.073000,offer
86768.315600,0.000000,offer
86768.325580,0.000000,offer
86768.355520,0.000000,offer
86771.638940,0.000000,offer
86777.896400,0.014919,offer
86762.337580,0.000000,bid
86762.317620,0.079081,bid
86755.201880,0.000125,bid
86753.684920,0.000000,bid
86752.846600,0.000000,bid
86768.245740,0.000125,offer
86768.255720,0.037275,offer
86768.265700,0.062000,offer
86768.275680,0.000000,offer
86768.305620,0.000000,offer
86782.726720,0.000000,offer
86789.273600,0.412017,offer
86789.972200,0.007489,offer
86762.337580,0.015796,bid
86708.894680,0.000000,bid
86708.545380,0.000000,bid
86706.449580,0.000000,bid
86704.912660,0.360519,bid
86704.703080,0.796472,bid
86702.597300,0.544466,bid
84233.285820,0.000000,bid
83732.409580,0.000000,bid
86762.347560,0.172540,offer
86768.145940,0.000125,offer
86768.155920,0.161792,offer
86768.165900,0.172529,offer
86768.215800,0.000000,offer
86768.225780,0.000000,offer
86768.235760,0.000000,offer
86768.245740,0.097000,offer
86768.255720,0.000000,offer
86768.265700,0.000000,offer
86770.171880,0.508181,offer
86771.279660,0.172523,offer
86773.694820,0.575059,offer
86779.393400,1.199823,offer
86781.169840,1.150019,offer
86795.171780,2.874584,offer
86804.922240,0.379404,offer
86804.932220,0.000000,offer
86818.924180,0.266864,offer
86821.369280,0.000000,offer
86826.958080,2.873532,offer
86836.818320,0.067016,offer
86850.081740,5.745533,offer
86863.335180,0.640021,offer
86863.674500,0.000000,offer
86863.684480,0.000000,offer
86865.510820,0.425208,offer
86867.057720,0.000000,offer
86751.549200,0.000000,bid
86747.547220,0.005482,bid
86730.311760,0.000000,bid
86699.972560,0.000000,bid
86699.962580,0.000000,bid
86762.347560,0.171683,offer
86768.145940,0.000000,offer
86768.155920,0.000125,offer
86768.245740,0.000000,offer
86783.944280,0.000000,offer
86783.954260,0.000000,offer
86814.323400,0.000000,offer
86755.211860,0.000125,bid
86755.201880,0.103920,bid
86707.746980,0.360507,bid
86707.617240,0.796446,bid
86705.501480,0.544448,bid
86704.912660,0.000000,bid
86704.703080,0.000000,bid
86703.944600,0.143787,bid
86702.597300,0.000000,bid
86696.768980,0.000000,bid
86777.896400,0.000000,offer
86779.373440,0.015019,offer
86804.892300,0.382556,offer
86804.922240,0.000000,offer
86818.924180,0.000000,offer
86821.828360,0.266855,offer
86734.982400,1.150631,bid
86762.347560,0.171138,offer
86769.014200,0.172527,offer
86781.269640,0.000000,offer
86785.161840,0.079645,offer
86799.153800,0.000000,offer
86802.976140,0.000166,offer
86762.337580,0.020411,bid
86736.958440,0.000000,bid
86762.327600,1.215682,bid
86757.078120,0.000000,bid
86755.700880,0.028759,bid
86754.523240,0.000000,bid
86747.676960,0.881634,bid
86747.666980,0.575232,bid
86747.547220,0.000000,bid
86747.537240,0.000000,bid
86747.527260,0.000000,bid
86745.142040,0.000000,bid
86744.832660,0.228326,bid
86727.826740,0.900007,bid
86707.756960,0.360507,bid
86707.746980,0.000000,bid
86697.477560,1.609898,bid
86768.135960,0.000125,offer
86768.145940,0.004768,offer
86768.155920,0.207033,offer
86779.373440,0.079645,offer
86785.720720,0.886008,offer
86816.099840,1.630973,offer
86762.387480,0.000125,bid
86762.377500,0.000000,bid
86762.367520,0.000000,bid
86762.357540,0.000000,bid
86762.347560,0.000000,bid
86762.337580,0.748306,bid
86762.327600,1.100000,bid
86757.078120,0.047787,bid
86756.708860,0.028759,bid
86755.700880,0.000000,bid
86755.211860,0.289531,bid
86755.191900,0.000000,bid
86755.022240,0.115037,bid
86751.539220,0.177265,bid
86748.904500,0.000000,bid
86747.696920,0.005482,bid
86747.686940,0.228326,bid
86747.676960,0.876152,bid
86745.092140,0.000000,bid
86744.832660,0.000000,bid
86707.637200,0.796445,bid
86707.617240,0.000000,bid
86705.521440,0.544448,bid
86705.501480,0.000000,bid
86693.156220,0.023552,bid
86762.347560,0.000000,offer
86763.175900,0.000000,offer
86768.056120,0.209970,offer
86768.116000,0.000125,offer
86768.125980,0.004768,offer
86768.135960,0.000000,offer
86768.145940,0.000000,offer
86768.155920,0.000000,offer
86768.165900,0.000000,offer
86769.004220,0.000000,offer
86773.495220,0.000000,offer
86785.710740,0.531881,offer
86802.407280,0.382567,offer
86804.892300,0.000000,offer
86819.343340,0.266863,offer
86821.828360,0.000000,offer
86767.626980,0.079645,bid
86762.387480,0.000000,bid
86762.357540,0.000000,bid
86762.347560,0.000125,bid
86762.337580,0.732510,bid
86758.954360,0.135902,bid
86758.944380,0.118100,bid
86757.088100,0.003451,bid
86757.078120,0.000000,bid
86751.549200,0.005482,bid
86751.539220,0.173814,bid
86747.696920,0.000000,bid
86710.291880,0.360496,bid
86707.756960,0.000000,bid
86667.327980,0.088571,bid
86663.246160,0.000000,bid
86767.636960,0.000125,offer
86768.036160,0.172529,offer
86768.046140,0.000000,offer
86768.056120,0.265718,offer
86768.116000,0.000000,offer
86768.125980,0.000000,offer
86769.004220,0.000000,offer
86769.014200,0.000000,offer
86770.171880,0.000000,offer
86773.375460,0.172518,offer
86773.694820,0.000000,offer
86779.363460,0.014854,offer
86779.373440,0.000000,offer
86779.383420,0.000000,offer
86779.393400,0.582642,offer
86781.159860,0.114814,offer
86781.169840,0.000000,offer
86785.151860,0.000000,offer
86858.005860,0.042488,offer
86863.195460,0.000000,offer
86863.335180,0.000000,offer
86865.510820,0.000000,offer
86868.953920,0.639980,offer
86871.039740,0.425181,offer
86781.159860,0.000000,offer
86785.700760,0.114814,offer
86762.397460,0.000125,bid
86762.387480,0.007930,bid
86762.347560,0.000000,bid
86751.559180,0.319579,bid
86751.549200,0.228326,bid
86751.539220,0.000000,bid
86747.686940,0.000000,bid
86740.152040,0.162310,bid
86710.212040,0.796422,bid
86708.096280,0.544432,bid
86707.637200,0.000000,bid
86705.521440,0.000000,bid
86779.363460,0.000000,offer
86779.383420,0.014083,offer
86785.151860,0.114814,offer
86785.700760,0.000000,offer
86802.407280,0.000000,offer
86807.507060,0.382544,offer
86819.343340,0.000000,offer
86824.413180,0.266847,offer
86736.968420,0.034521,bid
86780.181820,0.034521,offer
86751.569160,0.005482,bid
86751.559180,0.314097,bid
75921.682340,0.006541,bid
86767.636960,0.000000,offer
86768.026180,0.008835,offer
86768.036160,0.000000,offer
86774.603000,0.000000,offer
86782.856460,1.363370,offer
86782.866440,1.000000,offer
86785.151860,0.000000,offer
86785.710740,0.000000,offer
86871.029760,0.425181,offer
86871.039740,0.000000,offer
86756.708860,0.000000,bid
86755.451380,0.028759,bid
86755.022240,0.000000,bid
86754.553180,0.115037,bid
86751.559180,0.160715,bid
86751.549200,0.000000,bid
86751.469360,0.000000,bid
86749.433440,0.115044,bid
86747.686940,0.228326,bid
86738.485380,0.957377,bid
86710.222020,0.796422,bid
86710.212040,0.000000,bid
86703.944600,1.980491,bid
86703.405680,0.000000,bid
86677.387820,0.835101,bid
86651.898900,0.000000,bid
86643.675380,0.000000,bid
86768.016200,0.172529,offer
86768.026180,0.000000,offer
86776.608980,0.172512,offer
86778.614960,0.014508,offer
86778.624940,0.575026,offer
86779.383420,0.000000,offer
86780.181820,0.000000,offer
86782.846480,0.114814,offer
86782.856460,1.248556,offer
86785.710740,0.000000,offer
86807.497080,0.382544,offer
86807.507060,0.000000,offer
86824.403200,0.266847,offer
86824.413180,0.000000,offer
86767.636960,0.127937,bid
86762.397460,0.000125,bid
86755.451380,0.000000,bid
86752.836620,0.000000,bid
86751.639020,0.228326,bid
86751.629040,0.545568,bid
86751.569160,0.000000,bid
86751.559180,0.000000,bid
86749.453400,0.000000,bid
86749.443420,0.000000,bid
86749.433440,0.000000,bid
86747.686940,0.000000,bid
86747.676960,0.000000,bid
86747.666980,0.000000,bid
86742.307720,0.000000,bid
86738.485380,0.000000,bid
86734.982400,0.000000,bid
86725.980440,0.119551,bid
86722.687040,0.000000,bid
86681.200180,0.000000,bid
86768.016200,0.000000,offer
86768.056120,0.000000,offer
86771.279660,0.000000,offer
86771.708800,0.000000,offer
86773.375460,0.000000,offer
86775.740720,0.000000,offer
86776.608980,0.000000,offer
86778.614960,0.000000,offer
86778.624940,0.000000,offer
86782.846480,0.000000,offer
86789.263620,0.114814,offer
86795.171780,0.000000,offer
86816.578880,0.000000,offer
86868.943940,0.639980,offer
86868.953920,0.000000,offer
86767.646940,0.003808,bid
86767.636960,0.047787,bid
86762.407440,0.000125,bid
86762.397460,0.002907,bid
86760.171920,0.028757,bid
86758.485300,0.115032,bid
86751.649000,0.228326,bid
86751.639020,0.435417,bid
86747.686940,0.000000,bid
86747.676960,0.390728,bid
86746.359600,0.000000,bid
86745.331660,1.150494,bid
86734.892580,0.000000,bid
86733.994380,0.000000,bid
86731.349680,2.876699,bid
86730.301780,0.000000,bid
86726.200000,0.011619,bid
86714.124200,0.806449,bid
86714.004440,0.796387,bid
86713.964520,2.877276,bid
86711.938580,0.544408,bid
86710.291880,0.000000,bid
86710.222020,0.000000,bid
86708.096280,0.000000,bid
86679.852880,1.272550,bid
86677.387820,0.000000,bid
86677.377840,0.000000,bid
86651.898900,0.577269,bid
86646.350020,0.050000,bid
86301.091920,0.050000,bid
86212.549360,0.050000,bid
75921.682340,0.000000,bid
86767.656920,0.000125,offer
86775.640920,0.099518,offer
86775.720760,0.000000,offer
86775.730740,0.000000,offer
86777.886420,0.050000,offer
86777.896400,0.012126,offer
86781.459260,0.000000,offer
86789.263620,0.000000,offer
86794.822480,0.195174,offer
86794.832460,0.114814,offer
86794.842440,0.000000,offer
86794.852420,0.000000,offer
86794.862400,0.000000,offer
86794.872380,0.040261,offer
86794.882360,0.000000,offer
86796.658800,0.000000,offer
86802.976140,0.000000,offer
86805.032020,0.036353,offer
86806.529020,0.000166,offer
86807.497080,0.000000,offer
86811.309440,0.382528,offer
86813.045960,1.603495,offer
86824.403200,0.000000,offer
86828.215560,0.266850,offer
86849.303300,3.509322,offer
86872.257300,0.000000,offer
86767.646940,0.000000,bid
86767.636960,0.000000,bid
86760.171920,0.000000,bid
86758.485300,0.000000,bid
86755.211860,0.529435,bid
86752.706880,0.575198,bid
86748.405500,0.030524,bid
86736.688980,0.005752,bid
86726.200000,0.005867,bid
86301.091920,0.000000,bid
86767.636960,0.000125,offer
86767.646940,0.000000,offer
86767.656920,0.000000,offer
86772.726760,0.000000,offer
86772.736740,0.000000,offer
86775.640920,0.199476,offer
86776.878440,0.172511,offer
86779.583020,0.172506,offer
86789.263620,0.114814,offer
86789.972200,0.007489,offer
86791.798540,0.031964,offer
86794.822480,0.000000,offer
86794.832460,0.000000,offer
86767.626980,0.201655,bid
86759.153960,0.028758,bid
86751.649000,0.228326,bid
86748.415480,0.000000,bid
86212.549360,0.000000,bid
86775.630940,0.008835,offer
86775.640920,0.101134,offer
86776.878440,0.000000,offer
86777.606980,0.040000,offer
86777.896400,0.014144,offer
86779.583020,0.000000,offer
86779.602980,0.080000,offer
86786.958240,0.114814,offer
86786.968220,0.050000,offer
86789.263620,0.000000,offer
86811.299460,0.382528,offer
86811.309440,0.000000,offer
86858.005860,0.000000,offer
86863.225400,0.042488,offer
87220.768880,0.050000,offer
86756.629020,0.115034,bid
86714.124200,0.445968,bid
86714.004440,0.000000,bid
86711.938580,0.000000,bid
86710.691080,0.360495,bid
86710.611240,0.796418,bid
86708.495480,0.544429,bid
86768.834560,0.000000,offer
86768.844540,0.000000,offer
86775.630940,0.008835,offer
86824.822360,0.266846,offer
86828.215560,0.000015,offer
86762.427400,0.000125,bid
86762.417420,0.003086,bid
86762.407440,0.020000,bid
86762.397460,0.000000,bid
86760.072120,0.000000,bid
86759.153960,0.000000,bid
86756.629020,0.000000,bid
86753.315660,0.115039,bid
86767.636960,0.000092,offer
86772.177860,0.000000,offer
86772.187840,0.000000,offer
86772.197820,0.000000,offer
86775.630940,0.000000,offer
86775.840520,0.172513,offer
86777.896400,0.000000,offer
86779.383420,0.015019,offer
86780.251680,0.034521,offer
86781.169840,0.172503,offer
86782.846480,0.114814,offer
86785.710740,0.000000,offer
86786.958240,0.000000,offer
86809.572920,0.382535,offer
86811.299460,0.000000,offer
87220.768880,0.000000,offer
86762.407440,0.000000,bid
86754.553180,0.000000,bid
86714.094260,0.360481,bid
86714.004440,0.796387,bid
86711.888680,0.544408,bid
86710.691080,0.000000,bid
86710.611240,0.000000,bid
86708.495480,0.000000,bid
83734.874640,0.000000,bid
83554.037040,0.000000,bid
82329.570880,0.000000,bid
86775.630940,0.008835,offer
86781.169840,0.000000,offer
86824.822360,0.000000,offer
86828.225540,0.266836,offer
86759.323620,0.028758,bid
86758.295680,0.115032,bid
86755.950380,0.115035,bid
86751.649000,0.228326,bid
86748.405500,0.030524,bid
86768.954320,0.000000,offer
86768.964300,0.000000,offer
86775.630940,0.013604,offer
86775.640920,0.319506,offer
86777.956280,0.172509,offer
86779.373440,0.079645,offer
86779.383420,0.000000,offer
86788.525100,1.149922,offer
86803.794500,2.874299,offer
86841.159620,2.873062,offer
86767.676880,0.050072,bid
86767.666900,0.000000,bid
86767.656920,0.000000,bid
86767.646940,0.000000,bid
86767.636960,0.000000,bid
86767.626980,0.079645,bid
86762.427400,0.000000,bid
86762.417420,0.000000,bid
86762.407440,0.000125,bid
86762.397460,0.002718,bid
86753.325640,0.228326,bid
86752.716860,0.000000,bid
86751.649000,0.000000,bid
86714.124200,0.806449,bid
86714.094260,0.000000,bid
86714.014420,0.796387,bid
86714.004440,0.000000,bid
86711.898660,0.544408,bid
86711.888680,0.000000,bid
86767.636960,0.000000,offer
86769.523180,0.000000,offer
86775.551100,0.000000,offer
86775.601000,0.008835,offer
86775.610980,0.004768,offer
86775.620960,0.000000,offer
86775.630940,0.000000,offer
86775.640920,0.101134,offer
86775.840520,0.000000,offer
86777.906380,0.000099,offer
86778.205780,0.118100,offer
86782.846480,0.000000,offer
86785.710740,0.000000,offer
86786.958240,0.114814,offer
86788.515120,0.000000,offer
86808.255560,0.382541,offer
86809.572920,0.000000,offer
86825.181640,0.266845,offer
86828.225540,0.000000,offer
86762.407440,0.000125,bid
86758.295680,0.000000,bid
86775.591020,0.006511,offer
86779.503180,0.575021,offer
86826.958080,0.000000,offer
86767.676880,0.000000,bid
86767.656920,0.075400,bid
86767.646940,0.015746,bid
86767.636960,0.000000,bid
86767.626980,0.000000,bid
86763.465320,0.000125,bid
86763.455340,0.095000,bid
86762.407440,0.000000,bid
86762.397460,0.042718,bid
86759.323620,0.000000,bid
86758.964340,0.003451,bid
86758.475320,0.028758,bid
86757.088100,0.000000,bid
86753.325640,0.000000,bid
86752.716860,0.228326,bid
86751.649000,0.000000,bid
86751.529240,0.000000,bid
86714.124200,0.445968,bid
86714.014420,0.000000,bid
86711.898660,0.000000,bid
86710.371720,0.360496,bid
86710.251960,0.796421,bid
86708.136200,0.544431,bid
86301.091920,0.000000,bid
86767.676880,0.000000,offer
86767.686860,0.000000,offer
86772.287640,0.069188,offer
86772.297620,0.061501,offer
86773.605000,0.061501,offer
86775.471260,0.072578,offer
86775.501200,0.252369,offer
86775.511180,0.107682,offer
86775.521160,0.047449,offer
86775.551100,0.000670,offer
86775.561080,0.000000,offer
86775.571060,0.000000,offer
86775.581040,0.000000,offer
86775.591020,0.000000,offer
86775.601000,0.000000,offer
86775.610980,0.000000,offer
86775.640920,0.000000,offer
86776.818560,0.000000,offer
86777.956280,0.000000,offer
86779.363460,0.000000,offer
86779.393400,0.883646,offer
86782.846480,0.114814,offer
86782.856460,1.782479,offer
86783.624920,1.149987,offer
86785.151860,0.000000,offer
86785.710740,0.000000,offer
86786.958240,0.000000,offer
86788.515120,1.121959,offer
86789.273600,0.000000,offer
86794.862400,0.126285,offer
86807.546980,0.382544,offer
86808.255560,0.000000,offer
86816.948140,2.873863,offer
86824.463080,0.266847,offer
86825.181640,0.000000,offer
86868.754320,0.639981,offer
86868.943940,0.000000,offer
86870.870080,0.425182,offer
86871.029760,0.000000,offer
86767.656920,0.000000,bid
86763.465320,0.000000,bid
86763.455340,0.000000,bid
86762.407440,0.000125,bid
86759.483300,0.028758,bid
86758.954360,0.187934,bid
86758.475320,0.000000,bid
86757.547180,0.115033,bid
86714.134180,0.000000,bid
86708.984500,0.143775,bid
86703.944600,1.836704,bid
86301.091920,0.000000,bid
86769.293640,0.000000,offer
86772.287640,0.112940,offer
86773.595020,0.079645,offer
86775.451300,0.000000,offer
86776.628940,0.172512,offer
86777.606980,0.000000,offer
86780.251680,0.000000,offer
86781.529120,0.000000,offer
86782.097980,0.114814,offer
86782.846480,0.000000,offer
86782.856460,1.248556,offer
86783.624920,0.000000,offer
86806.529020,0.000000,offer
86811.568920,0.000166,offer
86858.564740,0.042488,offer
86863.225400,0.000000,offer
86767.926380,0.001341,bid
86767.916400,0.089235,bid
86767.906420,0.000000,bid
86767.896440,0.079645,bid
86767.646940,0.015746,bid
86762.417420,0.000125,bid
86762.407440,0.000000,bid
86762.397460,0.003029,bid
86762.287680,0.028757,bid
86759.483300,0.000000,bid
86758.954360,0.135902,bid
86757.547180,0.000000,bid
86753.315660,0.000000,bid
86736.968420,0.000000,bid
86735.012340,0.000000,bid
86717.018400,0.023514,bid
86712.567320,0.360487,bid
86712.477500,0.796401,bid
86712.397660,0.000000,bid
86710.371720,0.000000,bid
86710.361740,0.544417,bid
86710.251960,0.000000,bid
86708.136200,0.000000,bid
86646.350020,0.000000,bid
86212.549360,0.050000,bid
86772.257700,0.172521,offer
86772.287640,0.000000,offer
86773.595020,0.000000,offer
86775.471260,0.000000,offer
86775.501200,0.164160,offer
86775.511180,0.068813,offer
86775.521160,0.000000,offer
86776.628940,0.000000,offer
86776.778640,0.172512,offer
86778.205780,0.000000,offer
86779.393400,0.582642,offer
86779.503180,0.000000,offer
86781.229720,0.000000,offer
86782.097980,0.000000,offer
86782.846480,0.000000,offer
86788.515120,0.432006,offer
86788.525100,0.000000,offer
86789.972200,0.000000,offer
86791.060020,0.114814,offer
86793.734660,0.007489,offer
86799.163780,0.000000,offer
86803.794500,2.898182,offer
86805.032020,0.000000,offer
86807.546980,0.000000,offer
86809.742580,0.382535,offer
86813.794460,0.036353,offer
86858.564740,0.000000,offer
86863.225400,0.042488,offer
86868.444940,0.639984,offer
86868.754320,0.000000,offer
86870.540740,0.425184,offer
86870.870080,0.000000,offer
86767.986260,0.000000,bid
86767.976280,0.058039,bid
86767.966300,0.000000,bid
86767.956320,0.000000,bid
86767.946340,0.000000,bid
86767.936360,0.000000,bid
86767.916400,0.000000,bid
86762.417420,0.000000,bid
86762.407440,0.000125,bid
86762.287680,0.000000,bid
86761.479300,0.028757,bid
86759.263740,0.115031,bid
86728.904580,0.000000,bid
86646.350020,0.050000,bid
86301.091920,0.050000,bid
86212.549360,0.000000,bid
86210.623220,0.002876,bid
86207.399680,0.000000,bid
86772.257700,0.000000,offer
86777.886420,0.000000,offer
86779.573040,0.118100,offer
86779.602980,0.000000,offer
86789.702740,0.114814,offer
86791.060020,0.000000,offer
86858.564740,0.042488,offer
86863.225400,0.000000,offer
86872.257300,0.050000,offer
86767.986260,0.040000,bid
86767.926380,0.000000,bid
86761.479300,0.000000,bid
86636.759240,0.828267,bid
86609.693480,0.000000,bid
86772.297620,0.061168,offer
86775.511180,0.062301,offer
86779.363460,0.013313,offer
86781.289600,0.034520,offer
86781.399380,0.040000,offer
86788.505140,0.114814,offer
86789.273600,0.000000,offer
86789.702740,0.000000,offer
86824.463080,0.000000,offer
86827.377240,0.266838,offer
86858.564740,0.000000,offer
86863.225400,0.042488,offer
86768.006220,0.057235,bid
86767.996240,0.000000,bid
86767.986260,0.000000,bid
86767.976280,0.000000,bid
86762.387480,0.000000,bid
86760.720820,0.028757,bid
86754.493300,0.115037,bid
86737.607140,0.140000,bid
86713.226000,0.360484,bid
86713.176100,0.796394,bid
86712.567320,0.000000,bid
86712.477500,0.000000,bid
86711.050360,0.544413,bid
86710.361740,0.000000,bid
86301.091920,0.050000,bid
86768.096040,0.008835,offer
86768.106020,0.172529,offer
86772.287640,0.000000,offer
86773.724760,0.172518,offer
86774.952300,0.172515,offer
86782.846480,0.114814,offer
86785.531100,0.020000,offer
86785.710740,0.000000,offer
86786.129900,0.040000,offer
86786.958240,0.000000,offer
86788.505140,0.000000,offer
86788.724700,0.080000,offer
86802.996100,0.332697,offer
86807.726620,0.382543,offer
86809.742580,0.000000,offer
86820.041940,0.000000,offer
86768.086060,0.558590,bid
86762.407440,0.000000,bid
86762.397460,0.000000,bid
86762.347560,0.000125,bid
86755.221840,0.005482,bid
86738.784780,0.120000,bid
86738.086180,0.034520,bid
86301.091920,0.000000,bid
86768.096040,0.000000,offer
86774.942320,0.245433,offer
86775.501200,0.000600,offer
86781.399380,0.120000,offer
86782.846480,0.000000,offer
86782.856460,0.000000,offer
86782.866440,0.000000,offer
86785.151860,0.114814,offer
86785.521120,0.000000,offer
86785.710740,0.555881,offer
86803.185720,0.000000,offer
86811.449160,0.023632,offer
86824.682640,0.266847,offer
86827.377240,0.000000,offer
86768.096040,0.109935,bid
86754.503280,0.228326,bid
86752.716860,0.000000,bid
86713.226000,0.000000,bid
86710.391680,0.360496,bid
86781.289600,0.000000,offer
86768.086060,0.000000,bid
86741.219900,0.294461,bid
86737.607140,0.000000,bid
86723.645120,0.000000,bid
75922.041620,0.005887,bid
86768.106020,0.172407,offer
86785.531100,0.000000,offer
86786.129900,0.000000,offer
86824.672660,0.266847,offer
86824.682640,0.000000,offer
86772.277660,0.558590,bid
86770.311600,0.002539,bid
86770.301620,0.134954,bid
86770.291640,0.118100,bid
86770.281660,0.000000,bid
86770.271680,0.000000,bid
86768.125980,0.001614,bid
86768.116000,0.002856,bid
86768.106020,0.057235,bid
86768.096040,0.000000,bid
86768.006220,0.000000,bid
86762.387480,0.000125,bid
86762.377500,0.005482,bid
86762.367520,0.003451,bid
86762.357540,0.000000,bid
86762.347560,0.000000,bid
86760.860540,0.115029,bid
86760.830600,0.189736,bid
86760.720820,0.000000,bid
86758.964340,0.000000,bid
86758.954360,0.000000,bid
86755.950380,0.000000,bid
86755.391500,0.151485,bid
86755.221840,0.000000,bid
86755.211860,0.000000,bid
86754.503280,0.000000,bid
86754.493300,0.000000,bid
86752.716860,0.000000,bid
86752.706880,0.000000,bid
86751.649000,0.228326,bid
86750.431440,1.150426,bid
86749.972360,0.037664,bid
86748.415480,0.000000,bid
86743.415500,0.512555,bid
86740.301740,0.000000,bid
86738.086180,0.000000,bid
86734.683000,1.896595,bid
86717.018400,0.000000,bid
86715.241960,0.360476,bid
86713.245960,0.796394,bid
86713.176100,0.000000,bid
86711.110240,0.544413,bid
86711.050360,0.000000,bid
86710.391680,0.000000,bid
86697.487540,2.922803,bid
86680.032520,1.272547,bid
86679.852880,0.000000,bid
86666.070500,2.004219,bid
86217.170100,0.002875,bid
86210.623220,0.000000,bid
86768.106020,0.000000,offer
86772.287640,0.000000,offer
86773.595020,0.008835,offer
86773.724760,0.000000,offer
86774.942320,0.000000,offer
86774.952300,0.000000,offer
86775.501200,0.000000,offer
86775.511180,0.061501,offer
86775.551100,0.000000,offer
86776.778640,0.000000,offer
86779.363460,0.000000,offer
86779.373440,0.000000,offer
86779.383420,0.000000,offer
86779.393400,0.000000,offer
86779.403380,0.000000,offer
86779.573040,0.000000,offer
86781.399380,0.000000,offer
86782.107960,0.000000,offer
86785.141880,0.015019,offer
86785.151860,0.000000,offer
86788.724700,0.000000,offer
86793.734660,0.000000,offer
86794.852420,0.114814,offer
86799.543020,0.007489,offer
86802.996100,0.289007,offer
86803.794500,2.874299,offer
86807.726620,0.000000,offer
86810.550960,0.382531,offer
86821.598820,0.043680,offer
86833.125720,0.000000,offer
86852.806280,0.000000,offer
86868.444940,0.000000,offer
86870.540740,0.000000,offer
86874.203400,0.639941,offer
86876.169460,0.425156,offer
86772.287640,0.572915,bid
86772.277660,0.000000,bid
86770.301620,0.131860,bid
86760.860540,0.000000,bid
86755.391500,0.151485,bid
86755.211860,0.000000,bid
86751.649000,0.228326,bid
86745.331660,0.000000,bid
86734.683000,0.215874,bid
86731.349680,0.000000,bid
86720.651120,0.143759,bid
86708.984500,0.000000,bid
86772.297620,0.000000,offer
86773.605000,0.000000,offer
86775.511180,0.000000,offer
86785.141880,0.000000,offer
86785.161840,0.000000,offer
86785.700760,0.015019,offer
86803.375340,0.000000,offer
86803.794500,0.000000,offer
86811.568920,0.000000,offer
86816.938160,0.000166,offer
86816.948140,0.000000,offer
86824.672660,0.000000,offer
86829.522940,0.266832,offer
86840.920100,0.031629,offer
86849.303300,0.070860,offer
86850.081740,0.000000,offer
86863.215420,0.092016,offer
86773.744720,0.007444,bid
86773.714780,0.040000,bid
86773.704800,0.000000,bid
86773.694820,0.008182,bid
86773.595020,0.451931,bid
86773.585040,0.638235,bid
86772.317580,0.000402,bid
86772.307600,0.000000,bid
86772.297620,0.000000,bid
86772.287640,0.000495,bid
86770.301620,0.000000,bid
86768.116000,0.000000,bid
86762.347560,0.228326,bid
86760.830600,0.457348,bid
86760.401460,0.488999,bid
86757.078120,0.000000,bid
86755.411460,0.151485,bid
86755.401480,0.000000,bid
86755.391500,0.000000,bid
86751.649000,0.000000,bid
86751.629040,0.000000,bid
86747.996320,0.140000,bid
86719.303820,0.796338,bid
86717.178080,0.544375,bid
86713.245960,0.000000,bid
86711.110240,0.000000,bid
86685.711140,1.272464,bid
86684.403760,0.000000,bid
86680.032520,0.000000,bid
86217.170100,0.000000,bid
75922.041620,0.000000,bid
86773.595020,0.000000,offer
86773.754700,0.000125,offer
86781.519140,0.008835,offer
86781.529120,0.230200,offer
86787.586980,0.120000,offer
86794.113900,0.140000,offer
86794.852420,0.114814,offer
86794.862400,0.450304,offer
86794.872380,0.000000,offer
86795.111900,0.566340,offer
86796.319480,0.087109,offer
86799.543020,0.000000,offer
86802.976140,0.000000,offer
86803.125840,0.007489,offer
86806.519040,0.040255,offer
86806.529020,0.490472,offer
86810.550960,0.000000,offer
86816.618800,0.382504,offer
86816.938160,0.000000,offer
86821.379260,0.000166,offer
86773.744720,0.215550,bid
86773.694820,0.000000,bid
86773.595020,0.120709,bid
86773.585040,0.079645,bid
86762.347560,0.000000,bid
86757.078120,0.228326,bid
86719.932560,0.360456,bid
86715.241960,0.000000,bid
86781.509160,0.006288,offer
86781.519140,0.000000,offer
86781.529120,0.000000,offer
86781.539100,0.000000,offer
86785.700760,0.000000,offer
86794.113900,0.000000,offer
86799.562980,0.056448,offer
86863.225400,0.000000,offer
86868.434960,0.042488,offer
86773.744720,0.345383,bid
86762.337580,0.072510,bid
86762.327600,0.000000,bid
86748.784740,0.005752,bid
86742.916500,0.034518,bid
86736.688980,0.000000,bid
86722.158100,0.796312,bid
86719.982460,0.544357,bid
86719.303820,0.000000,bid
86717.178080,0.000000,bid
86713.964520,0.000000,bid
86708.854760,0.000000,bid
86695.741040,0.000000,bid
86693.066400,0.000000,bid
86690.341860,0.040254,bid
86687.667220,1.272435,bid
86685.711140,0.000000,bid
86680.890800,0.000000,bid
86654.882920,0.000000,bid
86654.872940,0.000000,bid
86220.902620,0.000000,bid
86781.509160,0.000000,offer
86785.680800,0.050000,offer
86785.690780,0.114814,offer
86785.700760,0.014907,offer
86786.129900,0.034518,offer
86786.968220,0.000000,offer
86787.586980,0.000000,offer
86789.712720,0.000000,offer
86794.852420,0.000000,offer
86816.618800,0.000000,offer
86819.493040,0.382492,offer
86829.522940,0.000000,offer
86834.213540,0.266817,offer
86872.257300,0.000000,offer
86874.203400,0.000000,offer
86876.169460,0.000000,offer
86879.143500,0.639905,offer
86883.015740,0.425122,offer
86896.319080,0.000000,offer
87007.077120,0.000000,offer
87220.768880,0.050000,offer
86773.744720,0.449782,bid
86768.135960,0.034077,bid
86762.337580,0.119958,bid
86762.237780,0.000000,bid
86751.639020,0.000000,bid
86750.431440,0.000000,bid
86747.996320,0.000000,bid
86738.784780,0.000000,bid
86721.768880,0.360449,bid
86719.932560,0.000000,bid
86664.723200,0.092010,bid
86592.118700,0.000000,bid
86556.041000,0.000000,bid
86785.670820,0.134894,offer
86785.690780,0.000000,offer
86785.700760,0.000000,offer
86785.720720,0.000000,offer
86789.453240,0.038930,offer
86802.976140,0.114814,offer
86803.036020,0.000000,offer
86816.099840,0.000000,offer
86773.754700,0.404671,bid
86773.744720,0.223420,bid
86773.714780,0.000000,bid
86773.595020,0.000000,bid
86772.317580,0.000000,bid
86772.287640,0.000000,bid
86762.387480,0.000000,bid
86762.377500,0.000125,bid
86762.337580,0.052063,bid
86760.840580,0.005482,bid
86760.830600,0.699169,bid
86757.447380,0.230462,bid
86752.896500,0.000000,bid
86749.972360,0.000000,bid
86747.676960,0.000000,bid
86743.684960,0.000000,bid
86640.631480,0.109441,bid
86611.829200,0.036515,bid
86562.019020,0.000000,bid
86509.953360,0.000000,bid
86773.754700,0.000000,offer
86785.670820,0.036006,offer
86785.680800,0.000000,offer
86785.710740,0.000000,offer
86788.505140,0.114814,offer
86791.060020,0.079645,offer
86791.798540,0.000000,offer
86796.319480,0.153596,offer
86799.612880,0.140000,offer
86802.976140,0.000000,offer
86803.125840,0.000000,offer
86806.519040,0.000000,offer
86806.558960,0.007489,offer
86808.634800,0.200682,offer
86811.449160,0.000000,offer
86813.045960,0.383566,offer
86819.473080,0.382492,offer
86819.493040,0.000000,offer
86819.842340,0.023632,offer
86841.159620,0.000000,offer
86882.995780,0.425123,offer
86883.015740,0.000000,offer
87220.768880,0.000000,offer
86774.453300,0.002038,bid
86774.443320,0.105351,bid
86774.433340,0.095000,bid
86774.273660,0.001814,bid
86774.263680,0.002553,bid
86774.253700,0.000000,bid
86774.213780,0.000000,bid
86774.203800,0.000000,bid
86774.193820,0.000000,bid
86774.183840,0.000000,bid
86774.173860,0.000000,bid
86774.104000,0.000000,bid
86774.084040,0.000000,bid
86774.074060,0.000000,bid
86774.014180,0.000000,bid
86773.994220,0.000000,bid
86773.984240,0.000000,bid
86773.754700,0.274223,bid
86762.387480,0.000125,bid
86762.377500,0.005482,bid
86760.840580,0.228326,bid
86757.078120,0.000000,bid
86722.866680,0.796305,bid
86722.158100,0.000000,bid
86721.998420,0.360448,bid
86721.768880,0.000000,bid
86720.701020,0.544353,bid
86719.982460,0.000000,bid
86687.876800,1.272432,bid
86687.667220,0.000000,bid
86439.963620,0.000000,bid
86377.219360,0.000000,bid
86308.407260,0.000000,bid
86226.241920,0.002875,bid
83298.239660,0.000000,bid
86785.670820,0.015019,offer
86786.129900,0.000000,offer
86788.495160,0.015019,offer
86791.060020,0.000000,offer
86791.588960,0.040000,offer
86792.986160,0.080000,offer
86806.558960,0.000000,offer
86821.598820,0.000000,offer
86834.213540,0.000000,offer
86835.860240,0.043673,offer
86837.017920,0.266809,offer
86776.658880,0.041496,bid
86776.648900,0.063898,bid
86776.638920,0.095000,bid
86775.640920,0.002028,bid
86775.630940,0.002704,bid
86775.620960,0.000000,bid
86774.583040,0.000000,bid
86774.573060,0.000000,bid
86774.563080,0.000000,bid
86774.523160,0.000000,bid
86774.513180,0.000000,bid
86774.453300,0.000000,bid
86774.443320,0.000000,bid
86774.433340,0.000000,bid
86774.273660,0.000000,bid
86774.263680,0.000000,bid
86767.906420,0.003451,bid
86762.367520,0.000000,bid
86755.411460,0.216549,bid
86753.485320,0.140000,bid
86748.764780,0.120000,bid
86748.146020,0.162080,bid
86561.080900,0.081095,bid
86492.947440,0.114534,bid
86308.407260,0.000000,bid
85875.325160,0.184344,bid
86785.670820,0.000000,offer
86788.335480,0.000000,offer
86788.505140,0.000000,offer
86788.515120,0.000000,offer
86791.070000,0.000000,offer
86794.852420,0.114814,offer
86802.976140,0.000000,offer
86813.035980,0.040253,offer
86819.473080,0.000000,offer
86821.678660,0.382482,offer
86842.886160,0.406000,offer
86879.143500,0.000000,offer
86884.452860,0.639866,offer
87047.386340,0.000000,offer
86776.988220,0.003045,bid
86776.978240,0.040000,bid
86776.968260,0.003053,bid
86776.958280,0.000000,bid
86776.698800,0.000000,bid
86776.688820,0.000000,bid
86776.678840,0.000000,bid
86776.668860,0.000000,bid
86776.658880,0.000000,bid
86776.648900,0.000000,bid
86776.638920,0.000000,bid
86775.640920,0.000000,bid
86775.630940,0.000000,bid
86762.387480,0.000000,bid
86762.377500,0.000000,bid
86762.357540,0.000125,bid
86762.347560,0.005482,bid
86725.391620,0.796282,bid
86723.774860,0.360440,bid
86723.225960,0.544337,bid
86722.866680,0.000000,bid
86721.998420,0.000000,bid
86720.701020,0.000000,bid
86690.930680,1.272387,bid
86687.876800,0.000000,bid
86777.906380,0.000015,offer
86778.026140,0.000373,offer
86786.708740,0.062133,offer
86800.760580,0.031964,offer
87076.248500,0.320486,offer
86777.117960,0.042364,bid
86777.107980,0.042544,bid
86777.098000,0.000000,bid
86777.088020,0.002583,bid
86777.078040,0.002475,bid
86777.068060,0.000000,bid
86777.058080,0.000000,bid
86777.048100,0.000000,bid
86777.038120,0.020000,bid
86777.028140,0.000000,bid
86777.018160,0.000000,bid
86777.008180,0.000000,bid
86776.998200,0.000000,bid
86776.988220,0.000000,bid
86776.978240,0.000000,bid
86776.968260,0.000000,bid
86762.357540,0.000125,bid
86308.407260,0.050000,bid
86788.495160,0.000000,offer
86789.273600,0.014532,offer
86804.652780,0.883433,offer
86835.231500,1.579821,offer
86883.524720,0.639873,offer
86884.452860,0.000000,offer
86777.247700,0.040447,bid
86777.237720,0.041956,bid
86777.227740,0.002607,bid
86777.217760,0.000000,bid
86777.207780,0.002700,bid
86777.197800,0.000000,bid
86777.187820,0.000000,bid
86777.177840,0.000000,bid
86777.167860,0.000000,bid
86777.157880,0.000000,bid
86777.147900,0.000000,bid
86777.137920,0.000000,bid
86777.127940,0.000000,bid
86777.117960,0.000000,bid
86777.107980,0.000000,bid
86777.088020,0.000000,bid
86777.078040,0.000000,bid
86727.826740,0.000000,bid
86723.914580,0.360440,bid
86723.774860,0.000000,bid
86681.050480,0.088554,bid
86667.327980,0.000000,bid
86653.695300,0.050000,bid
86646.350020,0.000000,bid
86308.407260,0.000000,bid
86219.864700,0.000000,bid
83764.734800,0.014297,bid
82773.561120,0.019291,bid
86777.387420,0.041249,bid
86777.377440,0.040000,bid
86777.367460,0.002162,bid
86777.357480,0.002237,bid
86777.347500,0.000000,bid
86777.337520,0.000000,bid
86777.327540,0.000000,bid
86777.317560,0.000000,bid
86777.307580,0.000000,bid
86777.297600,0.000000,bid
86777.287620,0.000000,bid
86777.277640,0.000000,bid
86777.267660,0.000000,bid
86777.257680,0.000000,bid
86777.247700,0.000000,bid
86777.237720,0.000000,bid
86777.227740,0.000000,bid
86777.207780,0.000000,bid
86308.407260,0.050000,bid
83906.450800,0.013084,bid
83134.148500,0.016807,bid
87228.164060,0.050000,offer
87313.453140,0.050000,offer
86777.447300,0.000000,bid
86777.437320,0.000000,bid
86777.427340,0.000000,bid
86777.417360,0.000000,bid
86777.407380,0.000000,bid
86777.397400,0.000000,bid
86777.387420,0.000000,bid
86777.377440,0.000000,bid
86777.367460,0.000000,bid
86777.357480,0.000000,bid
86777.048100,0.012000,bid
86773.754700,0.144893,bid
86773.744720,0.007870,bid
86770.321580,0.000125,bid
86762.357540,0.000000,bid
86729.393600,0.024136,bid
86725.391620,0.000000,bid
86722.627160,0.796308,bid
86308.407260,0.050000,bid
86777.437320,0.000000,offer
86777.457280,0.000001,offer
86777.906380,0.000000,offer
86778.026140,0.000155,offer
86786.529100,0.026287,offer
86786.618920,0.047694,offer
86786.698760,0.050000,offer
86789.253640,0.079645,offer
86789.263620,0.014809,offer
86789.273600,0.000000,offer
86804.313460,0.007489,offer
86816.179680,0.021905,offer
86820.021980,0.382489,offer
86821.678660,0.000000,offer
86836.808340,0.266809,offer
86837.017920,0.000000,offer
86881.838100,0.639885,offer
86883.524720,0.000000,offer
86777.447300,1.100000,bid
86777.048100,0.000000,bid
86777.038120,0.000000,bid
86770.321580,0.000000,bid
86768.275680,0.000125,bid
86768.265700,0.028755,bid
86768.106020,0.121163,bid
86767.626980,0.115020,bid
86765.002240,0.173409,bid
86764.992260,0.115023,bid
86762.557140,0.115027,bid
86762.357540,0.000000,bid
86762.347560,0.000000,bid
86762.337580,0.004615,bid
86760.850560,0.005482,bid
86760.640980,0.575146,bid
86759.263740,0.000000,bid
86754.952380,1.150367,bid
86751.698900,1.150410,bid
86739.942460,2.876414,bid
86724.174060,2.876937,bid
86723.994420,0.360440,bid
86723.914580,0.000000,bid
86707.537400,7.580000,bid
86308.407260,0.000000,bid
86777.457280,0.000126,offer
86786.519120,0.011513,offer
86786.698760,0.000000,offer
86789.253640,0.000000,offer
86789.263620,0.000000,offer
86791.878380,0.034516,offer
86868.434960,0.000000,offer
86873.125560,0.042488,offer
86917.037560,7.580000,offer
87036.837480,7.170000,offer
87793.052020,0.021655,offer
86777.447300,1.214798,bid
86741.888560,0.921039,bid
87228.164060,0.000000,offer
87313.453140,0.000000,offer
86777.447300,1.309798,bid
86768.275680,0.000000,bid
86767.646940,0.000000,bid
86765.022200,0.000125,bid
86765.012220,0.005482,bid
86760.850560,0.000000,bid
86744.822680,0.000000,bid
86741.369600,0.000000,bid
86725.331740,0.360434,bid
86724.473460,0.796291,bid
86723.994420,0.000000,bid
86723.615180,0.544334,bid
86723.225960,0.000000,bid
86722.627160,0.000000,bid
86693.156220,0.000000,bid
86691.270000,1.272382,bid
86690.930680,0.000000,bid
86681.050480,0.000000,bid
86676.309980,0.088553,bid
86587.747460,7.170000,bid
84228.415580,0.011849,bid
83726.451520,0.014304,bid
86786.519120,0.000000,offer
86786.529100,0.000000,offer
86786.588980,0.000000,offer
86786.598960,0.000000,offer
86786.608940,0.000000,offer
86786.618920,0.000000,offer
86786.668820,0.000000,offer
86786.678800,0.000000,offer
86786.698760,0.000000,offer
86786.708740,0.000000,offer
86789.253640,0.014323,offer
86789.263620,0.050000,offer
86789.273600,0.108077,offer
86820.021980,0.000000,offer
86823.145720,0.382475,offer
86835.221520,1.041113,offer
86836.808340,0.000000,offer
86836.818320,0.000000,offer
86839.942060,0.266800,offer
87228.164060,0.050000,offer
87313.453140,0.050000,offer
86773.754700,0.124893,bid
86769.393440,0.028754,bid
86768.265700,0.000000,bid
86742.916500,0.000000,bid
86789.263620,0.000000,offer
86789.273600,0.094228,offer
86791.878380,0.000000,offer
86813.794460,0.000000,offer
86822.047920,0.036353,offer
86725.790820,0.796279,bid
86725.341720,0.360434,bid
86725.331740,0.000000,bid
86724.473460,0.000000,bid
86789.263620,0.050000,offer
86823.135740,0.382476,offer
86823.145720,0.000000,offer
86839.932080,0.266800,offer
86839.942060,0.000000,offer
87031.518140,0.118100,offer
87040.200740,0.000000,offer
87313.453140,0.000000,offer
86741.888560,0.000000,bid
86697.487540,0.000000,bid
86697.477560,0.000000,bid
75930.275120,0.006541,bid
86796.329460,0.000000,offer
86804.652780,0.000000,offer
86835.221520,0.000000,offer
86835.231500,0.000000,offer
86786.718720,0.000000,bid
86777.497200,0.003808,bid
86777.487220,0.000000,bid
86777.477240,0.000000,bid
86777.467260,0.040000,bid
86777.457280,0.822175,bid
86777.447300,1.100000,bid
86768.135960,0.037528,bid
86767.906420,0.000000,bid
86765.022200,0.000000,bid
86765.012220,0.000125,bid
86762.567120,0.233808,bid
86760.840580,0.000000,bid
86757.377520,0.162080,bid
86743.415500,2.032743,bid
86730.361660,0.796237,bid
86728.186020,0.544306,bid
86725.790820,0.000000,bid
86725.361680,0.360434,bid
86725.341720,0.000000,bid
86723.615180,0.000000,bid
86707.547380,5.218860,bid
86707.247980,0.000000,bid
86695.850820,1.272315,bid
86691.270000,0.000000,bid
86676.319960,0.124681,bid
83547.589960,0.015529,bid
82320.409240,0.021822,bid
86777.457280,0.000000,offer
86778.026140,0.000000,offer
86786.728700,0.000234,offer
86789.153840,0.008835,offer
86789.163820,0.040160,offer
86789.253640,0.000000,offer
86789.263620,0.100000,offer
86789.273600,0.094228,offer
86794.852420,0.092165,offer
86800.940220,0.194459,offer
86800.950200,1.149757,offer
86802.976140,0.000000,offer
86812.257540,2.874018,offer
86823.125760,0.382476,offer
86823.135740,0.000000,offer
86831.049880,2.873396,offer
86839.932080,0.000000,offer
86840.920100,0.000000,offer
86843.744440,0.031629,offer
86844.522880,0.266786,offer
86853.514860,2.872653,offer
86874.452900,5.743921,offer
86881.838100,0.000000,offer
86882.995780,0.000000,offer
86889.502740,0.639829,offer
86891.239260,0.425082,offer
86901.548600,0.501079,offer
87228.164060,0.000000,offer
86777.626940,0.000000,bid
86777.616960,0.000000,bid
86777.507180,0.000000,bid
86777.497200,0.000000,bid
86777.467260,0.003808,bid
86777.457280,0.802175,bid
86769.393440,0.000000,bid
86768.215800,0.028755,bid
86765.012220,0.000125,bid
86762.567120,0.005482,bid
86748.146020,0.000000,bid
86740.152040,0.000000,bid
86580.192600,5.750258,bid
86554.124840,0.000000,bid
86777.477240,0.000125,offer
86786.668820,0.063385,offer
86786.728700,0.000304,offer
86789.044060,0.113977,offer
86789.054040,0.056260,offer
86789.103940,0.056396,offer
86789.113920,0.000000,offer
86789.153840,0.000000,offer
86789.163820,0.000000,offer
86789.253640,0.079645,offer
86789.263620,0.050000,offer
86794.852420,0.079645,offer
86800.940220,0.079645,offer
86806.040000,0.000000,offer
87791.704720,0.009000,offer
86777.467260,0.000000,bid
86777.457280,0.676296,bid
86768.215800,0.000000,bid
86765.012220,0.000000,bid
86762.587080,0.000125,bid
86762.577100,0.000000,bid
86762.567120,0.000000,bid
86760.840580,0.005482,bid
86749.922460,0.004602,bid
86742.118100,0.910824,bid
86730.361660,0.000000,bid
86728.186020,0.000000,bid
86724.593220,0.796290,bid
86722.277860,0.544343,bid
86711.559340,1.644415,bid
86695.850820,0.000000,bid
86689.643260,1.272406,bid
86777.467260,0.000125,offer
86777.477240,0.000000,offer
86786.608940,0.010738,offer
86786.658840,0.038213,offer
86789.024100,0.050000,offer
86789.034080,0.318655,offer
86789.044060,0.063977,offer
86789.103940,0.050000,offer
86789.273600,0.000000,offer
86790.610920,0.004602,offer
86800.940220,0.942904,offer
86802.986120,0.000000,offer
86804.602880,0.881569,offer
86812.247560,1.724411,offer
86821.988040,0.382481,offer
86823.125760,0.000000,offer
86835.181600,1.551518,offer
86838.654640,0.266804,offer
86844.143640,0.000000,offer
86844.522880,0.000000,offer
86884.263240,0.639867,offer
86885.540680,0.425110,offer
86889.502740,0.000000,offer
86891.239260,0.000000,offer
86777.457280,0.016296,bid
86765.012220,0.005608,bid
86762.587080,0.000000,bid
86762.567120,0.000000,bid
75930.275120,0.000000,bid
86786.598960,0.104656,offer
86786.608940,0.110738,offer
86786.618920,0.050000,offer
86786.628900,0.000000,offer
86786.638880,0.000000,offer
86786.648860,0.000000,offer
86786.658840,0.000000,offer
86789.024100,0.000000,offer
86789.034080,0.223030,offer
86789.044060,0.000000,offer
86789.103940,0.000000,offer
86789.263620,0.000000,offer
86765.022200,0.000125,bid
86765.012220,0.005482,bid
86760.840580,0.000000,bid
86786.588980,0.050000,offer
86786.598960,0.154656,offer
86786.618920,0.000000,offer
86773.744720,0.000000,bid
86760.830600,1.042258,bid
86757.457360,0.228326,bid
86724.633140,0.796289,bid
86724.593220,0.000000,bid
84290.910340,0.011840,bid
86786.539080,0.050000,offer
86786.549060,0.000000,offer
86786.559040,0.050000,offer
86786.569020,0.004768,offer
86786.579000,0.000000,offer
86786.588980,0.000000,offer
86786.598960,0.000000,offer
86786.608940,0.010738,offer
86789.034080,0.208533,offer
86794.842440,0.114814,offer
82859.339220,0.000000,bid
86786.499160,0.008835,offer
86786.509140,0.004768,offer
86786.519120,0.050000,offer
86786.529100,0.137517,offer
86786.539080,0.050000,offer
86786.549060,0.000000,offer
86786.569020,0.000000,offer
86790.610920,0.000000,offer
86838.644660,0.266804,offer
86838.654640,0.000000,offer
86777.467260,0.000000,bid
86777.457280,0.660000,bid
86769.642940,0.028754,bid
86765.022200,0.000000,bid
86765.012220,0.000125,bid
86760.840580,0.233808,bid
86757.457360,0.000000,bid
86339.664620,0.000000,bid
86777.467260,0.000000,offer
86786.329500,0.039795,offer
86786.339480,0.042257,offer
86786.419320,0.001235,offer
86786.429300,0.134000,offer
86786.439280,0.051963,offer
86786.489180,0.004768,offer
86786.499160,0.000000,offer
86786.509140,0.050000,offer
86786.519120,0.050000,offer
86786.529100,0.050000,offer
86786.549060,0.000000,offer
86786.559040,0.000000,offer
86786.668820,0.000000,offer
86789.034080,0.000000,offer
86789.054040,0.000000,offer
86794.842440,0.000000,offer
86799.553000,0.114814,offer
86821.948120,0.382481,offer
86821.988040,0.000000,offer
86777.467260,0.003765,bid
86765.012220,0.000125,bid
86760.850560,0.005482,bid
86760.840580,0.228326,bid
86786.229700,0.000000,offer
86786.239680,0.061557,offer
86786.289580,0.050000,offer
86786.299560,0.054064,offer
86786.319520,0.000000,offer
86786.329500,0.000000,offer
86786.339480,0.000000,offer
86786.419320,0.000000,offer
86786.429300,0.000000,offer
86786.439280,0.000000,offer
86786.509140,0.000000,offer
86786.519120,0.000000,offer
86786.539080,0.000000,offer
86786.608940,0.000000,offer
86794.842440,0.114814,offer
86799.553000,0.000000,offer
86838.494960,0.266804,offer
86838.644660,0.000000,offer
86885.520720,0.425110,offer
86885.540680,0.000000,offer
86777.467260,0.000000,bid
86785.970220,0.054707,offer
86786.050060,0.321557,offer
86786.060040,0.000926,offer
86786.070020,0.050862,offer
86786.139880,0.050000,offer
86786.149860,0.006089,offer
86786.159840,0.050000,offer
86786.169820,0.044327,offer
86786.199760,0.050000,offer
86786.209740,0.000000,offer
86786.219720,0.000000,offer
86786.229700,0.050000,offer
86786.239680,0.000000,offer
86786.299560,0.000000,offer
86786.489180,0.000000,offer
86786.519120,0.000000,offer
86786.529100,0.000000,offer
86789.243660,0.142015,offer
86794.842440,0.114814,offer
86800.750600,0.000000,offer
86821.808400,0.382481,offer
86821.948120,0.000000,offer
86777.457280,0.000000,bid
86777.457280,0.000125,offer
86777.467260,0.000000,offer
86785.790580,0.000000,offer
86785.800560,0.000000,offer
86785.810540,0.113095,offer
86785.820520,0.000000,offer
86785.870420,0.000000,offer
86785.880400,0.000000,offer
86785.890380,0.000000,offer
86785.950260,0.000000,offer
86785.960240,0.000000,offer
86785.970220,0.000000,offer
86786.050060,0.000000,offer
86786.060040,0.000000,offer
86786.070020,0.000000,offer
86786.139880,0.000000,offer
86786.149860,0.004855,offer
86786.159840,0.000000,offer
86786.169820,0.000000,offer
86786.199760,0.000000,offer
86794.842440,0.114814,offer
86799.553000,0.000000,offer
86804.592900,1.139823,offer
86806.529020,0.000000,offer
86838.285380,0.266805,offer
86838.494960,0.000000,offer
86885.341080,0.425111,offer
86885.520720,0.000000,offer
86765.022200,0.000125,bid
86765.012220,0.004065,bid
86760.850560,0.000000,bid
86785.770620,0.001800,offer
86785.780600,0.026227,offer
86785.790580,0.000000,offer
86785.800560,0.000000,offer
86785.810540,0.000000,offer
86785.860440,0.000000,offer
86786.149860,0.000000,offer
86786.229700,0.000000,offer
86786.259640,0.000000,offer
86786.269620,0.000000,offer
86786.279600,0.050000,offer
86786.289580,0.000000,offer
86789.233680,0.015019,offer
86957.626220,0.000000,offer
86996.927460,7.803000,offer
87228.164060,0.050000,offer
86777.477240,0.002824,bid
86777.467260,0.040000,bid
86777.457280,0.663765,bid
86777.447300,1.100000,bid
86761.928400,0.023002,bid
86725.970460,0.914377,bid
86724.633140,0.000000,bid
86723.465480,0.544335,bid
86722.277860,0.000000,bid
86690.601340,1.272392,bid
86689.643260,0.000000,bid
86580.182620,0.000000,bid
86777.457280,0.000000,offer
86785.770620,0.000000,offer
86785.780600,0.000000,offer
86786.269620,0.050000,offer
86786.279600,0.000000,offer
86789.233680,0.065019,offer
86791.918300,0.034516,offer
86821.678660,0.382482,offer
86821.808400,0.000000,offer
86765.022200,0.000000,bid
86765.012220,0.000125,bid
86762.347560,0.005482,bid
86682.936700,0.088555,bid
86676.319960,0.000000,bid
86676.309980,0.000000,bid
86789.223700,0.007707,offer
86789.233680,0.050000,offer
87228.164060,0.000000,offer
86777.477240,0.000000,bid
86777.467260,0.000000,bid
86777.457280,0.660000,bid
86760.850560,0.005482,bid
86725.361680,0.000000,bid
86722.457500,0.360446,bid
39924.990000,0.000625,bid
86785.840480,0.000804,offer
86785.850460,0.059888,offer
86785.910340,0.050738,offer
86785.920320,0.182226,offer
86785.930300,0.066948,offer
86786.020120,0.000000,offer
86786.030100,0.000000,offer
86786.060040,0.000000,offer
86786.070020,0.000000,offer
86786.080000,0.000000,offer
86786.139880,0.050000,offer
86786.149860,0.002003,offer
86786.159840,0.000000,offer
86786.169820,0.000000,offer
86786.239680,0.000000,offer
86786.249660,0.050000,offer
86786.259640,0.050000,offer
86786.269620,0.000000,offer
86789.223700,0.000000,offer
86789.233680,0.000000,offer
86777.467260,0.000000,bid
86777.447300,1.107870,bid
86765.012220,0.000125,bid
86762.347560,0.000000,bid
86785.650860,0.101174,offer
86785.660840,0.201485,offer
86785.670820,0.055488,offer
86785.740680,0.000000,offer
86785.750660,0.039402,offer
86785.830500,0.000000,offer
86785.840480,0.004855,offer
86785.850460,0.000000,offer
86785.910340,0.000000,offer
86785.920320,0.000000,offer
86785.930300,0.000000,offer
86786.020120,0.000000,offer
86786.139880,0.000000,offer
86786.149860,0.000000,offer
86791.918300,0.000000,offer
86794.842440,0.114814,offer
86799.553000,0.000000,offer
86821.668680,0.382482,offer
86821.678660,0.000000,offer
86838.255440,0.266805,offer
86838.285380,0.000000,offer
86777.477240,0.000000,bid
86777.467260,0.003765,bid
86762.347560,0.005482,bid
86760.850560,0.000000,bid
86785.600960,0.079364,offer
86785.610940,0.000000,offer
86785.620920,0.000000,offer
86785.630900,0.000000,offer
86785.640880,0.004855,offer
86785.650860,0.050000,offer
86785.660840,0.000000,offer
86785.670820,0.000000,offer
86785.750660,0.000000,offer
86785.840480,0.000000,offer
86786.249660,0.000000,offer
86786.259640,0.000000,offer
86794.323480,0.050000,offer
86885.331100,0.425111,offer
86885.341080,0.000000,offer
87791.704720,0.004275,offer
86785.600960,0.022948,offer
86789.233680,0.000000,offer
87793.052020,0.014577,offer
86726.000400,0.796277,bid
86725.970460,0.118100,bid
86724.084240,0.360439,bid
86722.457500,0.000000,bid
75933.867920,0.006541,bid
86785.600960,0.000000,offer
86785.640880,0.000000,offer
86785.650860,0.000000,offer
86789.203740,0.053250,offer
86789.233680,0.061788,offer
86789.243660,0.192015,offer
86794.323480,0.000000,offer
86821.648720,0.382482,offer
86821.668680,0.000000,offer
86838.235480,0.266805,offer
86838.255440,0.000000,offer
86885.321120,0.425111,offer
86885.331100,0.000000,offer
87228.164060,0.050000,offer
87313.453140,0.050000,offer
86777.477240,0.015294,bid
86777.467260,0.000000,bid
86760.850560,0.000000,bid
86777.487220,0.000122,offer
86786.419320,0.204295,offer
86786.429300,0.060291,offer
86786.459240,0.050000,offer
86786.469220,0.050000,offer
86786.479200,0.000000,offer
86786.489180,0.044018,offer
86786.519120,0.039665,offer
86786.529100,0.001061,offer
86786.539080,0.056965,offer
86786.608940,0.000000,offer
86786.618920,0.004855,offer
86786.628900,0.000000,offer
86786.708740,0.000000,offer
86786.718720,0.000000,offer
86789.203740,0.000000,offer
86789.213720,0.000000,offer
86789.223700,0.172015,offer
86789.233680,0.000000,offer
86789.243660,0.000000,offer
86794.842440,0.114814,offer
86799.553000,0.000000,offer
86800.750600,0.000000,offer
86778.375440,0.003765,bid
86778.365460,0.000000,bid
86778.355480,0.000000,bid
86778.345500,0.000000,bid
86778.086020,0.000000,bid
86778.076040,0.000000,bid
86778.066060,0.000000,bid
86777.597000,0.000000,bid
86777.587020,0.000000,bid
86777.497200,0.000000,bid
86777.487220,0.002824,bid
86777.477240,0.015324,bid
86765.012220,0.000125,bid
86765.002240,0.320657,bid
86762.567120,0.005482,bid
86762.327600,0.228326,bid
86761.938380,0.000000,bid
86760.840580,0.000000,bid
86755.411460,0.898636,bid
86748.405500,0.000000,bid
86725.980440,2.373634,bid
86723.744920,0.544333,bid
86723.465480,0.000000,bid
86696.269980,1.800000,bid
86690.830880,1.272389,bid
86690.601340,0.000000,bid
86663.236180,0.000000,bid
86659.952760,0.000000,bid
86653.695300,0.000000,bid
86651.898900,0.000000,bid
86546.929260,0.000000,bid
86308.407260,0.000000,bid
86777.487220,0.000000,offer
86785.521120,0.058606,offer
86785.581000,0.050000,offer
86785.590980,0.000000,offer
86786.339480,0.000000,offer
86786.379400,0.000000,offer
86786.389380,0.000000,offer
86786.409340,0.000000,offer
86786.419320,0.000000,offer
86786.429300,0.000000,offer
86786.459240,0.000000,offer
86786.469220,0.000000,offer
86786.489180,0.000000,offer
86786.519120,0.000000,offer
86786.529100,0.000000,offer
86786.539080,0.000000,offer
86786.618920,0.000000,offer
86787.147860,0.172491,offer
86788.535080,0.574961,offer
86789.203740,0.000000,offer
86789.213720,0.064289,offer
86789.223700,0.000000,offer
86789.243660,0.050000,offer
86789.283580,0.000000,offer
86789.443260,0.000000,offer
86793.485160,0.114814,offer
86793.495140,1.149856,offer
86794.842440,0.015019,offer
86795.071980,0.118100,offer
86799.553000,0.000000,offer
86820.840340,0.382486,offer
86821.648720,0.000000,offer
86837.417120,0.266807,offer
86838.235480,0.000000,offer
86883.814140,0.639870,offer
86884.263240,0.000000,offer
86884.542680,0.425115,offer
86885.321120,0.000000,offer
87313.453140,0.000000,offer
86778.375440,0.000000,bid
86777.487220,0.000000,bid
86762.347560,0.000000,bid
86752.167960,0.030524,bid
86743.166000,0.000024,bid
86716.220000,0.000000,bid
86653.695300,0.050000,bid
75933.867920,0.000000,bid
86777.487220,0.000111,offer
86777.497200,0.000000,offer
86785.481200,0.000000,offer
86785.511140,0.000000,offer
86785.521120,0.000000,offer
86785.581000,0.000000,offer
86786.718720,0.001692,offer
86787.117920,0.013846,offer
86787.127900,0.000000,offer
86787.137880,0.050000,offer
86791.918300,0.034516,offer
86794.842440,0.000000,offer
86830.990000,0.000024,offer
87228.164060,0.000000,offer
86729.393600,0.000000,bid
86816.179680,0.000000,offer
86777.477240,0.133243,bid
86725.042320,0.022541,bid
86787.117920,0.000000,offer
86787.127900,0.063753,offer
86787.137880,0.638200,offer
86789.243660,0.000000,offer
86793.475180,0.114814,offer
86793.485160,1.250493,offer
86794.862400,0.000000,offer
86811.818420,0.022132,offer
86813.045960,0.624911,offer
87313.453140,0.050000,offer
86791.918300,0.000000,offer
86769.642940,0.000000,bid
86768.455320,0.000000,bid
83735.832720,0.014302,bid
86786.698760,0.001692,offer
86786.708740,0.013632,offer
86786.718720,0.000000,offer
86787.127900,0.050000,offer
87313.453140,0.000000,offer
86777.527140,0.000000,bid
86777.517160,0.020000,bid
86777.507180,0.020000,bid
86777.497200,0.020000,bid
86777.487220,0.000000,bid
86777.477240,0.015324,bid
86769.563100,0.028754,bid
86765.012220,0.005608,bid
86308.407260,0.000000,bid
86777.487220,0.000000,offer
86786.499160,0.000854,offer
86786.509140,0.038357,offer
86786.539080,0.000000,offer
86786.549060,0.000830,offer
86786.559040,0.063877,offer
86786.569020,0.000695,offer
86786.579000,0.050000,offer
86786.588980,0.000000,offer
86786.628900,0.000000,offer
86786.638880,0.009331,offer
86786.648860,0.000000,offer
86786.688780,0.000000,offer
86786.698760,0.000000,offer
86786.708740,0.000000,offer
86787.137880,0.000000,offer
86787.147860,0.000000,offer
86789.213720,0.000000,offer
86793.475180,0.114814,offer
86799.553000,0.000000,offer
86777.537120,0.000000,bid
86777.527140,0.003765,bid
86777.517160,0.000000,bid
86777.507180,0.000030,bid
86777.497200,0.000000,bid
86777.477240,0.015294,bid
86765.032180,0.000125,bid
86765.022200,0.342333,bid
86765.012220,0.233808,bid
86765.002240,0.000000,bid
86762.567120,0.000000,bid
86762.327600,0.000000,bid
86609.873120,0.000000,bid
86308.407260,0.000000,bid
86786.159840,0.001235,offer
86786.169820,0.057939,offer
86786.239680,0.000000,offer
86786.249660,0.007821,offer
86786.259640,0.055199,offer
86786.269620,0.000000,offer
86786.279600,0.050000,offer
86786.289580,0.000000,offer
86786.369420,0.000000,offer
86786.379400,0.000000,offer
86786.389380,0.000000,offer
86786.399360,0.000000,offer
86786.459240,0.000000,offer
86786.469220,0.000000,offer
86786.479200,0.000000,offer
86786.499160,0.000000,offer
86786.509140,0.000000,offer
86786.549060,0.050000,offer
86786.559040,0.000000,offer
86786.569020,0.000000,offer
86786.579000,0.000000,offer
86786.638880,0.000000,offer
86787.127900,0.000000,offer
86793.475180,0.000000,offer
86799.553000,0.114814,offer
87228.164060,0.000000,offer
86777.527140,0.000000,bid
86777.517160,0.129630,bid
86777.487220,0.000000,bid
86765.032180,0.000125,bid
86765.022200,0.205338,bid
86765.012220,0.000000,bid
86762.567120,0.005482,bid
86760.840580,0.228326,bid
86785.710740,0.039015,offer
86785.760640,0.189463,offer
86785.770620,0.067244,offer
86785.810540,0.050665,offer
86785.820520,0.000887,offer
86785.830500,0.045484,offer
86785.870420,0.172047,offer
86785.880400,0.050000,offer
86785.890380,0.000000,offer
86785.900360,0.050000,offer
86785.910340,0.000000,offer
86785.920320,0.000000,offer
86785.990180,0.009515,offer
86786.000160,0.000000,offer
86786.010140,0.000000,offer
86786.050060,0.000000,offer
86786.060040,0.000000,offer
86786.070020,0.000000,offer
86786.159840,0.000000,offer
86786.169820,0.000000,offer
86786.239680,0.000000,offer
86786.249660,0.000000,offer
86786.259640,0.000000,offer
86786.269620,0.000000,offer
86786.279600,0.000000,offer
86793.475180,0.114814,offer
86799.553000,0.000000,offer
86777.507180,0.000000,bid
86777.477240,0.000000,bid
86594.972980,1.897618,bid
86785.291580,0.177214,offer
86785.301560,0.076529,offer
86785.391380,0.000000,offer
86785.401360,0.049126,offer
86785.491180,0.050000,offer
86785.501160,0.000000,offer
86785.531100,0.058897,offer
86785.541080,0.000000,offer
86785.590980,0.000000,offer
86785.600960,0.000000,offer
86785.610940,0.000000,offer
86785.690780,0.000000,offer
86785.700760,0.000000,offer
86785.710740,0.000000,offer
86785.740680,0.000000,offer
86785.750660,0.000000,offer
86785.760640,0.000000,offer
86785.770620,0.000000,offer
86785.810540,0.050000,offer
86785.820520,0.000000,offer
86785.830500,0.000000,offer
86785.860440,0.000000,offer
86785.870420,0.000000,offer
86785.880400,0.000000,offer
86785.900360,0.000000,offer
86785.990180,0.000000,offer
86786.549060,0.000000,offer
86788.525100,0.424311,offer
86791.000140,0.013632,offer
86794.323480,0.000000,offer
87228.164060,0.050000,offer
86777.517160,0.129661,bid
86785.171820,0.001235,offer
86785.181800,0.057465,offer
86785.231700,0.000000,offer
86785.241680,0.090752,offer
86785.251660,0.141438,offer
86785.261640,0.000000,offer
86785.271620,0.000000,offer
86785.281600,0.000000,offer
86785.291580,0.000000,offer
86785.301560,0.000000,offer
86785.401360,0.000000,offer
86785.491180,0.000000,offer
86785.531100,0.008897,offer
86785.800560,0.050000,offer
86794.323480,0.000000,offer
86226.241920,0.000000,bid
86225.373660,0.002875,bid
86784.932300,0.041770,offer
86784.992180,0.050000,offer
86785.002160,0.102333,offer
86785.012140,0.008649,offer
86785.022120,0.050000,offer
86785.032100,0.000000,offer
86785.042080,0.053004,offer
86785.131900,0.000000,offer
86785.141880,0.000000,offer
86785.161840,0.050000,offer
86785.171820,0.000000,offer
86785.181800,0.000000,offer
86785.231700,0.000000,offer
86785.241680,0.000000,offer
86785.251660,0.000000,offer
86785.531100,0.000000,offer
86785.800560,0.000000,offer
86785.810540,0.000000,offer
86794.323480,0.050000,offer
87228.164060,0.000000,offer
86784.842480,0.045354,offer
86784.912340,0.050000,offer
86784.922320,0.122236,offer
86784.992180,0.000000,offer
86785.002160,0.000000,offer
86785.022120,0.000000,offer
86791.000140,0.000000,offer
86765.032180,0.000125,bid
86762.567120,0.000000,bid
86760.850560,0.005482,bid
86784.822520,0.050000,offer
86784.832500,0.127378,offer
86784.922320,0.000000,offer
86785.012140,0.000000,offer
86785.161840,0.000000,offer
86777.447300,1.100000,bid
86762.567120,0.005482,bid
86760.850560,0.000000,bid
86784.812540,0.008280,offer
86784.832500,0.119448,offer
86840.640660,0.305612,offer
86869.572680,0.073555,offer
86870.969880,0.000000,offer
86873.125560,0.311757,offer
86873.135540,0.000000,offer
86784.832500,0.084259,offer
86784.912340,0.000000,offer
86820.640740,0.043681,offer
86835.860240,0.000000,offer
86806.878320,0.008469,offer
86873.125560,0.269269,offer
86873.894020,0.042488,offer
86765.032180,0.000125,bid
75933.518620,0.006541,bid
86784.672820,0.064274,offer
86784.712740,0.123736,offer
86784.722720,0.046929,offer
86784.812540,0.000000,offer
86784.832500,0.000000,offer
86785.042080,0.000000,offer
86791.918300,0.034516,offer
86769.563100,0.000000,bid
86768.145940,0.088525,bid
86768.106020,0.000000,bid
86767.626980,0.000000,bid
86767.437360,0.028755,bid
86765.032180,0.000000,bid
86762.577100,0.000000,bid
86762.567120,0.000125,bid
86761.379500,0.115028,bid
86760.850560,0.005482,bid
86751.708880,0.816245,bid
86720.661100,0.434794,bid
86694.743040,0.255000,bid
86666.070500,0.000000,bid
86784.523120,0.000000,offer
86784.533100,0.041018,offer
86784.563040,0.098451,offer
86784.573020,0.000000,offer
86784.583000,0.000000,offer
86784.592980,0.038869,offer
86784.602960,0.066759,offer
86784.652860,0.000000,offer
86784.662840,0.000000,offer
86784.672820,0.000000,offer
86784.702760,0.000000,offer
86784.712740,0.008154,offer
86784.722720,0.000000,offer
86784.842480,0.000000,offer
86784.932300,0.000000,offer
86777.527140,0.016046,bid
86777.517160,0.000031,bid
86769.044140,0.028754,bid
86768.145940,0.129219,bid
86767.437360,0.000000,bid
86767.337560,0.115020,bid
86765.032180,0.000125,bid
86762.567120,0.000000,bid
86761.379500,0.000000,bid
86726.000400,0.000000,bid
86724.084240,0.000000,bid
86723.744920,0.000000,bid
86720.251920,0.819709,bid
86717.886660,0.360465,bid
86717.477480,0.538944,bid
86628.974840,0.012008,bid
86777.547100,0.172510,offer
86784.453260,0.431155,offer
86784.463240,0.172496,offer
86784.523120,0.007528,offer
86784.563040,0.000000,offer
86784.712740,0.000000,offer
86786.229700,0.118100,offer
86786.579000,0.172492,offer
86817.746540,0.382499,offer
86820.840340,0.000000,offer
86834.313340,0.277171,offer
86837.417120,0.000000,offer
86881.009760,0.639891,offer
86881.538700,0.427451,offer
86883.814140,0.000000,offer
86884.542680,0.000000,offer
86762.567120,0.005482,bid
86760.850560,0.000000,bid
75933.518620,0.000000,bid
86784.822520,0.000000,offer
86791.918300,0.000000,offer
86879.622540,0.050000,offer
86777.527140,0.016078,bid
86777.517160,0.000000,bid
86765.032180,0.000000,bid
86784.443280,0.012224,offer
86817.726580,0.382499,offer
86817.746540,0.000000,offer
86777.517160,0.007870,bid
86774.173860,0.149310,bid
86765.032180,0.000125,bid
86763.814620,0.152620,bid
86762.567120,0.005482,bid
86760.850560,0.000000,bid
86784.523120,0.000000,offer
86817.716600,0.270802,offer
86834.303360,0.277171,offer
86834.313340,0.000000,offer
86881.528720,0.427451,offer
86881.538700,0.000000,offer
86765.022200,0.408238,bid
86761.938380,0.228326,bid
86760.840580,0.000000,bid
86769.044140,0.000000,bid
86782.237700,0.172501,offer
86769.972280,0.028754,bid
86777.537120,0.000102,offer
86817.716600,0.382499,offer
86817.726580,0.000000,offer
86834.293380,0.277171,offer
86834.303360,0.000000,offer
86880.999780,0.639891,offer
86881.009760,0.000000,offer
86881.518740,0.427451,offer
86881.528720,0.000000,offer
86742.118100,0.000000,bid
86711.559340,0.000000,bid
86791.928280,0.034516,offer
86804.602880,0.000000,offer
86835.181600,0.000000,offer
86768.874480,0.209295,bid
86768.864500,0.115018,bid
86768.145940,0.000000,bid
86762.567120,0.000000,bid
86762.557140,0.000000,bid
86762.347560,0.005482,bid
86762.327600,0.228326,bid
86761.938380,0.000000,bid
86784.453260,0.256185,offer
86786.229700,0.000000,offer
86804.592900,0.000000,offer
86834.283400,0.277172,offer
86834.293380,0.000000,offer
86880.979820,0.639891,offer
86880.999780,0.000000,offer
86881.508760,0.427451,offer
86881.518740,0.000000,offer
86721.689040,0.000000,bid
86768.874480,0.140284,bid
86768.864500,0.000000,bid
86765.042160,0.000125,bid
86765.032180,0.004851,bid
86763.724800,0.115025,bid
86762.347560,0.000000,bid
86777.537120,0.001794,offer
86791.928280,0.000000,offer
86817.706620,0.382499,offer
86817.716600,0.000000,offer
86880.969840,0.639891,offer
86880.979820,0.000000,offer
86881.498780,0.427451,offer
86881.508760,0.000000,offer
86764.992260,0.000000,bid
86742.177980,0.914957,bid
86711.629200,1.668957,bid
86795.790540,0.682184,offer
86795.800520,0.882478,offer
86796.319480,0.000000,offer
86826.369260,1.618932,offer
86766.319600,0.115022,bid
86765.042160,0.000000,bid
86765.032180,0.000125,bid
86762.347560,0.005482,bid
86794.892340,0.000000,offer
86880.949880,0.639891,offer
86880.969840,0.000000,offer
86881.488800,0.427451,offer
86881.498780,0.000000,offer
86777.527140,0.145127,bid
86769.004220,0.115018,bid
86767.337560,0.000000,bid
86763.824600,0.005477,bid
86762.347560,0.000000,bid
86722.597220,0.819686,bid
86720.251920,0.000000,bid
86717.916600,0.360465,bid
86717.886660,0.000000,bid
86717.497440,0.538944,bid
86717.477480,0.000000,bid
86777.537120,0.000102,offer
86777.547100,0.000000,offer
86778.445300,0.172508,offer
86782.227720,0.003953,offer
86784.443280,0.000000,offer
86817.706620,0.000000,offer
86820.081860,0.382489,offer
86777.527140,0.145127,bid
86770.900420,0.028754,bid
86769.972280,0.000000,bid
86765.032180,0.000000,bid
86765.022200,0.658934,bid
86763.834580,0.000125,bid
86763.265720,0.575128,bid
86760.830600,0.699169,bid
86760.640980,0.000000,bid
86778.435320,0.000000,offer
86778.445300,0.000000,offer
86782.227720,0.000000,offer
86782.237700,0.000000,offer
86784.443280,0.061463,offer
86784.533100,0.000000,offer
86784.592980,0.000000,offer
86784.602960,0.000000,offer
86788.275600,0.172489,offer
86795.321480,0.000000,offer
86799.652800,0.000000,offer
86834.283400,0.000000,offer
86837.766420,0.277160,offer
86765.042160,0.000125,bid
86765.032180,0.005482,bid
86763.834580,0.000000,bid
86763.824600,0.000000,bid
86718.255920,0.360463,bid
86717.916600,0.000000,bid
86717.826780,0.538942,bid
86717.497440,0.000000,bid
86778.205780,0.172509,offer
86782.906360,0.172499,offer
86784.433300,0.010329,offer
86784.443280,0.000000,offer
86788.275600,0.000000,offer
86770.900420,0.000000,bid
86770.121980,0.028754,bid
86791.928280,0.034516,offer
86818.065900,0.382498,offer
86820.081860,0.000000,offer
86834.632700,0.277170,offer
86837.766420,0.000000,offer
86879.622540,0.000000,offer
86765.052140,0.000125,bid
86765.042160,0.005035,bid
86765.032180,0.000000,bid
86718.285860,0.360463,bid
86718.255920,0.000000,bid
86717.836760,0.538942,bid
86717.826780,0.000000,bid
86777.537120,0.000090,offer
86873.894020,0.000000,offer
86879.622540,0.050000,offer
75930.344980,0.006541,bid
86873.115580,0.042488,offer
86770.121980,0.000000,bid
86769.004220,0.000000,bid
86768.145940,0.028755,bid
86765.052140,0.000000,bid
86765.042160,0.000000,bid
86765.032180,0.000000,bid
86765.022200,0.361601,bid
86763.824600,0.000000,bid
86763.265720,0.000000,bid
86762.347560,0.005482,bid
86762.327600,0.000000,bid
86762.078100,0.115027,bid
86761.928400,0.251328,bid
86758.954360,0.000000,bid
86737.447460,0.160321,bid
86722.926560,0.819683,bid
86722.597220,0.000000,bid
86711.639180,1.049161,bid
86681.040500,0.000000,bid
86777.537120,0.000000,offer
86778.175840,0.001692,offer
86778.185820,0.000000,offer
86778.195800,0.000000,offer
86778.205780,0.000000,offer
86782.856460,0.172500,offer
86782.906360,0.000000,offer
86784.433300,0.000000,offer
86788.515120,0.014308,offer
86791.928280,0.000000,offer
86818.055920,0.382498,offer
86818.065900,0.000000,offer
86834.622720,0.277170,offer
86834.632700,0.000000,offer
86769.303620,0.028754,bid
86768.145940,0.000000,bid
86765.381480,0.000125,bid
86765.371500,0.115023,bid
86763.824600,0.005482,bid
86762.347560,0.000000,bid
86762.078100,0.000000,bid
86720.621180,0.360454,bid
86720.172080,0.538928,bid
86718.285860,0.000000,bid
86717.836760,0.000000,bid
86690.331880,0.000000,bid
86777.537120,0.000000,offer
86778.175840,0.000000,offer
86782.836500,0.001692,offer
86782.846480,0.003296,offer
86782.856460,0.000000,offer
86784.443280,0.050000,offer
86788.515120,0.000000,offer
86774.173860,0.000000,bid
86723.695020,0.819676,bid
86722.926560,0.000000,bid
86784.433300,0.008338,offer
86806.878320,0.000000,offer
86818.055920,0.000000,offer
86821.169680,0.382484,offer
86834.622720,0.000000,offer
86837.756440,0.277160,offer
86763.834580,0.005482,bid
86763.824600,0.000000,bid
86721.399620,0.360450,bid
86720.960500,0.538923,bid
86720.621180,0.000000,bid
86720.172080,0.000000,bid
75930.344980,0.000000,bid
86778.155880,0.000000,offer
86778.165860,0.000000,offer
86782.836500,0.049000,offer
86782.846480,0.000000,offer
86784.373420,0.000000,offer
86784.413340,0.006747,offer
86784.423320,0.000000,offer
86784.433300,0.000000,offer
86879.622540,0.000000,offer
86765.381480,0.000000,bid
86765.371500,0.000000,bid
86765.032180,0.000125,bid
86782.826520,0.001692,offer
86768.425380,0.115019,bid
86763.834580,0.000000,bid
86762.347560,0.005482,bid
86760.052160,0.575149,bid
86723.695020,0.000000,bid
86721.399620,0.000000,bid
86720.960500,0.000000,bid
86720.541340,0.819706,bid
86718.265900,0.360463,bid
86717.816800,0.538942,bid
86778.135920,0.000000,offer
86778.145900,0.000000,offer
86782.786600,0.000000,offer
86782.826520,0.000000,offer
86782.836500,0.000000,offer
86784.263640,0.057359,offer
86784.313540,0.007527,offer
86784.323520,0.060633,offer
86784.413340,0.000000,offer
86806.529020,0.610881,offer
86820.371280,0.382488,offer
86821.169680,0.000000,offer
86831.039900,2.071949,offer
86833.245480,0.000000,offer
86836.948060,0.277163,offer
86837.756440,0.000000,offer
84228.415580,0.000000,bid
83906.450800,0.000000,bid
83764.734800,0.000000,bid
83726.451520,0.000000,bid
83547.589960,0.000000,bid
83134.148500,0.000000,bid
82773.561120,0.000000,bid
82320.409240,0.000000,bid
86784.253660,0.007729,offer
86791.938260,0.034516,offer
86779.323540,0.076182,bid
86779.313560,0.767804,bid
86779.303580,0.197745,bid
86777.527140,0.000032,bid
86777.457280,0.000000,bid
86770.331560,0.028754,bid
86769.303620,0.000000,bid
86763.824600,0.005482,bid
86762.347560,0.000000,bid
86724.483440,0.819669,bid
86722.217980,0.360447,bid
86721.768880,0.538918,bid
86720.541340,0.000000,bid
86718.265900,0.000000,bid
86717.816800,0.000000,bid
86502.019260,0.000000,bid
86779.333520,0.000101,offer
86784.193780,0.168315,offer
86784.203760,0.000000,offer
86784.263640,0.000000,offer
86784.313540,0.050000,offer
86784.323520,0.000000,offer
86784.453260,0.000000,offer
86784.463240,0.000000,offer
86788.385380,0.172489,offer
86779.323540,0.016182,bid
86779.303580,0.079645,bid
86773.754700,0.211091,bid
86772.447320,0.148799,bid
86766.329580,0.000125,bid
86765.032180,0.005482,bid
86763.824600,0.000000,bid
86784.183800,0.050000,offer
86784.193780,0.108315,offer
86784.313540,0.000000,offer
86784.443280,0.000000,offer
86786.559040,0.000000,offer
86786.569020,0.000000,offer
86794.323480,0.000000,offer
86794.892340,0.148333,offer
86805.251580,0.152966,offer
87228.164060,0.050000,offer
89820.000000,35.494479,offer
86777.527140,0.000000,bid
86770.331560,0.000000,bid
86769.523180,0.028754,bid
86766.329580,0.000125,bid
86765.042160,0.000000,bid
86762.327600,0.228326,bid
86761.928400,0.023002,bid
86784.153860,0.001692,offer
86784.163840,0.050000,offer
86784.173820,0.177749,offer
86784.193780,0.000000,offer
86784.253660,0.000000,offer
86786.569020,0.000000,offer
86791.938260,0.000000,offer
86794.323480,0.050000,offer
86777.517160,0.007904,bid
86089.066820,0.496952,bid
86046.063000,0.000000,bid
86784.133900,0.001692,offer
86784.143880,0.009517,offer
86784.153860,0.000000,offer
86784.173820,0.168315,offer
86794.892340,0.000000,offer
87228.164060,0.000000,offer
86770.680860,0.028754,bid
86769.523180,0.000000,bid
86766.329580,0.000125,bid
86760.052160,0.000000,bid
86784.143880,0.050000,offer
86784.153860,0.163678,offer
86784.173820,0.000000,offer
86784.183800,0.000000,offer
86786.569020,0.012311,offer
86779.323540,0.132393,bid
86779.323540,0.250493,bid
86725.631140,0.819658,bid
86724.483440,0.000000,bid
86723.405600,0.360442,bid
86722.926560,0.538911,bid
86722.217980,0.000000,bid
86721.768880,0.000000,bid
86784.143880,0.000000,offer
86784.153860,0.000000,offer
86784.163840,0.000000,offer
86786.549060,0.100000,offer
86786.559040,0.115576,offer
86786.569020,0.000000,offer
86794.323480,0.000000,offer
86820.371280,0.000000,offer
86823.115780,0.382476,offer
86779.323540,0.132393,bid
86777.517160,0.000034,bid
86770.680860,0.000000,bid
86769.872480,0.028754,bid
86766.329580,0.000125,bid
86765.042160,0.000000,bid
86765.032180,0.000000,bid
86763.824600,0.005482,bid
86779.333520,0.058101,offer
86780.630920,0.001692,offer
86780.640900,0.058000,offer
86784.133900,0.000000,offer
86786.439280,0.051284,offer
86786.509140,0.000000,offer
86786.519120,0.012477,offer
86786.529100,0.050000,offer
86786.539080,0.170817,offer
86786.559040,0.000000,offer
86769.872480,0.000000,bid
86766.329580,0.000000,bid
86765.032180,0.000125,bid
86786.429300,0.000000,offer
86786.509140,0.050000,offer
86786.529100,0.000000,offer
86786.549060,0.050000,offer
86791.958220,0.034516,offer
86836.079800,0.277166,offer
86836.948060,0.000000,offer
87228.164060,0.050000,offer
86777.517160,0.000000,bid
86777.447300,1.100035,bid
86763.824600,0.000000,bid
86762.347560,0.005482,bid
86725.631140,0.000000,bid
86723.405600,0.000000,bid
86722.926560,0.000000,bid
86722.028360,0.819692,bid
86719.812800,0.360457,bid
86719.323780,0.538933,bid
86786.419320,0.050000,offer
86786.429300,0.176927,offer
86786.509140,0.000000,offer
86786.519120,0.000000,offer
86786.539080,0.000000,offer
86786.549060,0.000000,offer
86819.503020,0.382492,offer
86823.115780,0.000000,offer
86863.205440,0.102996,offer
86879.622540,0.050000,offer
86779.333520,0.000000,bid
86779.323540,0.000000,bid
86779.313560,0.000000,bid
86779.303580,0.000000,bid
86777.467260,0.003765,bid
86777.457280,0.660021,bid
86768.425380,0.000000,bid
86765.022200,0.361601,bid
86762.577100,0.115027,bid
86779.333520,0.000000,offer
86780.630920,0.000000,offer
86780.640900,0.000000,offer
86786.179800,0.058041,offer
86786.259640,0.050000,offer
86786.269620,0.055902,offer
86786.329500,0.050000,offer
86786.339480,0.100000,offer
86786.349460,0.000000,offer
86786.359440,0.000000,offer
86786.369420,0.008098,offer
86786.379400,0.000000,offer
86786.399360,0.000000,offer
86786.409340,0.000000,offer
86786.419320,0.000000,offer
86786.429300,0.000000,offer
86786.439280,0.000000,offer
86786.579000,0.000000,offer
86788.385380,0.000000,offer
86793.475180,0.000000,offer
86795.780560,0.000000,offer
86799.553000,0.114814,offer
86836.079800,0.000000,offer
86839.612720,0.277155,offer
87228.164060,0.000000,offer
86777.467260,0.003765,bid
86777.447300,1.100000,bid
86762.587080,0.005482,bid
86762.347560,0.000000,bid
86724.513380,0.819668,bid
86722.257900,0.360447,bid
86722.028360,0.000000,bid
86721.818780,0.538918,bid
86719.812800,0.000000,bid
86719.323780,0.000000,bid
86785.970220,0.009548,offer
86785.980200,0.015733,offer
86786.070020,0.000000,offer
86786.080000,0.051889,offer
86786.169820,0.050000,offer
86786.249660,0.000000,offer
86786.259640,0.000000,offer
86786.269620,0.000000,offer
86786.329500,0.000000,offer
86786.339480,0.000000,offer
86786.359440,0.050000,offer
86786.369420,0.000000,offer
86793.475180,0.114814,offer
86799.553000,0.000000,offer
86819.503020,0.000000,offer
86821.938140,0.382481,offer
86777.527140,0.000277,bid
86777.467260,0.000000,bid
86777.457280,0.660055,bid
86769.133960,0.028754,bid
86765.221800,0.000125,bid
86765.211820,0.115023,bid
86765.032180,0.000000,bid
86763.724800,0.000000,bid
75931.911840,0.006541,bid
86785.720720,0.053913,offer
86785.800560,0.307727,offer
86785.810540,0.150163,offer
86785.820520,0.057343,offer
86785.900360,0.100926,offer
86785.910340,0.050000,offer
86785.920320,0.062085,offer
86786.070020,0.050000,offer
86786.080000,0.000000,offer
86786.159840,0.000000,offer
86786.169820,0.000000,offer
86786.179800,0.000000,offer
86786.359440,0.000000,offer
86838.425100,0.277158,offer
86839.612720,0.000000,offer
86879.622540,0.000000,offer
86746.359600,0.157727,bid
86552.288520,0.005999,bid
83282.491220,0.016777,bid
86785.491180,0.001023,offer
86785.501160,0.043397,offer
86785.531100,0.000000,offer
86785.541080,0.047553,offer
86785.571020,0.190747,offer
86785.581000,0.040813,offer
86785.610940,0.088869,offer
86785.620920,0.000000,offer
86785.630900,0.000000,offer
86785.640880,0.000000,offer
86785.650860,0.000000,offer
86785.660840,0.000000,offer
86785.690780,0.050000,offer
86785.710740,0.000000,offer
86785.720720,0.000000,offer
86785.770620,0.000000,offer
86785.780600,0.000000,offer
86785.790580,0.000000,offer
86785.800560,0.000000,offer
86785.810540,0.000000,offer
86785.820520,0.000000,offer
86785.900360,0.000000,offer
86785.910340,0.000000,offer
86785.920320,0.000000,offer
86785.970220,0.000000,offer
86785.980200,0.000000,offer
86791.958220,0.000000,offer
86821.688640,0.382482,offer
86821.938140,0.000000,offer
86892.227280,0.350423,offer
86770.042140,0.028754,bid
86769.133960,0.000000,bid
86768.335560,0.115019,bid
86766.329580,0.000125,bid
86765.221800,0.000000,bid
86762.587080,0.000000,bid
86762.577100,0.000000,bid
86762.347560,0.005482,bid
86757.327620,0.033492,bid
86785.241680,0.148744,offer
86785.251660,0.053779,offer
86785.301560,0.000000,offer
86785.311540,0.000000,offer
86785.321520,0.051076,offer
86785.361440,0.000000,offer
86785.371420,0.032236,offer
86785.421320,0.000000,offer
86785.431300,0.000000,offer
86785.441280,0.000000,offer
86785.491180,0.050000,offer
86785.501160,0.000000,offer
86785.541080,0.000000,offer
86785.571020,0.009630,offer
86785.581000,0.000000,offer
86785.600960,0.000000,offer
86785.610940,0.000000,offer
86786.070020,0.000000,offer
86789.453240,0.039309,offer
86838.135680,0.277159,offer
86838.425100,0.000000,offer
86770.042140,0.000000,bid
86769.104020,0.028754,bid
86766.329580,0.000000,bid
86766.319600,0.000000,bid
86765.221800,0.000125,bid
75931.911840,0.000000,bid
86784.842480,0.045641,offer
86784.872420,0.001036,offer
86784.882400,0.060974,offer
86784.962240,0.189816,offer
86784.972220,0.000000,offer
86784.982200,0.045281,offer
86785.062040,0.050000,offer
86785.072020,0.000000,offer
86785.082000,0.000000,offer
86785.171820,0.059223,offer
86785.181800,0.000000,offer
86785.211740,0.000000,offer
86785.221720,0.000000,offer
86785.231700,0.000000,offer
86785.241680,0.000000,offer
86785.251660,0.000000,offer
86785.321520,0.000000,offer
86785.361440,0.000000,offer
86785.371420,0.000000,offer
86785.421320,0.000000,offer
86785.491180,0.000000,offer
86785.571020,0.000000,offer
86821.429160,0.382483,offer
86821.688640,0.000000,offer
86765.221800,0.000125,bid
86763.046160,0.115026,bid
86784.513140,0.031843,offer
86784.602960,0.039738,offer
86784.612940,0.055294,offer
86784.622920,0.140634,offer
86784.632900,0.000835,offer
86784.642880,0.033331,offer
86784.652860,0.050000,offer
86784.662840,0.050000,offer
86784.672820,0.000000,offer
86784.712740,0.000000,offer
86784.722720,0.008408,offer
86784.732700,0.000000,offer
86784.772620,0.000000,offer
86784.782600,0.000000,offer
86784.792580,0.000000,offer
86784.832500,0.000000,offer
86784.842480,0.000000,offer
86784.872420,0.000000,offer
86784.882400,0.000000,offer
86784.962240,0.000000,offer
86784.982200,0.000000,offer
86785.062040,0.000000,offer
86785.171820,0.050000,offer
86837.796360,0.277160,offer
86838.135680,0.000000,offer
86777.527140,0.008147,bid
86760.670920,0.023236,bid
86784.373420,0.000000,offer
86784.383400,0.054023,offer
86784.413340,0.104691,offer
86784.423320,0.008439,offer
86784.433300,0.000000,offer
86784.443280,0.033507,offer
86784.483200,0.050000,offer
86784.493180,0.000000,offer
86784.503160,0.000000,offer
86784.592980,0.000000,offer
86784.602960,0.000000,offer
86784.612940,0.000000,offer
86784.622920,0.000000,offer
86784.632900,0.000000,offer
86784.642880,0.000000,offer
86784.652860,0.000000,offer
86784.662840,0.000000,offer
86784.722720,0.000000,offer
86785.171820,0.000000,offer
86795.790540,1.175682,offer
86796.888340,1.000000,offer
86799.652800,0.022666,offer
86821.139740,0.382484,offer
86821.429160,0.000000,offer
86784.403360,0.050000,offer
86791.968200,0.034516,offer
86784.253660,0.001027,offer
86784.263640,0.064426,offer
86784.303560,0.208971,offer
86784.313540,0.000000,offer
86784.323520,0.053624,offer
86784.333500,0.000000,offer
86784.343480,0.000000,offer
86784.353460,0.000000,offer
86784.363440,0.008975,offer
86784.373420,0.000000,offer
86784.383400,0.000000,offer
86784.403360,0.000000,offer
86784.413340,0.000000,offer
86784.423320,0.000000,offer
86784.443280,0.000000,offer
86784.513140,0.000000,offer
86821.129760,0.230405,offer
86837.656640,0.277161,offer
86837.796360,0.000000,offer
86777.527140,0.008183,bid
86777.457280,0.660021,bid
86765.231780,0.000125,bid
86765.221800,0.004693,bid
86765.022200,0.664772,bid
86762.347560,0.000000,bid
86762.207840,0.575135,bid
84290.910340,0.000000,bid
86777.537120,0.000093,offer
86783.924320,0.053640,offer
86783.964240,0.116500,offer
86783.974220,0.046721,offer
86784.064040,0.008273,offer
86784.074020,0.000000,offer
86784.103960,0.000000,offer
86784.113940,0.000000,offer
86784.123920,0.000000,offer
86784.163840,0.000000,offer
86784.173820,0.000000,offer
86784.183800,0.000000,offer
86784.253660,0.050000,offer
86784.263640,0.000000,offer
86784.303560,0.000000,offer
86784.323520,0.000000,offer
86784.363440,0.000000,offer
86784.483200,0.000000,offer
86820.980060,0.382485,offer
86821.129760,0.000000,offer
86821.139740,0.000000,offer
86777.527140,0.024766,bid
86724.513380,0.000000,bid
86722.257900,0.000000,bid
86721.818780,0.000000,bid
86720.661100,0.703811,bid
86720.182060,0.819709,bid
86718.036360,0.360464,bid
86717.517400,0.538944,bid
86777.537120,0.172603,offer
86782.247680,0.172501,offer
86783.964240,0.182114,offer
86784.473220,0.172496,offer
86791.968200,0.000000,offer
86844.143640,0.216322,offer
86880.730320,0.639893,offer
86880.949880,0.000000,offer
86881.379020,0.427452,offer
86881.488800,0.000000,offer
84233.844700,0.011848,bid
83732.958480,0.014303,bid
86784.253660,0.000000,offer
86817.666700,0.382500,offer
86820.980060,0.000000,offer
86834.243480,0.277172,offer
86837.656640,0.000000,offer
86777.457280,0.000000,bid
86777.447300,0.000000,bid
86770.321580,0.000125,bid
86768.874480,0.074163,bid
86768.335560,0.000000,bid
86766.928380,0.115021,bid
86765.231780,0.000000,bid
86720.192040,0.819709,bid
86720.182060,0.000000,bid
86784.064040,0.000000,offer
86786.279600,0.172493,offer
86788.515120,0.015019,offer
86817.656720,0.382500,offer
86817.666700,0.000000,offer
86834.233500,0.277172,offer
86834.243480,0.000000,offer
86878.913960,0.639907,offer
86879.542700,0.427461,offer
86879.622540,0.050000,offer
86880.730320,0.000000,offer
86881.379020,0.000000,offer
86770.321580,0.000125,bid
86768.874480,0.133830,bid
86225.373660,0.000000,bid
86224.445520,0.002875,bid
86782.237700,0.007424,offer
86783.964240,0.313304,offer
86786.219720,0.118100,offer
86788.515120,0.000000,offer
86682.936700,0.000000,bid
86676.309980,0.088556,bid
86594.972980,0.000000,bid
86791.938260,0.034516,offer
86815.800440,0.382508,offer
86817.656720,0.000000,offer
86832.377220,0.277178,offer
86834.233500,0.000000,offer
86869.562700,0.042488,offer
86873.115580,0.000000,offer
86878.894000,0.639907,offer
86878.913960,0.000000,offer
86879.532720,0.427461,offer
86879.542700,0.000000,offer
86799.652800,0.079795,offer
86832.367240,0.277178,offer
86832.377220,0.000000,offer
86878.864060,0.639907,offer
86878.894000,0.000000,offer
86742.177980,0.000000,bid
86711.639180,0.000000,bid
86711.629200,0.000000,bid
86795.790540,0.682184,offer
86795.800520,0.000000,offer
86826.369260,0.000000,offer
86879.522740,0.427461,offer
86879.532720,0.000000,offer
75930.344980,0.006541,bid
86815.790460,0.382508,offer
86815.800440,0.000000,offer
86878.844100,0.639907,offer
86878.864060,0.000000,offer
86773.774660,0.869525,bid
86773.764680,1.100000,bid
86773.754700,0.000000,bid
86770.321580,0.000000,bid
86765.231780,0.000125,bid
86690.840860,0.865413,bid
86782.237700,0.000000,offer
86788.515120,0.015019,offer
86804.053980,0.000000,offer
86818.465100,0.043682,offer
86820.640740,0.000000,offer
86878.834120,0.639907,offer
86878.844100,0.000000,offer
86879.502780,0.427461,offer
86879.522740,0.000000,offer
86765.231780,0.000000,bid
86765.221800,0.000125,bid
86762.347560,0.005482,bid
86746.359600,0.678742,bid
86744.583160,0.901219,bid
86714.024400,1.577763,bid
86786.219720,0.000000,offer
86800.940220,1.389184,offer
86804.173740,0.923646,offer
86834.752460,1.648300,offer
86786.219720,0.118100,offer
86878.824140,0.639907,offer
86878.834120,0.000000,offer
83735.832720,0.000000,bid
86822.037940,0.081812,offer
86874.442920,3.524417,offer
86878.784220,0.639907,offer
86878.824140,0.000000,offer
86879.492800,0.427461,offer
86879.502780,0.000000,offer
86772.447320,0.000000,bid
86769.104020,0.000000,bid
86768.874480,0.074163,bid
86766.928380,0.000000,bid
86765.022200,0.361601,bid
86762.327600,0.000000,bid
86762.207840,0.000000,bid
86758.954360,0.228326,bid
86782.237700,0.103500,offer
86815.780480,0.382508,offer
86815.790460,0.000000,offer
86878.764260,0.639908,offer
86878.784220,0.000000,offer
86879.482820,0.427461,offer
86879.492800,0.000000,offer
86768.874480,0.131090,bid
86766.878480,0.115021,bid
86766.858520,0.000000,bid
86765.221800,0.000125,bid
86765.022200,0.227895,bid
86763.824600,0.000000,bid
86762.347560,0.000000,bid
86760.840580,0.233808,bid
86760.830600,1.145320,bid
86760.800660,0.000000,bid
86758.954360,0.000000,bid
86758.764740,0.575158,bid
86796.888340,0.000000,offer
86768.874480,0.074163,bid
86767.197840,0.028755,bid
86766.878480,0.000000,bid
86760.850560,0.005482,bid
86760.840580,0.228326,bid
86795.790540,0.165746,offer
86772.447320,0.147443,bid
86761.938380,0.005482,bid
86760.850560,0.000000,bid
83555.284540,0.015527,bid
82330.788440,0.021819,bid
86794.892340,0.151023,offer
86832.357260,0.277178,offer
86832.367240,0.000000,offer
86878.734320,0.590166,offer
86878.764260,0.000000,offer
86879.472840,0.427461,offer
86879.482820,0.000000,offer
86777.527140,0.008183,bid
86773.585040,0.000000,bid
86772.447320,0.000000,bid
86767.197840,0.000000,bid
86765.940360,0.028756,bid
86765.022200,0.158880,bid
86763.046160,0.000000,bid
86755.411460,0.000000,bid
86754.952380,0.000000,bid
86747.906500,1.150460,bid
86782.227720,0.004855,offer
86783.914340,0.079645,offer
86788.515120,0.000000,offer
86792.976180,0.114814,offer
86793.475180,0.000000,offer
86814.562920,0.000148,offer
86821.379260,0.000000,offer
86765.940360,0.000000,bid
86765.231780,0.000125,bid
86765.221800,0.296908,bid
86765.022200,0.000000,bid
86763.824600,0.000000,bid
86763.565120,0.115025,bid
86761.938380,0.000000,bid
86760.850560,0.005482,bid
86680.311960,0.088559,bid
86676.309980,0.000000,bid
86815.770500,0.382508,offer
86815.780480,0.000000,offer
86878.714360,0.590166,offer
86878.734320,0.000000,offer
86879.462860,0.427461,offer
86879.472840,0.000000,offer
83907.149400,0.013084,bid
83134.837120,0.016806,bid
86782.227720,0.000000,offer
86782.237700,0.000000,offer
86788.515120,0.015019,offer
86795.790540,0.745028,offer
86796.479160,1.000000,offer
86832.347280,0.277178,offer
86832.357260,0.000000,offer
86878.704380,0.590166,offer
86878.714360,0.000000,offer
86879.452880,0.427461,offer
86879.462860,0.000000,offer
86901.548600,0.000000,offer
86917.037560,0.000000,offer
86768.874480,0.148342,bid
86768.654920,0.028755,bid
86766.948340,0.115021,bid
75930.344980,0.000000,bid
86777.537120,0.172589,offer
86782.227720,0.004855,offer
86782.237700,0.103500,offer
86788.515120,0.000000,offer
86878.684420,0.590166,offer
86878.704380,0.000000,offer
86879.442900,0.427461,offer
86879.452880,0.000000,offer
86720.661100,1.378288,bid
86690.840860,0.000000,bid
86777.537120,0.172580,offer
86815.760520,0.382508,offer
86815.770500,0.000000,offer
86878.664460,0.590166,offer
86878.684420,0.000000,offer
86892.227280,0.000000,offer
84279.393420,0.011842,bid
86832.337300,0.277178,offer
86832.347280,0.000000,offer
86879.432920,0.427461,offer
86879.442900,0.000000,offer
86765.211820,0.000000,bid
86762.237780,0.115027,bid
86589.414120,1.897640,bid
86815.750540,0.382508,offer
86815.760520,0.000000,offer
86878.654480,0.590166,offer
86878.664460,0.000000,offer
86777.537120,0.172572,offer
86818.455120,0.041204,offer
86852.816260,1.799803,offer
86874.442920,0.000000,offer
86878.614560,0.590166,offer
86878.644500,0.000000,offer
86878.654480,0.000000,offer
86879.422940,0.427462,offer
86879.432920,0.000000,offer
86902.995700,7.580000,offer
86777.527140,0.007565,bid
86764.962320,0.115023,bid
86763.565120,0.000000,bid
86782.227720,0.000000,offer
86782.237700,0.000000,offer
86786.219720,0.000000,offer
86788.515120,0.015019,offer
86777.527140,0.023796,bid
86770.311600,0.000000,bid
86768.125980,0.000000,bid
86777.537120,0.172510,offer
86777.527140,0.043623,bid
86722.537340,0.819687,bid
86720.661100,0.000000,bid
86720.641140,0.904453,bid
86720.192040,0.000000,bid
86719.972480,0.538929,bid
86718.036360,0.000000,bid
86717.517400,0.000000,bid
86777.537120,0.172349,offer
86815.750540,0.000000,offer
86819.982060,0.382489,offer
86832.337300,0.000000,offer
86836.568820,0.277164,offer
86878.604580,0.590167,offer
86878.614560,0.000000,offer
86879.422940,0.000000,offer
86883.644480,0.163246,offer
86773.764680,0.000000,bid
86777.527140,0.023623,bid
86773.774660,0.000000,bid
86770.311600,0.000125,bid
86770.301620,0.070860,bid
86768.884460,0.000000,bid
86765.231780,0.000000,bid
86762.347560,0.005482,bid
86760.850560,0.000000,bid
86722.537340,0.000000,bid
86720.641140,0.544000,bid
86719.972480,0.000000,bid
86718.914600,0.819721,bid
86717.038360,0.360468,bid
86716.359720,0.538951,bid
86707.547380,0.000000,bid
86707.537400,0.000000,bid
86690.830880,0.000000,bid
86683.475620,1.190410,bid
86587.747460,0.000000,bid
86777.537120,0.172424,offer
86782.227720,0.005250,offer
86782.237700,0.103500,offer
86788.515120,0.000000,offer
86816.349340,0.382505,offer
86819.982060,0.000000,offer
86832.936100,0.277176,offer
86836.568820,0.000000,offer
86880.011760,0.163246,offer
86883.644480,0.000000,offer
86777.527140,0.023656,bid
86765.231780,0.004288,bid
86768.874480,0.074163,bid
86768.654920,0.000000,bid
86766.948340,0.000000,bid
86766.738760,0.028755,bid
86762.347560,0.000000,bid
86760.680900,0.115029,bid
86717.058320,0.440114,bid
86717.038360,0.000000,bid
86716.369700,0.538951,bid
86716.359720,0.000000,bid
86686.599360,1.086558,bid
86683.485600,1.190410,bid
86683.475620,0.000000,bid
83773.816600,0.014296,bid
82785.676840,0.019288,bid
86806.948180,0.008582,offer
86763.555140,0.115025,bid
86762.237780,0.000000,bid
86680.311960,0.000000,bid
86676.309980,0.088556,bid
86786.219720,0.118100,offer
86880.001780,0.427459,offer
86880.011760,0.000000,offer
86769.004220,0.179552,bid
86768.994240,0.149037,bid
86768.874480,0.000000,bid
86717.088260,0.360468,bid
86717.058320,0.079645,bid
86716.379680,0.538951,bid
86716.369700,0.000000,bid
86683.495580,1.190410,bid
86683.485600,0.000000,bid
86777.527140,0.007425,bid
86777.537120,0.172440,offer
86777.537120,0.172436,offer
86777.527140,0.007390,bid
86717.098240,0.360468,bid
86717.088260,0.000000,bid
86683.505560,1.190410,bid
86683.495580,0.000000,bid
75930.344980,0.006541,bid
86816.339360,0.382505,offer
86816.349340,0.000000,offer
86879.991800,0.427459,offer
86880.001780,0.000000,offer
86770.331560,0.000125,bid
86770.321580,0.020000,bid
86770.311600,0.000000,bid
86770.301620,0.070900,bid
87793.052020,0.007077,offer
86770.321580,0.020041,bid
86770.301620,0.070860,bid
86751.708880,1.404491,bid
86744.902520,1.100000,bid
86717.467500,1.810335,bid
86717.108220,0.360468,bid
86717.098240,0.000000,bid
86683.515540,1.190410,bid
86683.505560,0.000000,bid
86677.268060,7.580000,bid
86651.898900,0.577269,bid
86551.649800,7.170000,bid
86879.981820,0.427459,offer
86879.991800,0.000000,offer
86777.527140,0.007839,bid
86716.389660,0.538951,bid
86716.379680,0.000000,bid
86777.537120,0.172427,offer
86791.938260,0.000000,offer
86832.926120,0.277176,offer
86832.936100,0.000000,offer
86770.331560,0.000000,bid
86770.321580,0.000041,bid
86770.311600,0.000125,bid
86717.128180,0.360468,bid
86717.108220,0.000000,bid
86683.525520,1.190410,bid
86683.515540,0.000000,bid
83736.521340,0.014302,bid
86799.562980,0.000000,offer
86816.329380,0.382505,offer
86816.339360,0.000000,offer
86879.971840,0.427459,offer
86879.981820,0.000000,offer
86770.321580,0.000000,bid
86717.138160,0.365106,bid
86717.128180,0.000000,bid
86683.535500,1.190410,bid
86683.525520,0.000000,bid
83282.491220,0.000000,bid
86770.301620,0.070931,bid
86786.219720,0.000000,offer
86806.199680,0.056442,offer
86879.961860,0.427459,offer
86879.971840,0.000000,offer
86834.742480,1.055996,offer
86874.442920,0.902172,offer
86717.168100,0.365106,bid
86717.138160,0.000000,bid
86716.399640,0.538951,bid
86716.389660,0.000000,bid
86683.545480,1.190409,bid
86683.535500,0.000000,bid
86777.537120,0.172425,offer
86790.810520,0.007839,offer
86744.583160,0.000000,bid
86717.467500,0.497617,bid
86714.024400,0.000000,bid
86834.742480,0.000000,offer
86834.752460,0.000000,offer
86717.178080,0.365106,bid
86717.168100,0.000000,bid
86683.555460,1.190409,bid
86683.545480,0.000000,bid
86786.219720,0.118100,offer
86800.940220,0.942904,offer
86803.864360,0.043689,offer
86804.173740,0.000000,offer
86816.319400,0.351134,offer
86816.329380,0.000000,offer
86818.455120,0.000000,offer
86818.465100,0.000000,offer
86832.916140,0.277176,offer
86832.926120,0.000000,offer
86879.951880,0.427459,offer
86879.961860,0.000000,offer
86790.810520,0.000000,offer
86777.527140,0.007224,bid
86717.188060,0.365106,bid
86717.178080,0.000000,bid
86683.565440,1.190409,bid
86683.555460,0.000000,bid
86777.537120,0.172423,offer
86879.941900,0.427459,offer
86879.951880,0.000000,offer
86744.573180,0.925064,bid
86714.014420,1.639256,bid
86795.790540,1.173829,offer
86796.808500,0.891801,offer
86827.387220,1.586954,offer
86716.409620,0.538951,bid
86716.399640,0.000000,bid
86816.309420,0.351134,offer
86816.319400,0.000000,offer
86866.219400,0.042488,offer
86869.562700,0.000000,offer
86766.738760,0.000000,bid
86765.800640,0.028756,bid
86764.962320,0.000000,bid
86759.742780,0.115030,bid
86717.208020,0.365106,bid
86717.188060,0.000000,bid
86683.575420,1.190409,bid
86683.565440,0.000000,bid
86765.231780,0.000000,bid
86763.824600,0.005482,bid
86762.128000,0.115027,bid
86760.680900,0.000000,bid
86879.931920,0.427459,offer
86879.941900,0.000000,offer
86765.800640,0.000000,bid
86720.651120,0.000000,bid
86717.477480,0.143763,bid
86777.537120,0.172332,offer
86791.938260,0.034516,offer
86770.311600,0.000000,bid
86770.301620,0.000071,bid
86770.291640,0.000000,bid
86769.014200,0.000125,bid
86765.231780,0.004202,bid
86765.221800,0.158880,bid
86763.824600,0.000000,bid
86763.555140,0.000000,bid
86762.128000,0.000000,bid
86761.728800,0.115028,bid
86760.830600,0.699169,bid
86758.764740,0.000000,bid
86756.389500,0.575174,bid
86718.914600,0.000000,bid
86717.227980,0.365106,bid
86717.208020,0.000000,bid
86716.409620,0.000000,bid
86715.890660,0.819750,bid
86713.415620,0.538970,bid
86683.595380,1.190409,bid
86683.575420,0.000000,bid
75930.344980,0.005887,bid
86777.537120,0.226562,offer
86815.660720,0.351136,offer
86816.309420,0.000000,offer
86832.906160,0.277176,offer
86832.916140,0.000000,offer
86878.325140,0.590168,offer
86878.604580,0.000000,offer
86879.273240,0.427462,offer
86879.931920,0.000000,offer
86769.014200,0.000125,bid
86769.004220,0.072826,bid
86768.994240,0.000000,bid
86765.231780,0.000000,bid
86763.824600,0.005482,bid
82860.007880,0.019271,bid
75930.344980,0.000000,bid
86770.301620,0.000000,bid
86769.004220,0.132135,bid
86768.844540,0.118100,bid
86765.221800,0.225290,bid
86764.383480,0.028756,bid
86763.106040,0.115026,bid
86759.742780,0.000000,bid
86717.227980,0.000000,bid
86714.243960,0.365118,bid
86308.407260,0.000000,bid
86813.305440,0.351146,offer
86815.660720,0.000000,offer
86829.912160,0.277185,offer
86832.906160,0.000000,offer
86875.949900,0.590185,offer
86876.917960,0.427474,offer
86878.325140,0.000000,offer
86879.273240,0.000000,offer
86769.014200,0.020125,bid
86746.359600,1.287923,bid
86717.467500,2.341882,bid
86677.278040,3.695086,bid
86676.309980,0.000000,bid
86675.321960,0.000000,bid
86667.327980,0.088560,bid
86589.414120,0.000000,bid
86519.993240,0.000000,bid
86480.642100,0.000000,bid
86448.965580,0.000000,bid
86415.442760,0.000000,bid
86367.868100,0.000000,bid
86330.033920,0.000000,bid
86290.353440,0.000000,bid
86248.836640,0.000000,bid
86220.134160,0.000000,bid
86175.563480,0.000000,bid
86777.537120,0.226567,offer
86791.938260,0.000000,offer
86777.527140,0.006775,bid
86769.024180,0.000125,bid
86769.014200,0.020000,bid
86769.004220,0.132061,bid
86765.231780,0.004362,bid
86763.824600,0.000000,bid
86758.545180,0.115032,bid
86714.263920,0.365118,bid
86714.243960,0.000000,bid
86713.425600,0.538970,bid
86713.415620,0.000000,bid
86562.737580,0.037108,bid
86224.445520,0.000000,bid
86223.577260,0.002875,bid
86777.537120,0.225926,offer
86813.295460,0.351146,offer
86813.305440,0.000000,offer
86829.902180,0.277185,offer
86829.912160,0.000000,offer
86875.939920,0.590185,offer
86875.949900,0.000000,offer
86876.907980,0.427474,offer
86876.917960,0.000000,offer
86769.014200,0.020074,bid
86765.371500,0.028756,bid
86764.383480,0.000000,bid
86533.516140,0.033612,bid
86502.448400,0.048105,bid
86458.137200,0.045209,bid
86765.381480,0.004876,bid
86765.231780,0.000000,bid
86714.273900,0.365118,bid
86714.263920,0.000000,bid
86410.542580,0.042162,bid
86385.512740,0.040327,bid
86777.537120,0.225942,offer
86875.919960,0.590185,offer
86875.939920,0.000000,offer
86765.371500,0.000000,bid
86763.106040,0.000000,bid
86722.397620,0.579763,bid
86680.212160,0.000000,bid
86675.321960,0.088560,bid
86667.327980,0.000000,bid
86346.431060,0.048075,bid
86305.513060,0.041130,bid
84233.844700,0.000000,bid
87608.032800,0.002471,offer
87793.052020,0.000000,offer
86766.269700,0.000000,bid
86765.381480,0.000000,bid
86765.231780,0.004933,bid
86765.221800,0.334475,bid
86764.563120,0.115024,bid
86763.245760,0.115026,bid
86758.545180,0.000000,bid
86756.389500,0.000000,bid
86714.283880,0.365118,bid
86714.273900,0.000000,bid
86262.748760,0.043514,bid
86233.217940,0.030566,bid
83732.958480,0.000000,bid
86791.329480,0.020074,offer
86875.909980,0.590185,offer
86875.919960,0.000000,offer
86876.898000,0.427474,offer
86876.907980,0.000000,offer
86769.004220,0.000000,bid
86768.854520,0.161377,bid
86765.231780,0.000000,bid
86765.221800,0.224607,bid
86764.563120,0.000000,bid
86763.824600,0.005482,bid
86763.245760,0.000000,bid
86755.211860,0.235485,bid
86751.708880,0.816245,bid
86751.698900,0.000000,bid
86746.349620,0.000000,bid
86744.822680,1.150501,bid
86813.215620,0.351146,offer
86813.295460,0.000000,offer
86819.832360,0.014994,offer
86829.822340,0.277186,offer
86829.902180,0.000000,offer
86765.221800,0.225290,bid
86762.856540,0.000000,bid
86761.938380,0.115027,bid
86761.728800,0.000000,bid
86759.173920,0.115031,bid
86755.770740,0.580592,bid
86755.760760,0.575178,bid
86755.211860,0.000000,bid
86874.442920,2.001856,offer
86875.820160,0.590185,offer
86875.909980,0.000000,offer
86876.818160,0.427474,offer
86876.898000,0.000000,offer
86768.994240,0.151970,bid
86763.824600,0.000000,bid
86762.347560,0.005482,bid
86761.469320,0.056442,bid
86714.293860,0.365118,bid
86714.283880,0.000000,bid
86768.994240,0.000000,bid
86763.365520,0.028756,bid
86791.329480,0.000000,offer
86813.205640,0.351146,offer
86813.215620,0.000000,offer
86763.894460,0.028756,bid
86763.365520,0.000000,bid
86875.800200,0.590186,offer
86875.820160,0.000000,offer
86876.808180,0.427474,offer
86876.818160,0.000000,offer
86777.527140,0.014050,bid
86765.231780,0.004452,bid
86763.894460,0.000000,bid
86763.754740,0.115025,bid
86762.347560,0.000000,bid
86755.770740,1.198258,bid
86752.387520,1.150400,bid
86744.822680,0.000000,bid
86777.527140,0.014126,bid
86769.014200,0.020000,bid
86765.231780,0.000000,bid
86764.094060,0.028756,bid
86763.754740,0.000000,bid
86762.347560,0.005482,bid
86875.780240,0.590186,offer
86875.800200,0.000000,offer
86769.014200,0.000000,bid
86717.477480,0.000000,bid
86714.303840,0.143768,bid
86876.798200,0.427474,offer
86876.808180,0.000000,offer
86769.024180,0.000000,bid
86768.864500,0.000125,bid
86768.854520,0.070304,bid
86768.844540,0.000000,bid
86764.094060,0.000000,bid
86761.938380,0.000000,bid
86761.918420,0.000000,bid
86759.173920,0.000000,bid
86758.026220,0.115033,bid
86755.770740,0.235485,bid
86755.760760,0.000000,bid
86752.387520,0.000000,bid
86743.415500,0.000000,bid
86739.942460,0.000000,bid
86694.493540,2.877922,bid
86791.329480,0.020074,offer
86875.770260,0.590186,offer
86875.780240,0.000000,offer
86768.864500,0.000125,bid
86768.145940,0.000000,bid
86762.347560,0.000000,bid
86760.850560,0.005482,bid
86675.321960,0.000000,bid
86667.327980,0.088563,bid
86777.537120,0.283942,offer
86778.844500,0.058000,offer
86788.515120,0.015019,offer
86813.195660,0.351146,offer
86813.205640,0.000000,offer
86829.812360,0.277186,offer
86829.822340,0.000000,offer
86876.788220,0.439482,offer
86876.798200,0.000000,offer
86768.844540,0.118100,bid
86765.231780,0.003164,bid
86761.199860,0.000000,bid
86760.850560,0.000000,bid
86759.503260,0.115031,bid
86733.545280,2.876626,bid
86703.944600,0.000000,bid
86703.934620,0.000000,bid
86782.227720,0.000000,offer
86791.578980,0.114814,offer
86792.976180,0.000000,offer
86875.750300,0.590186,offer
86875.770260,0.000000,offer
86768.854520,0.134275,bid
75930.344980,0.003925,bid
86791.329480,0.000000,offer
86791.578980,0.000000,offer
86792.976180,0.114814,offer
86761.928400,0.000000,bid
75930.344980,0.006541,bid
86765.231780,0.000000,bid
86762.407440,0.028757,bid
86761.000260,0.115029,bid
86760.850560,0.005482,bid
86758.026220,0.000000,bid
86755.860560,0.115035,bid
86755.770740,0.551162,bid
86754.313660,0.575188,bid
86734.683000,1.896551,bid
86714.323800,0.365118,bid
86714.293860,0.000000,bid
86694.743040,1.949878,bid
86666.070500,0.844438,bid
86813.185680,0.351146,offer
86813.195660,0.000000,offer
86875.700400,0.590186,offer
86875.750300,0.000000,offer
86876.778240,0.427475,offer
86876.788220,0.012007,offer
86887.067620,0.000000,offer
86762.417420,0.005482,bid
86760.850560,0.000000,bid
86676.309980,0.088563,bid
86667.327980,0.000000,bid
86767.906420,0.020000,bid
86791.928280,0.114814,offer
86791.938260,0.034516,offer
86792.976180,0.000000,offer
86764.114020,0.028756,bid
86762.427400,0.005482,bid
86762.417420,0.115027,bid
86762.407440,0.000000,bid
86761.000260,0.000000,bid
86714.333780,0.365118,bid
86714.323800,0.000000,bid
86677.278040,0.000000,bid
86677.268060,0.000000,bid
83555.284540,0.000000,bid
82330.788440,0.000000,bid
86875.690420,0.590186,offer
86875.700400,0.000000,offer
86767.906420,0.000000,bid
86764.114020,0.000000,bid
86589.414120,1.897777,bid
83907.149400,0.000000,bid
83134.837120,0.000000,bid
86876.758280,0.427475,offer
86876.778240,0.000000,offer
86714.343760,0.365118,bid
86714.333780,0.000000,bid
86875.670460,0.590186,offer
86875.690420,0.000000,offer
86791.938260,0.000000,offer
86813.175700,0.351146,offer
86813.185680,0.000000,offer
86827.377240,1.246754,offer
86829.802380,0.277186,offer
86829.812360,0.000000,offer
86875.660480,0.590187,offer
86875.670460,0.000000,offer
87793.052020,0.021654,offer
86714.363720,0.365118,bid
86714.343760,0.000000,bid
86874.442920,0.902172,offer
86876.748300,0.427475,offer
86876.758280,0.000000,offer
86760.670920,0.000000,bid
86746.359600,0.000000,bid
86744.902520,0.000000,bid
86714.393660,0.365118,bid
86714.363720,0.000000,bid
86714.303840,0.000000,bid
86708.984500,0.143773,bid
86676.309980,0.000000,bid
86667.327980,0.088563,bid
86813.165720,0.351146,offer
86813.175700,0.000000,offer
86875.630540,0.590187,offer
86875.660480,0.000000,offer
86765.730780,0.028756,bid
86764.024200,0.115025,bid
86760.830600,0.994388,bid
86757.637000,0.575165,bid
86755.860560,0.000000,bid
86755.770740,0.896288,bid
86754.313660,0.000000,bid
86752.666960,1.150397,bid
86714.403640,0.365118,bid
86714.393660,0.000000,bid
86791.948240,0.034516,offer
86875.610580,0.590187,offer
86875.630540,0.000000,offer
86876.738320,0.427475,offer
86876.748300,0.000000,offer
86765.231780,0.003256,bid
86762.427400,0.000000,bid
86691.409720,7.580000,bid
86714.413620,0.365118,bid
86714.403640,0.000000,bid
86708.984500,0.000000,bid
86676.309980,0.088560,bid
86667.327980,0.000000,bid
86875.600600,0.590187,offer
86875.610580,0.000000,offer
86717.068300,0.143765,bid
86714.433580,0.365118,bid
86714.413620,0.000000,bid
83298.788560,0.016773,bid
75930.344980,0.000000,bid
86813.155740,0.351146,offer
86813.165720,0.000000,offer
86875.580640,0.590187,offer
86875.600600,0.000000,offer
86876.728340,0.427475,offer
86876.738320,0.000000,offer
86744.573180,0.000000,bid
86552.288520,0.000000,bid
84279.393420,0.000000,bid
86795.790540,0.000000,offer
86796.808500,0.000000,offer
86827.377240,0.000000,offer
86827.387220,0.000000,offer
86768.874480,0.000125,bid
86768.864500,0.020000,bid
86717.467500,0.497617,bid
86714.014420,0.000000,bid
84292.357440,0.011840,bid
86777.537120,0.283941,offer
86795.790540,0.731877,offer
86875.560680,0.590187,offer
86875.580640,0.000000,offer
86777.527140,0.006851,bid
86768.914400,0.000125,bid
86768.904420,0.002852,bid
86768.894440,0.172371,bid
86768.884460,0.000000,bid
86768.874480,0.000000,bid
86768.864500,0.000000,bid
86768.854520,0.000000,bid
86765.231780,0.000000,bid
86741.229880,0.224464,bid
86717.467500,1.444587,bid
86714.453540,0.365117,bid
86714.433580,0.000000,bid
86691.419700,4.649980,bid
86664.733180,0.011742,bid
86829.792400,0.277186,offer
86829.802380,0.000000,offer
86876.718360,0.427475,offer
86876.728340,0.000000,offer
86769.014200,0.000125,bid
86769.004220,0.002208,bid
86768.994240,0.153880,bid
86768.914400,0.000000,bid
86768.904420,0.000000,bid
86742.068200,0.912766,bid
86714.543360,0.365117,bid
86714.453540,0.000000,bid
86713.465520,0.538969,bid
86713.425600,0.000000,bid
86711.509440,1.612348,bid
86791.948240,0.000000,offer
86795.810500,0.886500,offer
83773.816600,0.000000,bid
82785.676840,0.000000,bid
86795.790540,1.172292,offer
86826.389220,1.556622,offer
86769.014200,0.000000,bid
86769.004220,0.000125,bid
86766.828580,0.028755,bid
86765.730780,0.000000,bid
86764.034180,0.005482,bid
86714.553340,0.365117,bid
86714.543360,0.000000,bid
86713.475500,0.538969,bid
86713.465520,0.000000,bid
86777.527140,0.006826,bid
86766.828580,0.000000,bid
86764.503240,0.028756,bid
86764.034180,0.000000,bid
86764.024200,0.000000,bid
86762.427400,0.005482,bid
86758.445380,0.115032,bid
86714.583280,0.365117,bid
86714.553340,0.000000,bid
86777.527140,0.012477,bid
86769.044140,0.000125,bid
86769.034160,0.003827,bid
86769.024180,0.250746,bid
86769.014200,0.000000,bid
86769.004220,0.000000,bid
86768.894440,0.000000,bid
86766.259720,0.028755,bid
86764.553140,0.115024,bid
86764.503240,0.000000,bid
86762.427400,0.000000,bid
86758.445380,0.000000,bid
86713.485480,0.538969,bid
86713.475500,0.000000,bid
86791.948240,0.034516,offer
86826.379240,1.228555,offer
86869.572680,0.200430,offer
86875.540720,0.590187,offer
86875.560680,0.000000,offer
86791.948240,0.000000,offer
86766.259720,0.000000,bid
86765.221800,0.254046,bid
86714.633180,0.365117,bid
86714.583280,0.000000,bid
86713.495460,0.538969,bid
86713.485480,0.000000,bid
86875.530740,0.590187,offer
86875.540720,0.000000,offer
87076.248500,0.000000,offer
86696.479560,0.000000,bid
86680.301980,0.000000,bid
86666.519600,0.000000,bid
86639.723300,0.000000,bid
86594.963000,0.000000,bid
86469.115200,0.000000,bid
86256.451380,0.000000,bid
86008.468340,0.000000,bid
86828.185620,0.000000,offer
86836.828300,0.000000,offer
86855.051780,0.000000,offer
86894.512700,0.000000,offer
86954.871740,0.000000,offer
87218.493440,0.000000,offer
87440.608320,0.000000,offer
86714.653140,0.365117,bid
86714.633180,0.000000,bid
86875.510780,0.590188,offer
86875.530740,0.000000,offer
87793.052020,0.000000,offer
87851.195500,0.001232,offer
75930.344980,0.006541,bid
86769.074080,0.000125,bid
86769.064100,0.001689,bid
86769.054120,0.020000,bid
86769.044140,0.000000,bid
86769.034160,0.000000,bid
86714.663120,0.365117,bid
86714.653140,0.000000,bid
86653.695300,0.000000,bid
86308.407260,0.000000,bid
86875.500800,0.590188,offer
86875.510780,0.000000,offer
86791.010120,0.012477,offer
86791.578980,0.114814,offer
86791.928280,0.000000,offer
86769.104020,0.000125,bid
86769.094040,0.915966,bid
86769.084060,1.100000,bid
86769.074080,0.000000,bid
86769.064100,0.000000,bid
86769.054120,0.000000,bid
86769.044140,0.000000,bid
86769.034160,0.000000,bid
86769.024180,0.000000,bid
86766.579080,0.028755,bid
86765.221800,0.225290,bid
86742.078180,0.772123,bid
86741.229880,0.000000,bid
86714.673100,0.365117,bid
86714.663120,0.000000,bid
86713.525400,0.538969,bid
86713.495460,0.000000,bid
86711.519420,1.015196,bid
86666.070500,0.000000,bid
86653.695300,0.050000,bid
86651.898900,0.000000,bid
86875.480840,0.590188,offer
86875.500800,0.000000,offer
86769.114000,0.000125,bid
86769.104020,0.003982,bid
86769.094040,0.912415,bid
86791.010120,0.000000,offer
86791.578980,0.000000,offer
86792.976180,0.114814,offer
86768.994240,0.000000,bid
86766.579080,0.000000,bid
86765.112020,0.028756,bid
86764.553140,0.000000,bid
86761.189880,0.115028,bid
86714.723000,0.365116,bid
86714.673100,0.000000,bid
86713.535380,0.538969,bid
86713.525400,0.000000,bid
83736.521340,0.000000,bid
86765.112020,0.000000,bid
86762.417420,0.000000,bid
86761.189880,0.000000,bid
86760.840580,0.000000,bid
86760.830600,0.699169,bid
86759.503260,0.000000,bid
86757.637000,0.000000,bid
86755.790700,0.372481,bid
86755.780720,0.228326,bid
86755.770740,0.000000,bid
86754.702880,0.115037,bid
86752.666960,0.000000,bid
86751.708880,0.000000,bid
86750.152000,0.575215,bid
86747.906500,0.000000,bid
86742.726880,1.150529,bid
86725.980440,0.119551,bid
86724.174060,0.000000,bid
86711.758940,2.877349,bid
86760.461340,0.000000,bid
86755.810660,0.372481,bid
86755.800680,0.228326,bid
86755.790700,0.000000,bid
86755.780720,0.000000,bid
86754.702880,0.000000,bid
86750.152000,0.000000,bid
86747.397520,1.150467,bid
86742.726880,0.000000,bid
86714.742960,0.365116,bid
86714.723000,0.000000,bid
86681.040500,0.397673,bid
86676.309980,0.000000,bid
86675.321960,0.088561,bid
86651.898900,0.577269,bid
86589.414120,0.000000,bid
84234.543300,0.011848,bid
83733.657080,0.014302,bid
86875.470860,0.590188,offer
86875.480840,0.000000,offer
86714.762920,0.365116,bid
86714.742960,0.000000,bid
86713.545360,0.531180,bid
86713.535380,0.000000,bid
86791.010120,0.012477,offer
86791.578980,0.114814,offer
86792.976180,0.000000,offer
86714.782880,0.365116,bid
86714.762920,0.000000,bid
86791.010120,0.000000,offer
86791.578980,0.000000,offer
86792.976180,0.114814,offer
86875.440920,0.590188,offer
86875.470860,0.000000,offer
86837.956040,0.047787,offer
86714.822800,0.365116,bid
86714.782880,0.000000,bid
86791.010120,0.012477,offer
86791.578980,0.114814,offer
86792.976180,0.000000,offer
86875.401000,0.590188,offer
86875.440920,0.000000,offer
86769.133960,0.000125,bid
86769.123980,0.001433,bid
86769.114000,0.020000,bid
86769.104020,0.000000,bid
86755.820640,0.228326,bid
86755.810660,0.000000,bid
86755.800680,0.000000,bid
86769.114000,0.000000,bid
86714.852740,0.365116,bid
86714.822800,0.000000,bid
75930.344980,0.000000,bid
86777.537120,0.283938,offer
86791.010120,0.000000,offer
86875.371060,0.590189,offer
86875.401000,0.000000,offer
87846.944020,0.001200,offer
87851.195500,0.000000,offer
86769.143940,0.000125,bid
86769.133960,0.002492,bid
86769.123980,0.000000,bid
86747.407500,0.814138,bid
86720.651120,0.348539,bid
86791.578980,0.000000,offer
86792.976180,0.114814,offer
86769.104020,0.002640,bid
86714.862720,0.365116,bid
86714.852740,0.000000,bid
86713.555340,0.531180,bid
86713.545360,0.000000,bid
82860.007880,0.000000,bid
86875.351100,0.590189,offer
86875.371060,0.000000,offer
86769.143940,0.000000,bid
86769.133960,0.000000,bid
86769.114000,0.000125,bid
86768.994240,0.150225,bid
83775.263700,0.014295,bid
82787.103980,0.019288,bid
86769.133960,0.000125,bid
86769.123980,0.003000,bid
86769.114000,0.020000,bid
86769.104020,0.000000,bid
86757.457360,0.228326,bid
86755.820640,0.000000,bid
86714.892660,0.365116,bid
86714.862720,0.000000,bid
86676.309980,0.088560,bid
86675.321960,0.000000,bid
86791.010120,0.012477,offer
86791.578980,0.114814,offer
86792.976180,0.000000,offer
86875.321160,0.590189,offer
86875.351100,0.000000,offer
86589.414120,1.897706,bid
87801.105880,0.000657,offer
87846.944020,0.000000,offer
86777.527140,0.012308,bid
86749.154000,1.000000,bid
86726.200000,3.005867,bid
86714.902640,0.365116,bid
86714.892660,0.000000,bid
86707.238000,0.000000,bid
86800.940220,1.461210,offer
86804.044000,1.000000,offer
86830.990000,3.000024,offer
86875.311180,0.590189,offer
86875.321160,0.000000,offer
86742.078180,0.000000,bid
86742.068200,0.000000,bid
86711.519420,0.000000,bid
86711.509440,0.000000,bid
86657.347980,0.000000,bid
86795.790540,0.731877,offer
86795.810500,0.000000,offer
86800.940220,0.942904,offer
86804.044000,0.000000,offer
86826.379240,0.000000,offer
86826.389220,0.000000,offer
86830.990000,0.000024,offer
86664.693260,0.034430,bid
86777.537120,0.283979,offer
86791.010120,0.000000,offer
86791.578980,0.000000,offer
86792.976180,0.114814,offer
86803.046000,0.000000,offer
86830.990000,3.000024,offer
86769.114000,0.000000,bid
86714.912620,0.365115,bid
86714.902640,0.000000,bid
83556.023060,0.015527,bid
82331.516980,0.021819,bid
86803.046000,1.000000,offer
86874.442920,2.269147,offer
86875.291220,0.590189,offer
86875.311180,0.000000,offer
86769.133960,0.000000,bid
86769.123980,0.000000,bid
86769.114000,0.000125,bid
86769.104020,0.003069,bid
86764.782680,0.000000,bid
86756.030220,0.235485,bid
86740.641060,1.150556,bid
86777.537120,0.283946,offer
86803.046000,0.000000,offer
86830.990000,0.000024,offer
86760.241780,0.115030,bid
86759.672920,0.000000,bid
86743.535260,0.883912,bid
86714.932580,0.365115,bid
86714.912620,0.000000,bid
86712.976500,1.619137,bid
86795.820480,0.907655,offer
86803.046000,1.000000,offer
86826.389220,1.653948,offer
86830.990000,3.000024,offer
86875.281240,0.590189,offer
86875.291220,0.000000,offer
86761.948360,0.000000,bid
86740.641060,0.000000,bid
86876.708380,0.406222,offer
86876.718360,0.000000,offer
86714.942560,0.365115,bid
86714.932580,0.000000,bid
86029.496200,0.000000,bid
85966.582280,0.000000,bid
86777.537120,0.283927,offer
86795.790540,1.184986,offer
86830.980020,3.871963,offer
86831.039900,0.000000,offer
86874.442920,0.902172,offer
86875.261280,0.590189,offer
86875.281240,0.000000,offer
86762.307640,0.000000,bid
86758.764740,0.115032,bid
86676.309980,0.000000,bid
86675.321960,0.088562,bid
86589.414120,0.000000,bid
86586.689580,1.897752,bid
86111.741380,0.061630,bid
86791.010120,0.012308,offer
86791.578980,0.114814,offer
86792.976180,0.000000,offer
86768.844540,0.000000,bid
86760.241780,0.000000,bid
86747.397520,0.000000,bid
86714.962520,0.365115,bid
86714.942560,0.000000,bid
86223.577260,0.000000,bid
86050.923260,0.090376,bid
86008.667940,0.102105,bid
86782.227720,0.006357,offer
86788.515120,0.000000,offer
86791.578980,0.114814,offer
86792.976180,0.000000,offer
86875.251300,0.590189,offer
86875.261280,0.000000,offer
86761.688880,0.028757,bid
86756.249780,0.115035,bid
86717.068300,0.000000,bid
86713.565320,0.531179,bid
86713.555340,0.000000,bid
86222.669080,0.002875,bid
86876.698400,0.406223,offer
86876.708380,0.000000,offer
86769.133960,0.000125,bid
86769.123980,0.003176,bid
86769.114000,0.000000,bid
86769.104020,0.000000,bid
86768.844540,0.118100,bid
86714.134180,0.143769,bid
86555.502080,0.006000,bid
86261.271720,0.828216,bid
86220.633160,0.000000,bid
86782.227720,0.000000,offer
86788.515120,0.015019,offer
86875.231340,0.590189,offer
86875.251300,0.000000,offer
86769.104020,0.003219,bid
86762.636980,0.028757,bid
86761.688880,0.000000,bid
86760.940380,0.115029,bid
86714.972500,0.365115,bid
86714.962520,0.000000,bid
75930.344980,0.005233,bid
86769.133960,0.000000,bid
86769.123980,0.000000,bid
86769.114000,0.000125,bid
86749.163980,0.675451,bid
86712.986480,2.745689,bid
86651.898900,0.000000,bid
75930.344980,0.006541,bid
86764.922400,0.000000,bid
86762.636980,0.000000,bid
86758.764740,0.000000,bid
86756.249780,0.000000,bid
86754.553180,0.000000,bid
86751.858580,1.150408,bid
86715.002440,0.365115,bid
86714.972500,0.000000,bid
83737.279820,0.014302,bid
86875.201400,0.590190,offer
86875.231340,0.000000,offer
86876.688420,0.406223,offer
86876.698400,0.000000,offer
86765.710820,0.000000,bid
86765.601040,0.000000,bid
86803.046000,1.000000,offer
86830.980020,0.000000,offer
86830.990000,0.000024,offer
86760.940380,0.000000,bid
86760.241780,0.028757,bid
86759.652960,0.000000,bid
86757.407460,0.000000,bid
86751.858580,0.000000,bid
86715.012420,0.365115,bid
86715.002440,0.000000,bid
86803.046000,0.000000,offer
86804.044000,1.000000,offer
86830.990000,3.000024,offer
86875.191420,0.590190,offer
86875.201400,0.000000,offer
86758.545180,0.115032,bid
86777.537120,0.282831,offer
86830.990000,0.000024,offer
87793.052020,0.021654,offer
86768.844540,0.000000,bid
86761.629000,0.028757,bid
86760.241780,0.000000,bid
86758.545180,0.000000,bid
86749.922460,0.000000,bid
86715.022400,0.365115,bid
86715.012420,0.000000,bid
86777.537120,0.282796,offer
86782.227720,0.006357,offer
86788.515120,0.000000,offer
86791.010120,0.000000,offer
86791.578980,0.000000,offer
86792.976180,0.114814,offer
86803.046000,1.000000,offer
86804.044000,0.000000,offer
86830.990000,3.000024,offer
86875.181440,0.590190,offer
86875.191420,0.000000,offer
86777.537120,0.282819,offer
86768.994240,0.000000,bid
86761.629000,0.000000,bid
86760.331600,0.028757,bid
86759.922420,0.115030,bid
86715.042360,0.365115,bid
86715.022400,0.000000,bid
86777.537120,0.400919,offer
86782.217740,0.006357,offer
86782.227720,0.000000,offer
86791.578980,0.114814,offer
86792.976180,0.000000,offer
86803.046000,0.000000,offer
86875.161480,0.590190,offer
86875.181440,0.000000,offer
86876.678440,0.406223,offer
86876.688420,0.000000,offer
86761.948360,0.028757,bid
86760.331600,0.000000,bid
86758.076120,0.115032,bid
86755.611060,0.115036,bid
86791.578980,0.000000,offer
86792.976180,0.114814,offer
86802.048000,1.000000,offer
86826.000000,3.100000,offer
86830.990000,0.000024,offer
86715.052340,0.365115,bid
86715.042360,0.000000,bid
86777.537120,0.282819,offer
86782.217740,0.000000,offer
86782.227720,0.006357,offer
86791.578980,0.114814,offer
86792.976180,0.000000,offer
86802.048000,0.000000,offer
86875.151500,0.590190,offer
86875.161480,0.000000,offer
86769.133960,0.000125,bid
86769.123980,0.002831,bid
86769.114000,0.020000,bid
86769.104020,0.000000,bid
86791.578980,0.000000,offer
86792.976180,0.114814,offer
86803.046000,1.000000,offer
86813.145760,0.351146,offer
86813.155740,0.000000,offer
86876.668460,0.406223,offer
86876.678440,0.000000,offer
86777.537120,0.389870,offer
86769.114000,0.000000,bid
86748.445420,0.012308,bid
86715.062320,0.365115,bid
86715.052340,0.000000,bid
86782.227720,0.000000,offer
86788.515120,0.014875,offer
86789.782580,0.012308,offer
86791.578980,0.114814,offer
86792.976180,0.000000,offer
86803.046000,0.000000,offer
86875.131540,0.590190,offer
86875.151500,0.000000,offer
86769.133960,0.000000,bid
86769.123980,0.000000,bid
86769.114000,0.000125,bid
86769.104020,0.002470,bid
86756.030220,0.620188,bid
86753.046200,0.575196,bid
86746.649020,1.150477,bid
39925.988000,0.000625,bid
86777.537120,0.388253,offer
86802.048000,1.000000,offer
86715.092260,0.365115,bid
86715.062320,0.000000,bid
86789.782580,0.000000,offer
86791.578980,0.000000,offer
86792.976180,0.114814,offer
86875.101600,0.590190,offer
86875.131540,0.000000,offer
87801.105880,0.000648,offer
86769.133960,0.000125,bid
86769.123980,0.003045,bid
86769.114000,0.020000,bid
86769.104020,0.000000,bid
83907.897900,0.013083,bid
83135.575640,0.016806,bid
86800.940220,1.461210,offer
86813.135780,0.351146,offer
86813.145760,0.000000,offer
86831.039900,2.071949,offer
86874.442920,1.297732,offer
86876.658480,0.406223,offer
86876.668460,0.000000,offer
86777.527140,0.006657,bid
86769.114000,0.000000,bid
86715.102240,0.365115,bid
86715.092260,0.000000,bid
86875.091620,0.590190,offer
86875.101600,0.000000,offer
86777.537120,0.388249,offer
86769.133960,0.000000,bid
86769.123980,0.000000,bid
86769.114000,0.000125,bid
86769.104020,0.002916,bid
86765.221800,0.158880,bid
86761.948360,0.000000,bid
86761.469320,0.000000,bid
86759.922420,0.000000,bid
86758.076120,0.000000,bid
86756.229820,0.028759,bid
86756.030220,0.344095,bid
86753.046200,0.000000,bid
86752.407480,0.115040,bid
86750.321660,0.115043,bid
86747.407500,0.814138,bid
86746.649020,0.000000,bid
86715.122200,0.365115,bid
86715.102240,0.000000,bid
86703.405680,0.110139,bid
86686.599360,0.000000,bid
75930.344980,0.000000,bid
86875.081640,0.590190,offer
86875.091620,0.000000,offer
86768.844540,0.000000,bid
86757.756760,0.115033,bid
86756.229820,0.000000,bid
86756.030220,0.235485,bid
86755.611060,0.000000,bid
86752.407480,0.000000,bid
86750.321660,0.000000,bid
86748.724860,1.150449,bid
86794.892340,0.000000,offer
86799.652800,0.022666,offer
86800.940220,0.942904,offer
86802.048000,0.000000,offer
86803.864360,0.000000,offer
86818.215600,0.043682,offer
86760.710840,0.056438,bid
86757.756760,0.000000,bid
86715.132180,0.365115,bid
86715.122200,0.000000,bid
84292.357440,0.000000,bid
83298.788560,0.000000,bid
86777.537120,0.387438,offer
86789.553040,0.006657,offer
86791.578980,0.114814,offer
86792.976180,0.000000,offer
86803.046000,0.000000,offer
86875.061680,0.590191,offer
86875.081640,0.000000,offer
86713.575300,0.531179,bid
86713.565320,0.000000,bid
86777.537120,0.387452,offer
86803.046000,0.000000,offer
86813.125800,0.351147,offer
86813.135780,0.000000,offer
86876.648500,0.406223,offer
86876.658480,0.000000,offer
86768.844540,0.118100,bid
86741.219900,0.294477,bid
86802.048000,1.000000,offer
86715.162120,0.365114,bid
86715.132180,0.000000,bid
86789.553040,0.000000,offer
86791.578980,0.000000,offer
86792.976180,0.114814,offer
86875.031740,0.590191,offer
86875.061680,0.000000,offer
86777.527140,0.010264,bid
86768.994240,0.153700,bid
86715.172100,0.365114,bid
86715.162120,0.000000,bid
86777.537120,0.280383,offer
86796.618880,0.149488,offer
86802.048000,0.000000,offer
86875.021760,0.590191,offer
86875.031740,0.000000,offer
86876.638520,0.406223,offer
86876.648500,0.000000,offer
86777.527140,0.010047,bid
86694.743040,0.255000,bid
86694.493540,0.000000,bid
83299.527080,0.016773,bid
86782.227720,0.006357,offer
86788.515120,0.000000,offer
86802.048000,0.000000,offer
86813.115820,0.351147,offer
86813.125800,0.000000,offer
86767.746740,0.000000,bid
86765.381480,0.115023,bid
86759.842580,0.575151,bid
86748.724860,0.000000,bid
86721.888640,2.877013,bid
86804.044000,1.000000,offer
86760.830600,1.096219,bid
86715.202040,0.365114,bid
86715.172100,0.000000,bid
86526.600000,2.310225,bid
86789.553040,0.006657,offer
86791.578980,0.114814,offer
86792.976180,0.000000,offer
86874.991820,0.590191,offer
86875.021760,0.000000,offer
86666.070500,1.726118,bid
86715.212020,0.365114,bid
86715.202040,0.000000,bid
86789.553040,0.000000,offer
86791.578980,0.000000,offer
86792.976180,0.114814,offer
86803.046000,1.000000,offer
86804.044000,0.000000,offer
86874.981840,0.590191,offer
86874.991820,0.000000,offer
86876.628540,0.406223,offer
86876.638520,0.000000,offer
87793.052020,0.000000,offer
87851.195500,0.001232,offer
86769.143940,0.000125,bid
86769.133960,0.003561,bid
86769.123980,0.020000,bid
86769.114000,0.000000,bid
86769.104020,0.000000,bid
86715.231980,0.365114,bid
86715.212020,0.000000,bid
82860.746400,0.019271,bid
86813.105840,0.351147,offer
86813.115820,0.000000,offer
86874.961880,0.590191,offer
86874.981840,0.000000,offer
86769.143940,0.000000,bid
86769.133960,0.000000,bid
86769.123980,0.000000,bid
86769.114000,0.000125,bid
86769.104020,0.003452,bid
86715.241960,0.365114,bid
86715.231980,0.000000,bid
86800.940220,1.434996,offer
86826.379240,1.277336,offer
86874.442920,0.902172,offer
86874.951900,0.590191,offer
86874.961880,0.000000,offer
86765.381480,0.000000,bid
86759.842580,0.000000,bid
86745.211900,1.150496,bid
86721.888640,0.000000,bid
86695.601320,2.877885,bid
86800.940220,0.942904,offer
86803.046000,0.000000,offer
86876.618560,0.406223,offer
86876.628540,0.000000,offer
86768.844540,0.000000,bid
86747.407500,1.242735,bid
86715.251940,0.365114,bid
86715.241960,0.000000,bid
86695.611300,1.981731,bid
86694.743040,0.000000,bid
86666.070500,0.000000,bid
75930.344980,0.006541,bid
86789.822500,0.010047,offer
86791.578980,0.114814,offer
86792.976180,0.000000,offer
86804.044000,1.000000,offer
86874.931940,0.590192,offer
86874.951900,0.000000,offer
86768.844540,0.118100,bid
86762.337580,0.033371,bid
86760.690880,0.115029,bid
86756.030220,0.551161,bid
86754.473340,0.575186,bid
86813.095860,0.351147,offer
86813.105840,0.000000,offer
86763.854540,0.028756,bid
86762.337580,0.004615,bid
86715.271900,0.365114,bid
86715.251940,0.000000,bid
84234.543300,0.000000,bid
83733.657080,0.000000,bid
86874.921960,0.590192,offer
86874.931940,0.000000,offer
86763.854540,0.000000,bid
86762.726800,0.028757,bid
86758.535200,0.115032,bid
86715.281880,0.365114,bid
86715.271900,0.000000,bid
86874.911980,0.590192,offer
86874.921960,0.000000,offer
86765.810620,0.028756,bid
86762.726800,0.000000,bid
86758.535200,0.000000,bid
86756.030220,0.235485,bid
86754.473340,0.000000,bid
86715.311820,0.365114,bid
86715.281880,0.000000,bid
86874.882040,0.590192,offer
86874.911980,0.000000,offer
86876.608580,0.406223,offer
86876.618560,0.000000,offer
86777.527140,0.006440,bid
86764.163920,0.115024,bid
86769.133960,0.000125,bid
86769.123980,0.003618,bid
86769.114000,0.040000,bid
86769.104020,0.000000,bid
86767.387460,0.028755,bid
86765.810620,0.000000,bid
86765.740760,0.115022,bid
86760.840580,0.228326,bid
86757.457360,0.000000,bid
86754.643000,1.150371,bid
86747.407500,0.814138,bid
86745.211900,0.000000,bid
86721.659100,2.074751,bid
86721.649120,2.877021,bid
86720.651120,0.000000,bid
86715.331780,0.365114,bid
86715.311820,0.000000,bid
86713.585280,0.531179,bid
86713.575300,0.000000,bid
86712.986480,0.000000,bid
86711.758940,0.000000,bid
86804.044000,0.000000,offer
86767.387460,0.000000,bid
86765.740760,0.000000,bid
86764.163920,0.000000,bid
86760.830600,0.699169,bid
86760.690880,0.000000,bid
86758.744780,0.028758,bid
86756.050180,0.115035,bid
86756.030220,0.235485,bid
86754.643000,0.000000,bid
86752.447400,0.000000,bid
86721.659100,0.000000,bid
86721.649120,0.000000,bid
86803.046000,0.000000,offer
86874.862080,0.607045,offer
86874.882040,0.000000,offer
86769.094040,0.682517,bid
86768.994240,0.000000,bid
86768.844540,0.000000,bid
86767.896440,0.000000,bid
86758.744780,0.000000,bid
86749.163980,0.000000,bid
86749.154000,0.000000,bid
86748.784740,0.000000,bid
86738.724900,0.005752,bid
86715.341760,0.365114,bid
86715.331780,0.000000,bid
86714.134180,0.000000,bid
86708.984500,0.143777,bid
86777.537120,0.526489,offer
86782.227720,0.000000,offer
86788.515120,0.014943,offer
86799.652800,0.079720,offer
86803.046000,0.000000,offer
86806.189700,0.000147,offer
86807.976120,0.036353,offer
86814.562920,0.000000,offer
86822.047920,0.000000,offer
86830.690600,0.031629,offer
86843.744440,0.000000,offer
86748.156000,1.000000,bid
86801.050000,1.000000,offer
86874.852100,0.607045,offer
86874.862080,0.000000,offer
86758.345580,0.028758,bid
86715.361720,0.365114,bid
86715.341760,0.000000,bid
86806.189700,0.000000,offer
86811.568920,0.000147,offer
87801.105880,0.000636,offer
86769.133960,0.000000,bid
86769.123980,0.002610,bid
86768.844540,0.118100,bid
86759.642980,0.028758,bid
86758.345580,0.000000,bid
86758.006260,0.115033,bid
86754.543200,0.115037,bid
86747.407500,0.000000,bid
86743.535260,0.000000,bid
86715.371700,0.365114,bid
86715.361720,0.000000,bid
86712.976500,0.000000,bid
86777.537120,0.408389,offer
86795.790540,0.731877,offer
86795.820480,0.000000,offer
86801.050000,0.000000,offer
86813.085880,0.351147,offer
86813.095860,0.000000,offer
86826.379240,0.000000,offer
86826.389220,0.000000,offer
86874.442920,2.269147,offer
86874.832140,0.607045,offer
86874.852100,0.000000,offer
87608.032800,0.000000,offer
87610.358140,0.002470,offer
86777.527140,0.008564,bid
86769.143940,0.000125,bid
86769.133960,0.020000,bid
86769.123980,0.002485,bid
86653.695300,0.000000,bid
86601.709480,0.000000,bid
86308.407260,0.050000,bid
86219.864700,0.050000,bid
86802.048000,1.000000,offer
86876.598600,0.406223,offer
86876.608580,0.000000,offer
86769.153920,0.000125,bid
86769.143940,0.002574,bid
86769.123980,0.000000,bid
86761.259740,0.028757,bid
86759.642980,0.000000,bid
86759.613040,0.115030,bid
86754.543200,0.000000,bid
86653.695300,0.000000,bid
86308.407260,0.000000,bid
86802.048000,0.000000,offer
86874.822160,0.607045,offer
86874.832140,0.000000,offer
87851.195500,0.000000,offer
86761.259740,0.000000,bid
86756.050180,0.000000,bid
86715.381680,0.365114,bid
86715.371700,0.000000,bid
86308.407260,0.050000,bid
86777.537120,0.452325,offer
86800.940220,1.434996,offer
86802.048000,1.000000,offer
86764.183880,0.028756,bid
86763.285680,0.115026,bid
86758.006260,0.000000,bid
86748.445420,0.000000,bid
86742.696940,0.914781,bid
86742.686960,1.150529,bid
86741.219900,0.294461,bid
86738.784780,0.883847,bid
86708.994480,0.134053,bid
86708.226020,1.628299,bid
86666.070500,3.454640,bid
86219.864700,0.000000,bid
75930.344980,0.000000,bid
86777.537120,0.398095,offer
86789.822500,0.000000,offer
86791.578980,0.000000,offer
86792.976180,0.114814,offer
86795.790540,1.259816,offer
86795.820480,0.882960,offer
86800.940220,0.942904,offer
86802.048000,0.000000,offer
86826.379240,1.227441,offer
86826.389220,1.570789,offer
86874.442920,0.902172,offer
86874.812180,0.607045,offer
86874.822160,0.000000,offer
86769.173880,0.000125,bid
86769.163900,0.003401,bid
86769.153920,0.079645,bid
86769.143940,0.000000,bid
86763.285680,0.000000,bid
86760.022220,0.115030,bid
86759.613040,0.000000,bid
86758.056160,0.115033,bid
86756.030220,0.551159,bid
86755.112060,0.575182,bid
86748.505300,1.150452,bid
86742.686960,1.150549,bid
86715.411620,0.365113,bid
86715.381680,0.000000,bid
86713.605240,0.531179,bid
86713.585280,0.000000,bid
86653.695300,0.050000,bid
86219.864700,0.050000,bid
86777.537120,0.270089,offer
86782.227720,0.006478,offer
86788.515120,0.000000,offer
86802.048000,0.000000,offer
86813.075900,0.351147,offer
86813.085880,0.000000,offer
86830.690600,0.000000,offer
86838.993960,0.031629,offer
86803.046000,1.000000,offer
86764.183880,0.000000,bid
86762.926400,0.000000,bid
86760.022220,0.000000,bid
86756.030220,0.235485,bid
86755.112060,0.000000,bid
86742.696940,0.914802,bid
86742.686960,1.150529,bid
86715.441560,0.365113,bid
86715.411620,0.000000,bid
86219.864700,0.000000,bid
83775.263700,0.000000,bid
83556.023060,0.000000,bid
82787.103980,0.000000,bid
82331.516980,0.000000,bid
86874.802200,0.607045,offer
86874.812180,0.000000,offer
86769.133960,0.000000,bid
86760.690880,0.000000,bid
86760.611040,0.115029,bid
86742.696940,0.914817,bid
86715.461520,0.365113,bid
86715.441560,0.000000,bid
86874.792220,0.607045,offer
86874.802200,0.000000,offer
86777.527140,0.006440,bid
87793.052020,0.021654,offer
86762.257740,0.028757,bid
86755.760760,0.115036,bid
86749.064180,0.008564,bid
86777.537120,0.270033,offer
86790.091960,0.008564,offer
86791.578980,0.114814,offer
86792.976180,0.000000,offer
86715.471500,0.365113,bid
86715.461520,0.000000,bid
84236.000380,0.011848,bid
83735.114160,0.014302,bid
86777.537120,0.266680,offer
86874.772260,0.607045,offer
86874.792220,0.000000,offer
86768.844540,0.118100,bid
86502.019260,0.118100,bid
86715.501440,0.365113,bid
86715.471500,0.000000,bid
86777.537120,0.266748,offer
86874.752300,0.607045,offer
86874.772260,0.000000,offer
86764.283680,0.028756,bid
86762.636980,0.115026,bid
86762.257740,0.000000,bid
86756.030220,0.551162,bid
86755.760760,0.000000,bid
86754.393500,0.575187,bid
86711.689080,2.877351,bid
86717.068300,0.143765,bid
86708.994480,0.000000,bid
86708.984500,0.000000,bid
83907.897900,0.000000,bid
83135.575640,0.000000,bid
86769.183860,0.020000,bid
86715.521400,0.365113,bid
86715.501440,0.000000,bid
86551.649800,0.000000,bid
83908.596500,0.013083,bid